Family_Genus,Expert,Family,Genus,Surrogate species,Most Common Life Form,Age (Ma),Number of Species,n_spaecies fabian,Divergence Rate (eps0),Divergence Rate (eps 0.5),Divergence Rate (eps 0.9),Dry or Fleshy Fruit,Minimum Seed Number,Maximum Seed Number,Mean Seed Number per Fruit,fm_scoring_seed_number,Minimum Seed Length,Maximum Seed Length,Mean Seed Length,seed.width.min,seed.width.max,fm_scoring_pollination1,fm_scoring_pollination2,Corolla.diameter..min...max...prevalent.,Minimum Corolla Diameter,Maximum Corolla Diameter,Mean Corolla Diameter,fm_scoring_corolla_diam,,,,,,
Myrtaceae_Conothamnus,Peter Wilson,Myrtaceae,Conothamnus,Myrtaceae_Conothamnus_aureus,woody perennial,NA,3,,NA,NA,NA,Dry,3,6,4.5,6,1,1,1,NA,NA,insects,biotic,petals absent,0,0,0,0,,,,,,
Myrtaceae_Myrteola,Eve Lucas,Myrtaceae,Myrteola,Myrtaceae_Myrteola_acerosa,woody perennial,35.952,5,,0.045,0.031,0.009,Fleshy,5,12,8.5,8.5,1.5,2,1.75,1,1.8,insects,biotic,NA,0.6,1,0.8,0.8,,,,,,
Myrtaceae_Lophomyrtus,Eve Lucas,Myrtaceae,Lophomyrtus,Myrtaceae_Lophomyrtus_obcordata,woody perennial,36.035,3,,0.03,0.019,0.005,Fleshy,2,8,5,5,2,4,3,2.8,3,insects,biotic,NA,0.9,1.1,1,1,,,,,,
Penaeaceae_Rhynchocalyx,Fabian Michelangeli,Penaeaceae,Rhynchocalyx,Penaeaceae_Rhynchocalyx_lawsonioides,woody perennial,31.381,1,,0,0,0,Dry,30,60,45,45,4,5,4.5,2,3,insects,biotic,n/a,0.9,1.1,1,1,changed by Eve,"Schönenberger, J., Conti, E., & Rutschmann, F. (2007). Penaeaceae. In Flowering Plants· Eudicots (pp. 282-291). Springer, Berlin, Heidelberg. Eve to check in Kew",,,,
Combretaceae_Conocarpus,"Olivier Maurin, Ian Turner",Combretaceae,Conocarpus,Combretaceae_Conocarpus_erectus,woody perennial,77.75,2,,0.009,0.005,0.001,Dry,1,1,1,1,2,4,3,1,2,insects,biotic,absent,1,1.5,1.25,1.25,,,,,,
Myrtaceae_Myrcia,Eve Lucas,Myrtaceae,Myrcia,Myrtaceae_Myrcia_tomentosa,woody perennial,40.224,769,,0.165,0.148,0.108,Fleshy,1,6,3.5,3.5,2.5,3.5,3,2,3,insects,biotic,NA,0.6,2,1.3,1.3,,,,,,
Myrtaceae_Corynanthera,Peter Wilson,Myrtaceae,Corynanthera,Myrtaceae_Corynanthera_flava,woody perennial,28.11,1,,0,0,0,Dry,1,1,1,1.5,2,2,2,NA,NA,insects,biotic,c. 1.5 mm,1.5,1.5,1.5,1.5,,,,,,
Myrtaceae_Neomitranthes,Aline Stadnik,Myrtaceae,Neomitranthes,Myrtaceae_Neomitranthes_cordifolia,woody perennial,17.444,13,,0.147,0.112,0.045,Fleshy,1,4,2.5,2.5,3.5,10,6.75,2.5,7.5,insects,biotic,"0.5 - 2,5 mm",0.5,2.5,1.5,1.5,,,,,,
Myrtaceae_Ugni,Eve Lucas,Myrtaceae,Ugni,Myrtaceae_Ugni_myricoides,woody perennial,35.952,4,,0.039,0.025,0.007,Fleshy,10,15,12.5,12.5,1.2,2,1.6,1,1.5,insects,biotic,NA,1.2,2,1.6,1.6,,,,,,
Myrtaceae_Pilidiostigma,Eve Lucas,Myrtaceae,Pilidiostigma,Myrtaceae_Pilidiostigma_tropicum,woody perennial,48.372,6,,0.037,0.026,0.008,Fleshy,5,9,7,7,3,6,4.5,2.5,4,insects,biotic,NA,1.5,1.9,1.7,1.7,,,,,,
Myrtaceae_Tristaniopsis,Peter Wilson,Myrtaceae,Tristaniopsis,Myrtaceae_Tristaniopsis_whiteana,woody perennial,61.792,53,,0.064,0.053,0.03,Dry,4,12,8,10,1,14,7.5,0.5,5,NA,NA,1-3 mm,1,3,2,2,,,,,,
Myrtaceae_Plinia,Aline Stadnik,Myrtaceae,Plinia,Myrtaceae_Plinia_pinnata,woody perennial,32.829,80,,0.133,0.113,0.067,Fleshy,1,2,1.5,1.5,4.5,32,18.25,3.5,30.6,insects,biotic,0.8 - 4 mm ,0.8,4,2.4,2.4,,,,,,
Myrtaceae_Mitrantia,Peter Wilson,Myrtaceae,Mitrantia,Myrtaceae_Mitrantia_bilocularis,woody perennial,49.049,1,,0,0,0,Dry,1,2,1.5,2,6,8,7,NA,NA,NA,NA, to 2.5 mm,2.5,2.5,2.5,2.5,,,,,,
Myrtaceae_Ochrosperma,Peter Wilson,Myrtaceae,Ochrosperma,Myrtaceae_Ochrosperma_lineare,woody perennial,41.67,6,,0.043,0.03,0.01,Dry,3,3,3,4.5,1.3,1.3,1.3,NA,NA,insects,biotic,c. 2.5 mm,2.5,2.5,2.5,2.5,,,,,,
Melastomataceae_Styrophyton,Darin Penneys,Melastomataceae,Styrophyton,Melastomataceae_Styrophyton_caudatum,woody perennial,12.732,1,,0,0,0,Dry,100,100,100,100,0.6,0.7,0.65,NA,NA,insects,biotic,3; 3; 3,3,3,3,3,,,,,,
Melastomataceae_Leiostegia,Fabian Michelangeli,Melastomataceae,Leiostegia,Melastomataceae_Leiostegia_vernicosa,herbaceous perennial,NA,NA,1,NA,NA,NA,Dry,100,100,100,100,0.7,0.8,0.75,0.5,0.6,insects,biotic,3.8; 4.2,1.8,4.2,3,3,changed by Eve - monospecific genus resurrected recently,,,,,
Myrtaceae_Actinodium,Peter Wilson,Myrtaceae,Actinodium,Myrtaceae_Actinodium_cunninghamii,woody perennial,16.066,1,,0,0,0,Dry,1,1,1,1.5,NA,NA,,NA,NA,insects,biotic,c. 3 mm,3,3,3,3,,,,,,
Myrtaceae_Xanthostemon,Eve Lucas,Myrtaceae,Xanthostemon,Myrtaceae_Xanthostemon_aurantiacus,woody perennial,21.925,49,,0.178,0.147,0.08,Dry,50,70,60,60,3,4,3.5,2.5,3,insects,biotic,NA,2.2,3.8,3,3,,,,,,
Myrtaceae_Blepharocalyx,Carolyn Proenca,Myrtaceae,Blepharocalyx,Myrtaceae_Blepharocalyx_salicifolia,woody perennial,40.964,3,,0.027,0.017,0.004,Fleshy,1,11,6,6,3,10,6.5,NA,NA,insects,biotic,2.5mm; 4mm; 4mm,2.5,4,3.25,3.25,,,,,,
Melastomataceae_Memecylon,Fabian Michelangeli,Melastomataceae,Memecylon,Melastomataceae_Memecylon_rheophyticum,woody perennial,3.941,400,,1.52,1.345,0.942,Fleshy,1,1,1,1,6,10,8,6,9,insects,biotic,2; 2.5,2,5,3.5,3.5,changed by Eve,,,,,
Melastomataceae_Dicrananthera,Fabian Michelangeli,Melastomataceae,Dicrananthera,Melastomataceae_Dicrananthera_hedyotidea,herbaceous perennial,NA,NA,1,NA,NA,NA,Dry,100,100,100,100,0.6,0.8,0.7,0.3,0.45,insects,biotic,3; 4,3,4,3.5,3.5,changed by Eve,,,,,
Myrtaceae_Verticordia,Peter Wilson,Myrtaceae,Verticordia,Myrtaceae_Verticordia_huegelii,woody perennial,17.733,170,,0.29,0.251,0.163,Dry,1,1,1,1.5,1,1,1,NA,NA,NA,NA,3-4 mm,3,4,3.5,3.5,,,,,,
Myrtaceae_Myrciaria,Thiago Flores,Myrtaceae,Myrciaria,Myrtaceae_Myrciaria_disticha,woody perennial,33.889,32,,0.102,0.083,0.042,Fleshy,1,2,1.5,1.5,3,15,9,2,10,insects,biotic,Tetramery,1.8,5.6,3.7,3.7,,,,,,
Myrtaceae_Kunzea,Peter Wilson,Myrtaceae,Kunzea,Myrtaceae_Kunzea_,woody perennial,37.928,78,,0.115,0.097,0.057,Dry,1,17,9,9,0.5,0.65,0.575,0.1,0.2,insects,biotic,3-4.5 mm,3,4.5,3.75,3.75,,,,,,
Myrtaceae_Heteropyxis,Peter Wilson,Myrtaceae,Heteropyxis,Myrtaceae_Heteropyxis_natalensis,woody perennial,22.878,3,,0.048,0.03,0.008,Dry,10,20,15,20,1,2,1.5,NA,NA,insects,biotic,2.5-5 mm,2.5,5,3.75,3.75,,,,,,
Myrtaceae_Feijoa,Eve Lucas,Myrtaceae,Feijoa,Myrtaceae_Feijoa_sellowiana_Acca,woody perennial,45.021,1,,0,0,0,Fleshy,20,40,30,30,2,3,2.5,1.7,2,birds,biotic,NA,3.5,4,3.75,3.75,,,,,,
Myrtaceae_Kania,Peter Wilson,Myrtaceae,Kania,Myrtaceae_Kania_eugenioides,woody perennial,60.299,6,,0.03,0.021,0.007,Dry,90,110,100,100,2.5,3,2.75,0.4,0.5,insects,biotic,c. 3.5-4 mm (petals held ¬± erect),3.5,4,3.75,3.75,,,,,,
Melastomataceae_Sandemania,Fabian Michelangeli,Melastomataceae,Sandemania,Melastomataceae_Sandemania_hoehnei,woody perennial,11.749,1,,0,0,0,Dry,100,100,100,100,0.8,0.9,0.85,0.45,0.5,insects,biotic,3; 5,3,5,4,4,changed by EL,,,,,
Myrtaceae_Astus,Peter Wilson,Myrtaceae,Astus,Myrtaceae_Astus_tetragonus,woody perennial,25.163,4,,0.055,0.036,0.01,Dry,1,1,1,1.5,1.2,1.2,1.2,NA,NA,insects,biotic,3-5 mm,3,5,4,4,,,,,,
Myrtaceae_Homoranthus,Peter Wilson,Myrtaceae,Homoranthus,Myrtaceae_Homoranthus_thomasii,woody perennial,20.446,31,,0.168,0.136,0.068,Dry,1,1,1,1.5,1.5,1.5,1.5,NA,NA,vertebrates,biotic,c. 4 mm,4,4,4,4,,,,,,
Melastomataceae_Warneckea,Fabian Michelangeli,Melastomataceae,Warneckea,Melastomataceae_Warneckea_,woody perennial,3.941,49,,0.988,0.817,0.446,Fleshy,1,1,1,1,7,11,9,0.6,0.8,insects,biotic,NA,3,6,4.5,4.5,changed by Eve,,,,,
Melastomataceae_Macrocentrum,Fabian Michelangeli,Melastomataceae,Macrocentrum,Melastomataceae_Macrocentrum_droseroides,epiphyte,27.359,28,,0.122,0.098,0.048,Dry,100,100,100,100,0.45,0.55,0.5,0.3,0.4,insects,biotic,4.5,4.5,4.5,4.5,4.5,This is a really polyphyletic group so perhaps to go with the species in this case,,,,,
Myrtaceae_Micromyrtus,Peter Wilson,Myrtaceae,Micromyrtus,Myrtaceae_Micromyrtus_obovata,woody perennial,28.11,52,,0.141,0.117,0.064,Dry,1,1,1,1.5,1.2,1.2,1.2,NA,NA,NA,NA,4-5 mm,4,5,4.5,4.5,,,,,,
Myrtaceae_Malleostemon,Peter Wilson,Myrtaceae,Malleostemon,Myrtaceae_Malleostemon_,woody perennial,19.69,14,,0.134,0.102,0.042,Dry,1,1,1,1.5,1.5,1.5,1.5,NA,NA,insects,biotic,4-5 mm,4,5,4.5,4.5,,,,,,
Myrtaceae_Taxandria,Peter Wilson,Myrtaceae,Taxandria,Myrtaceae_Taxandria_,woody perennial,20.976,11,,0.122,0.093,0.038,Dry,3,3,3,4.5,1,1,1,NA,NA,insects,biotic,3.5-6,3.5,6,4.75,4.75,,,,,,
Myrtaceae_Triplarina,Peter Wilson,Myrtaceae,Triplarina,Myrtaceae_Triplarina_paludosa,woody perennial,25.163,9,,0.087,0.064,0.023,Dry,6,9,7.5,10.5,0.5,0.8,0.65,NA,NA,insects,biotic,4.5-5 mm,4.5,5,4.75,4.75,,,,,,
Myrtaceae_Psiloxylon,Peter Wilson,Myrtaceae,Psiloxylon,Myrtaceae_Psiloxylon_mauritianum,woody perennial,22.878,1,,0,0,0,Fleshy,40,200,120,120,0.6,0.8,0.7,0.4,0.5,insects,biotic,4.5-5 mm,4.5,5,4.75,4.75,"TV note: seed width from Tobe, H., & Raven, P. H. (1990)",,,,,
Melastomataceae_Spathandra,Darin Penneys,Melastomataceae,Spathandra,Melastomataceae_Spathandra_blakeoides,woody perennial,27.033,3,,0.041,0.026,0.007,Fleshy,1,2,1.5,1.5,2,3,2.5,NA,NA,insects,biotic,5,5,5,5,5,,,,,,
Myrtaceae_Siphoneugena,Carolyn Proen√ßa,Myrtaceae,Siphoneugena,Myrtaceae_Siphoneugena_guilfoyleiana,woody perennial,17.444,14,,0.151,0.116,0.048,Fleshy,1,4,2.5,2.5,7,7,7,NA,NA,insects,biotic,3mm; 7mm; 5mm,3,7,5,5,,,,,,
Myrtaceae_Stenostegia,Peter Wilson,Myrtaceae,Stenostegia,Myrtaceae_Stenostegia_congesta,woody perennial,37.726,1,,0,0,0,Dry,6,9,7.5,10.5,0.6,0.6,0.6,NA,NA,insects,biotic,5 mm,5,5,5,5,,,,,,
Myrtaceae_Ericomyrtus,Peter Wilson,Myrtaceae,Ericomyrtus,Myrtaceae_Ericomyrtus_serpyllifolia,woody perennial,28.273,4,,0.049,0.032,0.009,Dry,8,12,10,14,0.5,1,0.75,NA,NA,insects,biotic,4-5(-6) mm,4,6,5,5,,,,,,
Melastomataceae_Lijndenia,Fabian Michelangeli,Melastomataceae,Lijndenia,Melastomataceae_Lijndenia_procteri,woody perennial,24.789,16,,0.112,0.086,0.037,Fleshy,1,2,1.5,1.5,3,4,3.5,2.5,3,insects,biotic,NA,4,7,5.5,5.5,changed by Eve - monospecific genus resurrected recently,,,,,
Melastomataceae_Allomaieta,Fabian Michelangeli,Melastomataceae,Allomaieta,Melastomataceae_Allomaieta_hirsuta,woody perennial,18.079,9,,0.122,0.089,0.033,Dry,100,100,100,100,0.2,0.65,0.425,0.1,0.4,insects,biotic,6,5,6,5.5,5.5,changes by Eve,,,,,
Myrtaceae_Myrtus,Karinne Valdemarin,Myrtaceae,Myrtus,Myrtaceae_Myrtus_communis,woody perennial,28.339,6,,0.063,0.044,0.014,Fleshy,8,20,14,10,2,4,3,1,1.5,insects,biotic,4-7 mm long,4,7,5.5,5.5,,,,,,
Alzateaceae_Alzatea,Fabian Michelangeli,Alzateaceae,Alzatea,Alzateaceae_Alzatea_verticillata,woody perennial,39.364,3,,0.028,0.018,0.005,Dry,40,60,50,50,2,3,2.5,1,1.5,insects,biotic,4–7 mm (Alzateaceae in Kubitzki),4,7,5.5,6.5,"TV note: flower size (width) according to S Graham in Kubitzki; In her description of the family (1984), she also described seed length and width, which was also added here",,,,,
Penaeaceae_Olinia,Fabian Michelangeli,Penaeaceae,Olinia,Penaeaceae_Olinia_,woody perennial,33.068,14,,0.08,0.061,0.025,Fleshy,1,1,1,1,6,10,8,5,10,insects,biotic,NA,1.6,9.8,5.7,5.7,changed by Eve,"Schönenberger, J., Conti, E., & Rutschmann, F. (2007). Penaeaceae. In Flowering Plants· Eudicots (pp. 282-291). Springer, Berlin, Heidelberg. Eve to check in Kew",,,,
Melastomataceae_Nepsera,Fabian Michelangeli,Melastomataceae,Nepsera,Melastomataceae_Nepsera_aquatica,annual,13.186,1,,0,0,0,Dry,100,100,100,100,0.8,0.9,0.85,0.5,0.6,insects,biotic,4.5; 7,4.5,7,5.75,5.75,changed by Eve,,,,,
Myrtaceae_Scholtzia,Peter Wilson,Myrtaceae,Scholtzia,Myrtaceae_Scholtzia_uberiflora,woody perennial,18.216,43,,0.206,0.17,0.091,Dry,1,1,1,1.5,0.8,1.9,1.35,NA,NA,insects,biotic,5-6.5 mm ,5,6.5,5.75,5.75,,,,,,
Myrtaceae_Euryomyrtus,Peter Wilson,Myrtaceae,Euryomyrtus,Myrtaceae_Euryomyrtus_maidenii,woody perennial,37.544,9,,0.059,0.043,0.016,Dry,2,3,2.5,3.5,1.5,2,1.75,NA,NA,insects,biotic,4-7.5 mm,4,7.5,5.75,5.75,,,,,,
Melastomataceae_Schwackaea,Fabian Michelangeli,Melastomataceae,Schwackaea,Melastomataceae_Schwackaea_cupheoides,annual,12,1,,0,0,0,Dry,50,50,50,50,0.5,0.6,0.55,3.5,5,insects,biotic,5; 7,5,7,6,6,changed by EL,,,,,
Onagraceae_Neoholmgrenia,Peter Hoch,Onagraceae,Neoholmgrenia,Onagraceae_Neoholmgrenia_andina_Camissonia,annual,12.766,2,,0.054,0.032,0.007,Dry,32,80,56,56,0.7,1.3,1,NA,NA,insects,biotic,2; 10; 7,2,10,6,6,,,,,,
Myrtaceae_Darwinia,Peter Wilson,Myrtaceae,Darwinia,Myrtaceae_Darwinia_speciosa,woody perennial,16.066,54,,0.248,0.206,0.115,Dry,1,1,1,1.5,2,3.5,2.75,NA,NA,vertebrates,biotic,c. 5-7 mm (flowers 4 within a bell-like involucre),5,7,6,6,,,,,,
Myrtaceae_Basisperma,Peter Wilson,Myrtaceae,Basisperma,Myrtaceae_Basisperma_lanceolata,woody perennial,45.956,1,,0,0,0,Dry,1,1,1,1.5,3,3,3,NA,NA,NA,NA,c. 6 mm,6,6,6,6,,,,,,
Myrtaceae_Ristantia,Peter Wilson,Myrtaceae,Ristantia,Myrtaceae_Ristantia_gouldii,woody perennial,49.049,3,,0.022,0.014,0.004,Dry,1,3,2,2.5,5,7,6,NA,NA,NA,NA,c. 6 mm,6,6,6,6,,,,,,
Myrtaceae_Tetrapora,Peter Wilson,Myrtaceae,Tetrapora,Myrtaceae_Tetrapora_preissiana_Baeckea,woody perennial,17.416,5,,0.092,0.063,0.019,Dry,NA,NA,,NA,0.4,1.1,0.75,NA,NA,insects,biotic,5.5-6.5 mm ,5.5,6.5,6,6,,,,,,
Melastomataceae_Rupestrea,Fabian Michelangeli,Melastomataceae,Rupestrea,Melastomataceae_Rupestrea_johnwurdackiana,woody perennial,NA,2,,NA,NA,NA,Dry,3,4,3.5,7.5,2.5,3.5,3,2,2.2,insects,biotic,5.7; 7.7,4.6,7.7,6.15,6.15,changed by EL,,,,,
Myrtaceae_Pimenta,Eve Lucas,Myrtaceae,Pimenta,Myrtaceae_Pimenta_dioica,woody perennial,40.79,28,,0.082,0.066,0.032,Fleshy,1,4,2.5,2.5,0.5,8,4.25,0.5,2.8,insects,biotic,NA,3.5,9,6.25,6.25,,,,,,
Myrtaceae_Thryptomene,Peter Wilson,Myrtaceae,Thryptomene,Myrtaceae_Thryptomene_australis,woody perennial,5.637,38,,0.69,0.571,0.312,Dry,1,2,1.5,2,1.4,1.4,1.4,NA,NA,insects,biotic,6-7 mm,6,7,6.5,6.5,,,,,,
Myrtaceae_Rinzia,Peter Wilson,Myrtaceae,Rinzia,Myrtaceae_Rinzia_carnosa,woody perennial,37.544,21,,0.081,0.064,0.029,Dry,1,3,2,2.5,1.4,1.5,1.45,NA,NA,insects,biotic,5.5-7.5 mm,5.5,7.5,6.5,6.5,,,,,,
Melastomataceae_Blastus,Darin Penneys,Melastomataceae,Blastus,Melastomataceae_Blastus_borneensis,woody perennial,23.93,12,,0.1,0.075,0.029,Dry,100,100,100,100,0.3,1.8,1.05,NA,NA,insects,biotic,2.5; 11; 5,2.5,11,6.75,6.75,DSP. No. spp. changed from 11 to 12.,,,,,
Myrtaceae_Amomyrtus,Eve Lucas,Myrtaceae,Amomyrtus,Myrtaceae_Amomyrtus_meli,woody perennial,45.794,2,,0.015,0.009,0.002,Fleshy,1,4,2.5,2.5,4,6,5,3.5,5,insects,biotic,NA,5.5,8,6.75,6.75,,,,,,
Melastomataceae_Guyonia,Darin Penneys,Melastomataceae,Guyonia,Melastomataceae_Guyonia_tenella,herbaceous perennial,17.733,15,,0.153,0.117,0.049,Dry,100,100,100,100,0.8,1.2,1,NA,NA,insects,biotic,7; 7; 7,7,7,7,7,"DSP. Habit varies from decumbent to erect herbs, some tuberous geophytes.",,,,,
Melastomataceae_Allomorphia,Darin Penneys,Melastomataceae,Allomorphia,Melastomataceae_Allomorphia_urophylla,woody perennial,NA,NA,,NA,NA,NA,Dry,100,100,100,100,NA,NA,,NA,NA,insects,biotic,7,7,7,7,7,"DSP. Allomorphia is no longer recognized, its species have been transferred to seven other genera",,,,,
Myrtaceae_Kardomia,Peter Wilson,Myrtaceae,Kardomia,Myrtaceae_Kardomia_jucunda_Baeckea,woody perennial,29.294,6,,0.061,0.043,0.014,Dry,3,6,4.5,6,1,1,1,NA,NA,insects,biotic,to 7 mm ,7,7,7,7,,,,,,
Myrtaceae_Cloezia,Peter Wilson,Myrtaceae,Cloezia,Myrtaceae_Cloezia_buxifolia,woody perennial,60.429,9,,0.036,0.027,0.01,Dry,6,9,7.5,10.5,4,4,4,NA,NA,insects,biotic,6-8 mm ,6,8,7,7,,,,,,
Myrtaceae_Sannantha,Peter Wilson,Myrtaceae,Sannantha,Myrtaceae_Sannantha_crassa,woody perennial,27.076,16,,0.102,0.079,0.034,Dry,30,50,40,40,0.6,0.6,0.6,0.1,0.2,insects,biotic,to 7 mm,7,7,7,7,,,,,,
Myrtaceae_Astartea,Peter Wilson,Myrtaceae,Astartea,Myrtaceae_Astartea_fascicularis,woody perennial,18.209,25,,0.177,0.141,0.067,Dry,3,15,9,10.5,0.6,1.3,0.95,NA,NA,insects,biotic,6-9 mm,6,9,7.5,7.5,,,,,,
Myrtaceae_Algrizea,Karinne Valdemarin,Myrtaceae,Algrizea,Myrtaceae_Algrizea_macrochlamys,woody perennial,40.224,2,,0.017,0.01,0.002,Fleshy,1,3,2,2,4,5,4.5,3,3,insects,biotic,5.5-10 mm long,5.5,10,7.75,7.75,,,,,,
Melastomataceae_Lithobium,Darin Penneys,Melastomataceae,Lithobium,Melastomataceae_Lithobium_cordatum,herbaceous perennial,51.653,1,,0,0,0,Dry,50,50,50,50,0.2,0.3,0.25,NA,NA,insects,biotic,7; 9; 8,7,9,8,8,,,,,,
Melastomataceae_Siphanthera,Fabian Michelangeli,Melastomataceae,Siphanthera,Melastomataceae_Siphanthera_hostmannii,annual,19.329,19,,0.152,0.119,0.053,Dry,100,100,100,100,0.31,0.5,0.405,0.15,0.32,insects,biotic,1.5; 2,5.5,10.5,8,8,changed by Eve,,,,,
Melastomataceae_Opisthocentra,Fabian Michelangeli,Melastomataceae,Opisthocentra,Melastomataceae_Opisthocentra_clidemioides,woody perennial,46.693,1,,0,0,0,Dry,100,100,100,100,0.5,0.7,0.6,0.2,0.3,insects,biotic,7; 9,7,9,8,8,changed by EL,,,,,
Melastomataceae_Phainantha,Fabian Michelangeli,Melastomataceae,Phainantha,Melastomataceae_Phainantha_laxiflora,herbaceous perennial,37.318,5,,0.043,0.029,0.009,Dry,100,100,100,100,2,2,2,2,2,insects,biotic,6; 7,6,10,8,8,changes by Eve,TV: changed life form,,,,
Onagraceae_Gayophytum,Peter Hoch,Onagraceae,Gayophytum,Onagraceae_Gayophytum_diffusum_Camissonia,annual,16.552,11,,0.145,0.108,0.042,Dry,8,200,104,104,0.7,2.3,1.5,0.2,0.5,insects,biotic,1; 15; c. 6,1,15,8,8,TV: seed width taken from illustrations in the monograph,,,,,
Myrtaceae_Austromyrtus,Eve Lucas,Myrtaceae,Austromyrtus,Myrtaceae_Austromyrtus_dulcis,woody perennial,52.274,5,,0.031,0.021,0.006,Fleshy,1,13,7,7,1.8,3,2.4,1.5,4,insects,biotic,NA,7,9,8,7.5,,,,,,
Myrtaceae_Enekbatus,Peter Wilson,Myrtaceae,Enekbatus,Myrtaceae_Enekbatus_cryptandroides_Baeckea,woody perennial,38.88,10,,0.059,0.044,0.017,Dry,1,2,1.5,2,1.1,1.8,1.45,NA,NA,insects,biotic,c. 8 mm,8,8,8,8,,,,,,
Myrtaceae_Beaufortia,Peter Wilson,Myrtaceae,Beaufortia,Myrtaceae_Beaufortia_squarrosa,woody perennial,NA,22,,NA,NA,NA,Dry,1,3,2,2.5,0.5,0.5,0.5,NA,NA,insects,biotic,c. 8 mm (but flowers clustered and stamens spreading widely),8,8,8,8,,,,,,
Myrtaceae_Oxymyrrhine,Peter Wilson,Myrtaceae,Oxymyrrhine,Myrtaceae_Oxymyrrhine_gracilis_Baeckea,woody perennial,17.416,4,,0.08,0.053,0.015,Dry,20,40,30,30,0.6,0.8,0.7,0.3,0.5,insects,biotic,6-10 mm,6,10,8,8,https://florabase.dpaw.wa.gov.au/science/nuytsia/468.pdf,,,,,
Myrtaceae_Lophostemon,Peter Wilson,Myrtaceae,Lophostemon,Myrtaceae_Lophostemon_confertus,woody perennial,42.483,4,,0.042,0.029,0.01,Dry,50,150,100,100,1,3,2,0.3,0.5,insects,biotic,7-9 mm,7,9,8,8,,,,,,
Myrtaceae_Curitiba,Karinne Valdemarin,Myrtaceae,Curitiba,Myrtaceae_Curitiba_prismatica,woody perennial,40.79,1,,0,0,0,Fleshy,4,7,5.5,5.5,2,4,3,0.5,0.5,insects,biotic,7.5-9 mm long,7.5,9,8.25,8.25,,,,,,
Melastomataceae_Antherotoma,Darin Penneys,Melastomataceae,Antherotoma,Melastomataceae_Antherotoma_naudinii,herbaceous perennial,12.268,10,,0.188,0.139,0.052,Dry,100,100,100,100,0.5,0.5,0.5,0.5,0.5,insects,biotic,8; 9; 8.5,8,9,8.5,8.5,"DSP. Habit: annuals, herbaceous perennials and subshrubs.",,,,,
Melastomataceae_Macairea,Fabian Michelangeli,Melastomataceae,Macairea,Melastomataceae_Macairea_pachyphylla,woody perennial,22.877,23,,0.137,0.109,0.051,Dry,100,100,100,100,0.6,0.7,0.65,0.25,0.3,insects,biotic,7; 8.5,8.5,8.5,8.5,8.5,FFM note: flower size according to Flora of Sao Paulo,,,,,
Myrtaceae_Cyathostemon,Peter Wilson,Myrtaceae,Cyathostemon,Myrtaceae_Cyathostemon_ambiguus_Astartea,woody perennial,20.181,7,,0.096,0.069,0.023,Dry,3,3,3,4.5,1.3,2,1.65,NA,NA,insects,biotic,8-9 mm ,8,9,8.5,8.5,,,,,,
Melastomataceae_Alloneuron,Fabian Michelangeli,Melastomataceae,Alloneuron,Melastomataceae_Alloneuron_ulei,woody perennial,25.583,5,,0.063,0.043,0.013,Dry,100,100,100,100,0.3,0.75,0.525,0.2,0.5,insects,biotic,2.4,2.4,15,8.7,8.7,changes by Eve,,,,,
Melastomataceae_Potheranthera,Fabian Michelangeli,Melastomataceae,Potheranthera,Melastomataceae_Potheranthera_pusilla,annual,NA,5,,NA,NA,NA,Dry,50,50,50,50,0.8,0.8,0.8,0.8,0.8,insects,biotic,3,8,10,9,9,changes by Eve,,,,,
Melastomataceae_Aciotis,Fabian Michelangeli,Melastomataceae,Aciotis,Melastomataceae_Aciotis_purpurascens,annual,17.399,15,13,0.156,0.12,0.05,Fleshy,30,80,55,NA,0.2,0.7,0.45,0.15,0.5,insects,biotic,3.5; 4.5,3,15,9,9,Data by EL in blue,monophyletic. need to check herbarium for seed number,"fruit type here is tricky as they are really ""fleshy capsules"" in some species and straigh capsules in others",,,
Melastomataceae_Noterophila,Fabian Michelangeli,Melastomataceae,Noterophila,Melastomataceae_Noterophila_bivalvis,annual,13.399,8,,0.155,0.112,0.04,Dry,100,100,100,100,0.5,0.75,0.625,0.35,0.5,insects,biotic,6; 12,6,12,9,9,changed by Eve,,,,,
Myrtaceae_Myrtella,Eve Lucas,Myrtaceae,Myrtella,Myrtaceae_Myrtella_beccarii,woody perennial,47.431,2,,0.015,0.009,0.002,Fleshy,2,6,4,4,1.8,3,2.4,1.2,2,insects,biotic,NA,6,12,9,9,,,,,,
Melastomataceae_Ossaea,Fabian Michelangeli,Melastomataceae,Ossaea,Melastomataceae_Ossaea_amygdaloides,woody perennial,4.084,8,,0.509,0.368,0.13,Fleshy,100,100,100,100,0.8,1.2,1,0.5,0.7,insects,biotic,2.5; 5,4.2,14,9.1,9.1,changed by Eve,,,,,
Melastomataceae_Pilocosta,Fabian Michelangeli,Melastomataceae,Pilocosta,Melastomataceae_Pilocosta_oerstedii,annual,12,5,,0.134,0.092,0.028,Dry,100,100,100,100,0.5,0.5,0.5,0.5,0.5,insects,biotic,7; 12,7,12,9.5,9.5,changes by Eve,,,,,
Melastomataceae_Votomita,Fabian Michelangeli,Melastomataceae,Votomita,Melastomataceae_Votomita_guianensis,woody perennial,21.928,10,,0.105,0.078,0.029,Fleshy,1,1,1,1,6.5,9.9,8.2,6.5,9.6,insects,biotic,5; 6.5,5,15,10,10,changed by Eve,,,,,
Melastomataceae_Axinaea,Fabian Michelangeli,Melastomataceae,Axinaea,Melastomataceae_Axinaea_floribunda,woody perennial,21.625,41,,0.172,0.141,0.074,Dry,50,50,50,50,1,1.25,1.125,0.5,0.7,vertebrates,biotic,6; 8,6,15,10.5,10.5,changes by Eve,,,,,
Melastomataceae_Appendicularia,Fabian Michelangeli,Melastomataceae,Appendicularia,Melastomataceae_Appendicularia_thymifolia,annual,13.186,3,,0.083,0.053,0.014,Dry,100,100,100,100,0.5,0.55,0.525,0.2,0.4,insects,biotic,NA,10,12,11,11,changes by Eve,,,,,
Myrtaceae_Pseudocaryophyllus,Karinne Valdemarin,Myrtaceae,Pseudocaryophyllus,Myrtaceae_Pimenta_pseudocaryophyllus,woody perennial,28.339,1,,0,0,0,Fleshy,1,3,2,2,4,8,6,3.5,5,insects,biotic,9-13 mm long,9,13,11,6,,,,,,
Melastomataceae_Centradenia,Fabian Michelangeli,Melastomataceae,Centradenia,Melastomataceae_Centradenia_floribunda,herbaceous perennial,16.102,8,,0.129,0.093,0.033,Dry,50,50,50,50,0.3,1,0.65,0.2,0.3,insects,biotic,4; 7,8,15,11.5,11.5,changes by Eve,,,,,
Melastomataceae_Cambessedesia,Fabian Michelangeli,Melastomataceae,Cambessedesia,Melastomataceae_Cambessedesia_eichleri,herbaceous perennial,31.103,29,,0.108,0.087,0.043,Dry,100,100,100,100,0.5,0.5,0.5,0.5,0.5,insects,biotic,4.5; 5.5,7,16,11.5,11.5,FFM note: flower size according to Flora of Sao Paulo,,,,,
Melastomataceae_Triolena,Fabian Michelangeli,Melastomataceae,Triolena,Melastomataceae_Triolena_amazonica,herbaceous perennial,30.215,29,,0.111,0.09,0.044,Dry,100,100,100,100,0.45,0.6,0.525,0.2,0.3,insects,biotic,6; 7,6,17,11.5,11.5,changed by Eve,,,,,
Onagraceae_Fuchsia,Peter Hoch,Onagraceae,Fuchsia,Onagraceae_Fuchsia_excorticata,woody perennial,50.768,129,,0.096,0.082,0.052,Fleshy,10,500,255,255,1,2.5,1.75,1.7,1.7,"insects, vertebrates",biotic,1; 22; c. 12,1,22,11.5,11.5,TV: seed width taken from illustrations in the monograph,,,,,
Penaeaceae_Brachysiphon,Fabian Michelangeli,Penaeaceae,Brachysiphon,Penaeaceae_Brachysiphon_fucatus,woody perennial,NA,9,,NA,NA,NA,Dry,4,4,4,4,3,3.4,3.2,1,NA,insects,biotic,n/a,8,15,11.5,15.5,changes by Eve,"Schönenberger, J., Conti, E., & Rutschmann, F. (2007). Penaeaceae. In Flowering Plants· Eudicots (pp. 282-291). Springer, Berlin, Heidelberg. Eve to check in Kew",,,,
Melastomataceae_Boyania,Fabian Michelangeli,Melastomataceae,Boyania,Melastomataceae_Boyania_ayangannae,herbaceous perennial,19.879,2,,0.035,0.02,0.005,Dry,100,100,100,100,0.3,0.5,0.4,0.2,0.3,insects,biotic,8; 13,8,16,12,12,changes by Eve,,,,,
Melastomataceae_Marcetia,Fabian Michelangeli,Melastomataceae,Marcetia,Melastomataceae_Marcetia_taxifolia,woody perennial,13.862,30,,0.245,0.198,0.098,Dry,100,100,100,100,0.4,0.8,0.6,0.2,0.3,insects,biotic,5; 7,10,14,12,12,FFM note: flower size according to Flora of Sao Paulo,,,,,
Onagraceae_Lopezia,Peter Hoch,Onagraceae,Lopezia,Onagraceae_Lopezia_hirsuta,annual,46.218,35,,0.077,0.063,0.032,Dry,4,120,62,62,0.6,2,1.3,0.35,0.8,insects,biotic,4; 20; c. 10,4,20,12,12,TV: seed width taken from illustrations in the monograph,,,,,
Onagraceae_Eremothera,Peter Hoch,Onagraceae,Eremothera,Onagraceae_Eremothera_pygmaea_Camissonia,annual,17.391,13,,0.147,0.112,0.045,Dry,80,160,120,120,0.9,2.1,1.5,NA,NA,insects,biotic,4; 20; c. 16,4,20,12,12,,,,,,
Melastomataceae_Pseudoernestia,Fabian Michelangeli,Melastomataceae,Pseudoernestia,Melastomataceae_Pseudoernestia_glandulosa,annual,20.187,2,,0.034,0.02,0.005,Dry,50,50,50,50,0.8,0.8,0.8,0.8,0.8,insects,biotic,5; 8,10,15,12.5,12.5,changes by Eve,,,,,
Melastomataceae_Dicellandra,Darin Penneys,Melastomataceae,Dicellandra,Melastomataceae_Dicellandra_barteri,woody perennial,26.47,7,,0.074,0.052,0.018,Dry,100,100,100,100,0.7,0.8,0.75,NA,NA,insects,biotic,9; 16; 12,9,16,12.5,12.5,DSP. Habit ranges from shrubs to epiphytes.,,,,,
Melastomataceae_Mouriri,Fabian Michelangeli,Melastomataceae,Mouriri,Melastomataceae_Mouriri_gleasoniana,woody perennial,21.928,105,,0.212,0.181,0.111,Fleshy,1,12,6.5,37.5,6.4,18,12.2,2,15,insects,biotic,3.5; 5.7,10,15.2,12.6,12.6,changes by Eve,,,,,
Melastomataceae_Heterocentron,Fabian Michelangeli,Melastomataceae,Heterocentron,Melastomataceae_Heterocentron_elegans,herbaceous perennial,7.247,14,,0.364,0.278,0.115,Dry,100,100,100,100,0.5,0.7,0.6,0.25,0.4,insects,biotic,14; 16,10,16,13,13,changed by Eve,,,,,
Melastomataceae_Henriettea,Fabian Michelangeli,Melastomataceae,Henriettea,Melastomataceae_Henriettea_squamata,woody perennial,22.94,68,,0.184,0.154,0.089,Fleshy,100,100,100,100,0.5,0.8,0.65,0.2,0.3,insects,biotic,8,12,14,13,13,FFM note: flower size according to Flora of Sao Paulo,,,,,
Melastomataceae_Cyphotheca,Darin Penneys,Melastomataceae,Cyphotheca,Melastomataceae_Cyphotheca_montana,woody perennial,19.879,1,,0,0,0,Dry,100,100,100,100,0.7,0.7,0.7,NA,NA,insects,biotic,13; 13; 13,13,13,13,13,,,,,,
Melastomataceae_Ernestia,Fabian Michelangeli,Melastomataceae,Ernestia,Melastomataceae_Ernestia_maguirei,annual,14.337,15,,0.189,0.145,0.061,Dry,100,100,100,100,0.7,0.9,0.8,0.5,0.7,insects,biotic,8;9,8,18,13,13,changed by Eve,not monophyletic - https://www.researchgate.net/publication/304997220_Phylogenetic_relationships_in_the_Marcetia_alliance_Melastomeae_Melastomataceae_and_implications_for_generic_circumscription,,,,
Melastomataceae_Astronidium,Darin Penneys,Melastomataceae,Astronidium,Melastomataceae_Astronidium_pickeringii,woody perennial,21.576,67,,0.198,0.166,0.096,Dry,100,100,100,100,0.75,2.5,1.625,NA,NA,insects,biotic,7; 20; 12,7,20,13.5,13.5,,,,,,
Melastomataceae_Miconia,Fabian Michelangeli,Melastomataceae,Miconia,Melastomataceae_Miconia_albicans,woody perennial,16.68,1927,,0.453,0.412,0.316,Fleshy,25,300,162.5,162.5,0.45,3,1.725,0.4,1.5,insects,biotic,2.5; 3,2.5,25,13.75,13.75,changed by Eve,,,,,
Melastomataceae_Chaetolepis,Fabian Michelangeli,Melastomataceae,Chaetolepis,Melastomataceae_Chaetolepis_lindeniana,woody perennial,5.638,14,,0.468,0.357,0.148,Dry,100,100,100,100,0.4,1,0.7,0.2,0.3,insects,biotic,5; 6,5,23,14,14,changed by Eve,,,,,
Melastomataceae_Oxyspora,Darin Penneys,Melastomataceae,Oxyspora,Melastomataceae_Oxyspora_cordata_Anerincleistus,woody perennial,26.393,38,,0.138,0.113,0.059,Dry,100,100,100,100,0.7,1,0.85,NA,NA,insects,biotic,3; 25; 9,3,25,14,14,,,,,,
Melastomataceae_Tessmannianthus,Fabian Michelangeli,Melastomataceae,Tessmannianthus,Melastomataceae_Tessmannianthus_quadridomius,woody perennial,37.138,7,,0.052,0.037,0.013,Dry,100,100,100,100,2,2.5,2.25,0.2,0.4,insects,biotic,10.5,10.5,18,14.25,9.25,changed by Eve,,,,,
Melastomataceae_Monochaetum,Fabian Michelangeli,Melastomataceae,Monochaetum,Melastomataceae_Monochaetum_lineatum,woody perennial,5.638,56,,0.714,0.594,0.332,Dry,100,100,100,100,0.4,0.7,0.55,0.25,0.4,insects,biotic,8.5; 11,8.5,20,14.25,14.25,changed by Eve,,,,,
Melastomataceae_Astrocalyx,Darin Penneys,Melastomataceae,Astrocalyx,Melastomataceae_Astrocalyx_calycina,woody perennial,21.576,1,,0,0,0,Dry,100,100,100,100,0.5,1.8,1.15,NA,NA,insects,biotic,14; 15; 14.5,14,15,14.5,14.5,,,,,,
Melastomataceae_Wurdastom,Fabian Michelangeli,Melastomataceae,Wurdastom,Melastomataceae_Wurdastom_hexamera,woody perennial,18.079,8,,0.115,0.083,0.029,Dry,100,500,300,100,0.5,1.5,1,0.2,0.6,insects,biotic,4; 5,4,25,14.5,15,changed by Eve,,,,,
Melastomataceae_Brachyotum,Fabian Michelangeli,Melastomataceae,Brachyotum,Melastomataceae_Brachyotum_quinquinerve,woody perennial,7.247,55,,0.553,0.46,0.256,Dry,100,100,100,100,0.4,0.9,0.65,0.25,0.6,vertebrates,biotic,10; 12,10,20,15,15,changes by Eve,,,,,
Melastomataceae_Eriocnema,Fabian Michelangeli,Melastomataceae,Eriocnema,Melastomataceae_Eriocnema_fulva,herbaceous perennial,15.992,2,,0.043,0.025,0.006,Dry,100,100,100,100,0.9,0.9,0.9,0.9,0.9,insects,biotic,10; 13,10,20,15,15,changed by Eve,TV: changed life form,,,,
Penaeaceae_Penaea,Fabian Michelangeli,Penaeaceae,Penaea,Penaeaceae_Penaea_mucronata,woody perennial,10.186,27,,0.324,0.259,0.126,Dry,4,4,4,4,2,5,3.5,0.8,2,insects,biotic,n/a,10,20,15,1.5,changed by Eve,"Schönenberger, J., Conti, E., & Rutschmann, F. (2007). Penaeaceae. In Flowering Plants· Eudicots (pp. 282-291). Springer, Berlin, Heidelberg. Eve to check in Kew",,,,
Melastomataceae_Quipuanthus,Fabian Michelangeli,Melastomataceae,Quipuanthus,Melastomataceae_Quipuanthus_epipetricus,herbaceous perennial,29.012,1,,0,0,0,Dry,100,100,100,100,0.6,1.2,0.9,0.2,0.4,insects,biotic,14; 17,14,17,15.5,15.5,changed by EL,,,,,
Melastomataceae_Castratella,Fabian Michelangeli,Melastomataceae,Castratella,Melastomataceae_Castratella_piloselloides,herbaceous perennial,9.877,2,,0.07,0.041,0.01,Dry,100,100,100,100,0.7,0.8,0.75,0.5,0.6,insects,biotic,8.5; 11,8.5,23,15.75,15.75,changes by Eve,,,,,
Melastomataceae_Tryssophyton,Fabian Michelangeli,Melastomataceae,Tryssophyton,Melastomataceae_Tryssophyton_merumense,herbaceous perennial,23.702,2,,0.029,0.017,0.004,Dry,50,50,50,50,0.5,0.7,0.6,0.35,0.55,insects,biotic,11; 13,11,21,16,16,changed by Eve,,,,,
Melastomataceae_Acanthella,Fabian Michelangeli,Melastomataceae,Acanthella,Melastomataceae_Acanthella_sprucei,woody perennial,NA,1,1,NA,NA,NA,Dry,50,100,75,75,4,5,4.5,3,4,3.5,biotic,12; 15,12,20,16,16,Data by EL in blue,monophyletic,,,,
Melastomataceae_Bucquetia,Fabian Michelangeli,Melastomataceae,Bucquetia,Melastomataceae_Bucquetia_glutinosa,woody perennial,9.877,3,,0.111,0.07,0.018,Dry,100,100,100,100,0.7,0.75,0.725,0.35,0.4,insects,biotic,12; 14,12,20,16,16,changes by Eve,,,,,
Melastomataceae_Plethiandra,Darin Penneys,Melastomataceae,Plethiandra,Melastomataceae_Plethiandra_robusta,epiphyte,21.239,8,,0.098,0.071,0.025,Fleshy,100,100,100,100,0.5,1,0.75,NA,NA,insects,biotic,9; 23; 13,9,23,16,16,,,,,,
Melastomataceae_Pternandra,Darin Penneys,Melastomataceae,Pternandra,Melastomataceae_Pternandra_azurea_Kibessia,woody perennial,66.219,15,,0.046,0.036,0.017,Fleshy,100,100,100,100,0.5,1.25,0.875,NA,NA,insects,biotic,4; 28; 15,4,28,16,16,,,,,,
Onagraceae_Chylismia,Peter Hoch,Onagraceae,Chylismia,Onagraceae_Chylismia_claviformis_Camissonia,annual,17.141,41,,0.217,0.178,0.094,Dry,80,160,120,120,0.5,1.8,1.15,0.8,0.8,insects,biotic,2; 30; c. 15,2,30,16,16,TV: seed width taken from illustrations in the monograph,,,,,
Melastomataceae_Bredia,Darin Penneys,Melastomataceae,Bredia,Melastomataceae_Bredia_okinawensis,woody perennial,29.807,25,,0.108,0.086,0.041,Dry,100,100,100,100,0.4,1,0.7,NA,NA,insects,biotic,10; 24; 17,10,24,17,17,,,,,,
Melastomataceae_Desmoscelis,Fabian Michelangeli,Melastomataceae,Desmoscelis,Melastomataceae_Desmoscelis_villosa,annual,20.537,2,,0.034,0.02,0.005,Dry,100,100,100,100,0.6,0.9,0.75,0.3,0.4,insects,biotic,6; 10,16,18,17,17,FFM note: flower size according to Flora of Sao Paulo,,,,,
Melastomataceae_Graffenrieda,Fabian Michelangeli,Melastomataceae,Graffenrieda,Melastomataceae_Graffenrieda_cucullata,woody perennial,22.625,73,,0.19,0.16,0.093,Dry,100,1000,550,100,1,3,2,0.2,0.9,insects,biotic,5; 5.5,4,30,17,23,FFM note: flower size according to Flora of Sao Paulo. EL note - adjusted to incorporate Centronia and to include F's original min fl size,,,,,
Onagraceae_Tetrapteron,Peter Hoch,Onagraceae,Tetrapteron,Onagraceae_Tetrapteron_palmeri_Camissonia,annual,11.2,2,,0.062,0.036,0.009,Dry,8,36,22,22,1.2,2,1.6,NA,NA,insects,biotic,4; 30; c. 12,4,30,17,17,,,,,,
Onagraceae_Eulobus,Peter Hoch,Onagraceae,Eulobus,Onagraceae_Eulobus_californicus_Oenothera,annual,8.044,4,,0.172,0.114,0.033,Dry,48,100,74,74,1,2,1.5,0.9,0.9,insects,biotic,10; 25; 20,10,25,17.5,17.5,TV: seed width taken from illustrations in the monograph,,,,,
Melastomataceae_Acisanthera,Fabian Michelangeli,Melastomataceae,Acisanthera,Melastomataceae_Acisanthera_quadrata,herbaceous perennial,13.399,14,9,0.197,0.15,0.062,Dry,50,100,75,75,0.55,0.75,0.65,0.35,0.6,insects,biotic,,6,30,18,18,changes by Eve,,,,,
Melastomataceae_Sarcopyramis,Darin Penneys,Melastomataceae,Sarcopyramis,Melastomataceae_Sarcopyramis_napalensis,herbaceous perennial,26.062,4,,0.053,0.035,0.01,Dry,100,100,100,100,0.6,1,0.8,NA,NA,insects,biotic,10; 27; 18,10,27,18.5,18.5,,,,,,
Melastomataceae_Beccarianthus,Darin Penneys,Melastomataceae,Beccarianthus,Melastomataceae_Beccarianthus_pulcherrimus,woody perennial,23.435,9,,0.094,0.069,0.025,Dry,100,100,100,100,1,2.5,1.75,NA,NA,vertebrates,biotic,12; 25; 20,12,25,18.5,18.5,"DSP: vertebrate pollination suspected, not proven.",,,,,
Melastomataceae_Tristemma,Darin Penneys,Melastomataceae,Tristemma,Melastomataceae_Tristemma_mauritianum,woody perennial,9.399,25,,0.342,0.273,0.13,Fleshy,100,100,100,100,0.2,0.6,0.4,NA,NA,insects,biotic,5; 33; 20,5,33,19,19,,,,,,
Melastomataceae_Microlicia,Fabian Michelangeli,Melastomataceae,Microlicia,Melastomataceae_Microlicia_cordata,woody perennial,5.723,190,,0.917,0.797,0.523,Dry,100,100,100,100,0.4,0.8,0.6,0.3,0.5,insects,biotic,3.5; 4.5,10,28,19,19,seed width by Eve,,,,,
Melastomataceae_Ochthephilus,Fabian Michelangeli,Melastomataceae,Ochthephilus,Melastomataceae_Ochthephilus_repentinus,woody perennial,23.735,1,,0,0,0,Dry,NA,NA,,NA,NA,NA,,NA,NA,insects,biotic,18.5; 19.5,18.5,19.5,19,19,changes by Eve,single sterile sheet at Kew,fruits are unknown,,,
Melastomataceae_Comolia,Fabian Michelangeli,Melastomataceae,Comolia,Melastomataceae_Comolia_lythrarioides,herbaceous perennial,5.292,14,,0.499,0.381,0.157,Dry,100,100,100,100,0.6,1.1,0.85,0.4,0.85,insects,biotic,9; 12,9,30,19.5,19.5,changed by Eve,- poly/paraphyetic https://www.researchgate.net/publication/304997220_Phylogenetic_relationships_in_the_Marcetia_alliance_Melastomeae_Melastomataceae_and_implications_for_generic_circumscription,,,,
Melastomataceae_Monolena,Fabian Michelangeli,Melastomataceae,Monolena,Melastomataceae_Monolena_primulaeflora,epiphyte,30.215,16,,0.092,0.071,0.03,Dry,100,100,100,100,0.9,0.9,0.9,0.9,0.9,insects,biotic,15; 24,15,24,19.5,19.5,changes by Eve,"Kriebel R. Phylogeny, taxonomy and morphological evolution in Conostegia (Melastomataceae: Miconieae). City University of New York; 2014.",,,,
Melastomataceae_Cincinnobotrys,Darin Penneys,Melastomataceae,Cincinnobotrys,Melastomataceae_Cincinnobotrys_felicis,epiphyte,28.768,9,,0.076,0.056,0.02,Dry,100,100,100,100,0.3,2,1.15,NA,NA,insects,biotic,7; 32; 15,7,32,19.5,19.5,,,,,,
Melastomataceae_Loricalepis,Fabian Michelangeli,Melastomataceae,Loricalepis,Melastomataceae_Loricalepis_duckei,woody perennial,23.525,2,,0.029,0.017,0.004,Dry,45,55,50,50,1.9,0.6,1.25,1,0.3,insects,biotic,1.5; 1.7,15,24,19.5,23,changed by Eve ,,,,,
Melastomataceae_Bertolonia,Fabian Michelangeli,Melastomataceae,Bertolonia,Melastomataceae_Bertolonia_paranaensis,epiphyte,50.442,34,,0.07,0.057,0.029,Dry,100,100,100,100,0.4,0.55,0.475,0.2,0.35,insects,biotic,7.8; 8.3,12,28,20,20,FFM note: flower size according to Flora of Sao Paulo,,,,,
Melastomataceae_Chaetostoma,Fabian Michelangeli,Melastomataceae,Chaetostoma,Melastomataceae_Chaetostoma_pungens,herbaceous perennial,5.723,8,,0.363,0.263,0.093,Dry,100,100,100,100,0.5,0.65,0.575,0.3,0.4,insects,biotic,9; 12.5,16,24,20,20,FFM note: flower size according to Flora of Sao Paulo,,,,,
Melastomataceae_Salpinga,Fabian Michelangeli,Melastomataceae,Salpinga,Melastomataceae_Salpinga_maranoensis,herbaceous perennial,34.536,14,,0.076,0.058,0.024,Dry,50,50,50,50,0.7,0.9,0.8,0.6,0.8,insects,biotic,15; 17,15,26.5,20.75,28.25,changed by Eve,,,,,
Melastomataceae_Phyllagathis,Darin Penneys,Melastomataceae,Phyllagathis,Melastomataceae_Phyllagathis_elliptica,woody perennial,24.701,78,,0.176,0.149,0.088,Dry,100,100,100,100,0.3,2,1.15,NA,NA,insects,biotic,3; 39; 20,3,39,21,21,,,,,,
Melastomataceae_Adelobotrys,Fabian Michelangeli,Melastomataceae,Adelobotrys,Melastomataceae_Adelobotrys_adscendens,woody perennial,23.735,31,,0.145,0.117,0.058,Dry,100,100,100,100,0.55,2.5,1.525,0.2,0.5,insects,biotic,12; 15.5,12,30,21,21,changes by Eve,TV: changed life form,,,,
Onagraceae_Epilobium,Peter Hoch,Onagraceae,Epilobium,Onagraceae_Epilobium_canum_subsp_Mexicanum_Zauschneria,herbaceous perennial,21.041,306,,0.272,0.239,0.164,Dry,60,200,130,130,1.5,2.6,2.05,0.4,1.5,"insects, vertebrates",biotic,12; 30; c 20 ,12,30,21,21,TV: seed width taken from illustrations in the monograph,,,,,
Melastomataceae_Sonerila,Darin Penneys,Melastomataceae,Sonerila,Melastomataceae_Sonerila_cantonensis,woody perennial,26.062,190,,0.201,0.175,0.115,Dry,50,50,50,50,0.4,0.8,0.6,NA,NA,insects,biotic,7; 36; 17,7,36,21.5,21.5,,,,,,
Melastomataceae_Tigridiopalma,Darin Penneys,Melastomataceae,Tigridiopalma,Melastomataceae_Tigridiopalma_magnifica,herbaceous perennial,27.347,1,,0,0,0,Dry,100,100,100,100,1,1,1,NA,NA,insects,biotic,22; 22; 22,22,22,22,22,,,,,,
Melastomataceae_Centronia,Fabian Michelangeli,Melastomataceae,Centronia,Melastomataceae_Centronia_laurifolia,woody perennial,22.625,5,,0.071,0.049,0.015,Dry,100,100,100,100,2,2,2,2,2,insects,biotic,14; 15.5,14,30,22,22,changes by Eve,embedded in Graffenrieda - ,,,,
Melastomataceae_Fritzschia,Fabian Michelangeli,Melastomataceae,Fritzschia,Melastomataceae_Fritzschia_erecta,herbaceous perennial,13.862,12,,0.179,0.135,0.054,Dry,100,100,100,100,0.6,1.1,0.85,0.4,0.6,insects,biotic,12; 14,15,30,22.5,22.5,changed by Eve,,,,,
Melastomataceae_Pterogastra,Fabian Michelangeli,Melastomataceae,Pterogastra,Melastomataceae_Pterogastra_divaricata,herbaceous perennial,18.89,4,,0.073,0.049,0.014,Dry,100,100,100,100,0.8,0.9,0.85,0.55,0.6,insects,biotic,12; 15,12,33,22.5,22.5,changed by Eve,,,,,
Melastomataceae_Trembleya,Fabian Michelangeli,Melastomataceae,Trembleya,Melastomataceae_Trembleya_parviflora,woody perennial,5.206,17,,0.544,0.422,0.184,Dry,100,100,100,100,0.7,1.2,0.95,0.3,0.5,insects,biotic,5; 7,16,29,22.5,22.5,changed by Eve,,,,,
Melastomataceae_Pachyloma,Fabian Michelangeli,Melastomataceae,Pachyloma,Melastomataceae_Pachyloma_huberioides,woody perennial,22.165,4,,0.063,0.041,0.012,Dry,100,100,100,100,0.9,1,0.95,0.6,0.7,insects,biotic,15; 20,15,30,22.5,22.5,changed by Eve,,,,,
Melastomataceae_Amphiblemma,Darin Penneys,Melastomataceae,Amphiblemma,Melastomataceae_Amphiblemma_cymosum,herbaceous perennial,26.47,15,,0.107,0.083,0.036,Dry,100,100,100,100,0.5,1.5,1,NA,NA,insects,biotic,4; 43; 22,4,43,23.5,23.5,DSP. Habit: herbaceous perennials and shrubs are about equally common. No. species changed from 17 to 15 to match new Classification.,,,,,
Penaeaceae_Endonema,Fabian Michelangeli,Penaeaceae,Endonema,Penaeaceae_Endonema_retzioides,woody perennial,NA,2,,NA,NA,NA,Dry,4,4,4,4,3.5,4.7,4.1,1,1.7,insects,biotic,n/a,16.5,30.6,23.55,31.8,changes by Eve,"Schönenberger, J., Conti, E., & Rutschmann, F. (2007). Penaeaceae. In Flowering Plants· Eudicots (pp. 282-291). Springer, Berlin, Heidelberg. Eve to check in Kew",,,,
Melastomataceae_Fordiophyton,Darin Penneys,Melastomataceae,Fordiophyton,Melastomataceae_Fordiophyton_strictum,woody perennial,22.741,15,,0.119,0.091,0.038,Dry,100,100,100,100,0.4,0.9,0.65,NA,NA,insects,biotic,13; 38; 18,13,38,25.5,25.5,,,,,,
Melastomataceae_Dichaetanthera,Darin Penneys,Melastomataceae,Dichaetanthera,Melastomataceae_Dichaetanthera_,woody perennial,9.399,43,,0.4,0.329,0.175,Dry,100,100,100,100,0.5,1.7,1.1,NA,NA,insects,biotic,11; 40; 20,11,40,25.5,25.5,,,,,,
Melastomataceae_Pterolepis,Fabian Michelangeli,Melastomataceae,Pterolepis,Melastomataceae_Pterolepis_glomerata,woody perennial,18.89,16,,0.147,0.113,0.049,Dry,100,100,100,100,0.25,1,0.625,0.2,0.66,insects,biotic,10; 12,8,45,26.5,26.5,changed by Eve,,,,,
Melastomataceae_Calvoa,Darin Penneys,Melastomataceae,Calvoa,Melastomataceae_Calvoa_crassinoda,epiphyte,27.836,22,,0.111,0.088,0.041,Dry,100,100,100,100,0.5,2,1.25,NA,NA,insects,biotic,14; 40; 28,14,40,27,27,"DSP. Habit ranges from subshrubs to shrubs, often suffrutescent, sometimes climbing or decumbent, terrestrial or epiphytic.",,,,,
Onagraceae_Camissonia,Peter Hoch,Onagraceae,Camissonia,Onagraceae_Camissonia_strigulosa,annual,16.365,21,,0.186,0.147,0.067,Dry,80,160,120,120,1.3,2.2,1.75,NA,NA,insects,biotic,10; 45; 20,10,45,27.5,27.5,,,,,,
Melastomataceae_Amphorocalyx,Darin Penneys,Melastomataceae,Amphorocalyx,Melastomataceae_Amphorocalyx_latifolius,woody perennial,7.785,5,,0.207,0.141,0.043,Dry,100,100,100,100,0.5,1,0.75,NA,NA,insects,biotic,14; 42; 30,14,42,28,28,,,,,,
Melastomataceae_Gravesia,Darin Penneys,Melastomataceae,Gravesia,Melastomataceae_Gravesia_vestita,epiphyte,30.502,125,,0.158,0.136,0.085,Dry,100,100,100,100,0.3,1.7,1,NA,NA,insects,biotic,4; 52; 26,4,52,28,28,DSP. Habit is highly variable!,,,,,
Onagraceae_Ludwigia,Peter Hoch,Onagraceae,Ludwigia,Onagraceae_Ludwigia_octovalvis,woody perennial,82.6,103,,0.056,0.048,0.029,Dry,50,400,225,225,0.5,1.5,1,0.2,0.7,insects,biotic,2; 55; c. 20,2,55,28.5,28.5,TV: seed width taken from illustrations in the monograph,,,,,
Melastomataceae_Heterotis,fabian Michelangeli,Melastomataceae,Heterotis,Melastomataceae_Heterotis_rotundifolia,woody perennial,15.99,6,,0.112,0.078,0.025,Dry,100,100,100,100,0.6,0.9,0.75,0.3,0.6,insects,biotic,1.7; 2.2,17,40,28.5,28.5,changed by Eve,,,,,
Melastomataceae_Arthrostemma,Fabian Michelangeli,Melastomataceae,Arthrostemma,Melastomataceae_Arthrostemma_ciliatum,herbaceous perennial,28.708,4,,0.048,0.032,0.009,Dry,100,100,100,100,0.75,1,0.875,1,1,insects,biotic,20; 30,20,37,28.5,28.5,changes by Eve,,,,,
Melastomataceae_Anaectocalyx,Fabian Michelangeli,Melastomataceae,Anaectocalyx,Melastomataceae_Anaectocalyx_bracteosa,woody perennial,NA,NA,,NA,NA,NA,Fleshy,100,100,100,100,0.55,0.75,0.65,0.3,0.5,insects,biotic,12; 14,12,46,29,29,changes by Eve,,,,,
Melastomataceae_Chalybea,Darin Penneys,Melastomataceae,Chalybea,Melastomataceae_Chalybea_macrocarpa,woody perennial,31.882,11,,0.075,0.056,0.022,Fleshy,100,100,100,100,0.8,1.6,1.2,NA,NA,vertebrates,biotic,18; 40; 30,18,40,29,29,,,,,,
Melastomataceae_Dyonicha,Darin Penneys,Melastomataceae,Dionycha,Melastomataceae_Dyonicha_bojeri,woody perennial,NA,NA,3,NA,NA,NA,Dry,100,100,100,100,0.7,0.9,0.8,NA,NA,insects,biotic,17; 42; 30,17,42,29.5,29.5,,,,,,
Onagraceae_Clarkia,Peter Hoch,Onagraceae,Clarkia,Onagraceae_Clarkia_purpurea,annual,16.552,74,,0.26,0.219,0.128,Dry,1,300,150.5,150.5,0.5,3,1.75,NA,NA,insects,biotic,4; 55; c. 25,4,55,29.5,29.5,,,,,,
Melastomataceae_Medinilla,Darin Penneys,Melastomataceae,Medinilla,Melastomataceae_Medinilla_crassifolia,woody perennial,21.239,381,,0.28,0.247,0.172,Fleshy,100,100,100,100,0.4,2,1.2,NA,NA,insects,biotic,7; 53; 25,7,53,30,30,"DSP. Habit varies from shrubs to trees, terrestrial to hemiepiphytic.",,,,,
Melastomataceae_Lavoisiera,Fabian Michelangeli,Melastomataceae,Lavoisiera,Melastomataceae_Lavoisiera_imbricata,woody perennial,5.206,42,,0.718,0.589,0.313,Dry,100,300,200,200,0.33,2.04,1.185,0.22,1.03,insects,biotic,8; 27,24,36,30,30,FFM note: flower size according to Flora of Sao Paulo,,,,,
Melastomataceae_Barthea,Darin Penneys,Melastomataceae,Barthea,Melastomataceae_Barthea_barthei,woody perennial,27.125,1,,0.041,0.026,0.007,Dry,100,100,100,100,2.2,3.2,2.7,NA,NA,insects,biotic,22; 45; 33,22,45,33.5,33.5,DSP: No. of spp changed from 3 to 1,,,,,
Melastomataceae_Tibouchina,Fabian Michelangeli,Melastomataceae,Tibouchina,Melastomataceae_Tibouchina_aspera,woody perennial,21.459,46,,0.178,0.147,0.079,Dry,100,100,100,100,0.6,0.9,0.75,0.4,0.55,insects,biotic,9; 15,19,51,35,35,changes by Eve,"2019 paper makes four genera out of Tibouchina, but we havent sampled them",,,,
Melastomataceae_Dissochaeta,Darin Penneys,Melastomataceae,Dissochaeta,Melastomataceae_Dissochaeta_annulata,woody perennial,45.349,58,,0.09,0.075,0.042,Fleshy,100,100,100,100,0.75,0.75,0.75,0.75,0.75,insects,biotic,27; 43; 35,27,43,35,35,TV: changed life form,,,,,
Melastomataceae_Rousseauxia,Darin Penneys,Melastomataceae,Rousseauxia,Melastomataceae_Rousseauxia_madagascariensis,woody perennial,9.348,17,,0.303,0.235,0.102,Dry,100,100,100,100,0.4,1,0.7,NA,NA,insects,biotic,32; 40; 35,32,40,36,36,,,,,,
Melastomataceae_Osbeckia,Darin Penneys,Melastomataceae,Osbeckia,Melastomataceae_Osbeckia_stellata,woody perennial,12.02,53,,0.33,0.274,0.152,Dry,100,100,100,100,0.35,0.9,0.625,NA,NA,insects,biotic,11; 65; 40,11,65,38,38,,,,,,
Melastomataceae_Melastomastrum,Darin Penneys,Melastomataceae,Melastomastrum,Melastomataceae_Melastomastrum_theifolium,woody perennial,17.733,9,,0.124,0.091,0.033,Dry,100,100,100,100,0.5,0.6,0.55,NA,NA,insects,biotic,22; 55,22,55,38.5,38.5,,,,,,
Melastomataceae_Bellucia,Fabian Michelangeli,Melastomataceae,Bellucia,Melastomataceae_Bellucia_pentamera,woody perennial,15.628,22,,0.198,0.156,0.072,Fleshy,100,100,100,100,0.6,0.8,0.7,0.4,0.5,insects,biotic,15; 20,35,45,40,40,changes by Eve,,,,,
Melastomataceae_Pleroma,Fabian Michelangeli,Melastomataceae,Pleroma,Melastomataceae_Pleroma_angustifolium,woody perennial,10.737,162,,0.474,0.41,0.264,Dry,100,100,100,100,0.6,0.9,0.75,0.5,0.8,insects,biotic,1.5; 2,20,60,40,40,changed by Eve,,,,,
Melastomataceae_Meriania,Fabian Michelangeli,Melastomataceae,Meriania,Melastomataceae_Meriania_albiflora,woody perennial,21.625,111,,0.218,0.186,0.115,Dry,60,300,180,100,1.2,2.8,2,0.3,0.6,insects,biotic,23.7; 24.7,14,100,57,34,FFM note: flower size according to Flora of Sao Paulo,,,,,
Lythraceae_Trapa,Shirley Graham,Lythraceae,Trapa,Lythraceae_Trapa_natans,annual,31.902,16,,0.087,0.067,0.029,Fleshy,1,1,1,1,10,20,15,10,20,insects,biotic,3.5 cm,NA,NA,27,27,,,,,,
Lythraceae_Capuronia,Shirley Graham,Lythraceae,Capuronia,Lythraceae_Capuronia_benoistii,woody perennial,23.283,1,,0,0,0,Dry,5,8,6.5,6.5,2.9,3.2,3.05,2.3,2.7,NA,NA,1.3 mm,NA,NA,1.8,1.8,,,,,,
Lythraceae_Galpinia,Shirley Graham,Lythraceae,Galpinia,Lythraceae_Galpinia_transvaalica,woody perennial,23.283,1,,0,0,0,Dry,3,10,6.5,6.5,3,4.5,3.75,2.5,4,insects,biotic,4 mm,NA,NA,11.6,11.6,,,,,,
Lythraceae_Adenaria,Shirley Graham,Lythraceae,Adenaria,Lythraceae_Adenaria_floribunda,woody perennial,11.847,1,,0,0,0,Dry,7,20,13.5,13.5,0.9,1.3,1.1,0.8,1.2,abiotic,abiotic,2.0-2.5,NA,NA,6.3,6.3,,,,,,
Lythraceae_Pemphis,Shirley Graham,Lythraceae,Pemphis,Lythraceae_Pemphis_acidula,woody perennial,47.643,1,,0,0,0,Dry,15,20,17.5,17.5,2.5,3,2.75,1.7,2,vertebrates,biotic,7.0-7.5 mm,NA,NA,14.5,14.5,,,,,,
Lythraceae_Koehneria,Shirley Graham,Lythraceae,Koehneria,Lythraceae_Koehneria_madagascariensis,woody perennial,15.97,1,,0,0,0,Dry,10,30,20,20,1.3,1.7,1.5,1,1.2,insects,biotic,7-7.5 mm,NA,NA,17.5,17.5,,,,,,
Lythraceae_Decodon,Shirley Graham,Lythraceae,Decodon,Lythraceae_Decodon_verticillatus,herbaceous perennial,51.031,1,,0,0,0,Dry,20,30,25,25,1,1.9,1.45,1.2,2,insects,biotic,4.5-6.5 mm,NA,NA,19.5,19.5,,,,,,
Lythraceae_Lythrum,Shirley Graham,Lythraceae,Lythrum,Lythraceae_Lythrum_salicaria,herbaceous perennial,51.031,43,,0.074,0.061,0.032,Dry,8,60,34,34,0.4,0.8,0.6,0.3,0.7,insects,biotic,0.5-2 mm,NA,NA,16,16,,,,,,
Lythraceae_Didiplis,Shirley Graham,Lythraceae,Didiplis,Lythraceae_Didiplis_diandra,woody perennial,26.476,1,,0,0,0,Dry,25,45,35,35,0.6,0.9,0.75,0.2,0.3,abiotic,abiotic,1.5-2.5 mm,NA,NA,1.8,1.8,,,,,,
Lythraceae_Diplusodon,Shirley Graham,Lythraceae,Diplusodon,Lythraceae_Diplusodon_lanceolatus,woody perennial,53.295,114,,0.089,0.076,0.047,Dry,4,72,38,38,1,4,2.5,1.8,3.5,insects,biotic,6.5-7 mm,NA,NA,66,66,,,,,,
Lythraceae_Lawsonia,Shirley Graham,Lythraceae,Lawsonia,Lythraceae_Lawsonia_inermis,woody perennial,40.745,1,,0,0,0,Dry,30,50,40,40,1.2,2.2,1.7,1.3,2,insects,biotic,3.0 mm,NA,NA,7.1,7.1,,,,,,
Onagraceae_Camissoniopsis,NA,Onagraceae,Camissoniopsis,Onagraceae_Camissoniopsis_cheiranthifolia,annual,11.2,20,,0.267,0.21,0.095,Dry,NA,NA,,NA,0.5,1.5,1,NA,NA,NA,NA,NA,NA,NA,NA,NA,TV note: some data from the Onagraceae website at SI,,,,,
Lythraceae_Lourtella,Shirley Graham,Lythraceae,Lourtella,Lythraceae_Lourtella_resinosa,woody perennial,48.879,1,,0,0,0,Dry,30,50,40,40,0.8,1,0.9,0.5,0.7,insects,biotic,3.5 mm,NA,NA,12.8,12.8,,,,,,
Lythraceae_Lagerstroemia,Shirley Graham,Lythraceae,Lagerstroemia,Lythraceae_Lagerstroemia_indica,woody perennial,38.103,61,,0.108,0.09,0.051,Dry,8,72,40,40,3,6,4.5,4,16,insects,biotic,10 mm,NA,NA,56,56,,,,,,
Lythraceae_Woodfordia,Shirley Graham,Lythraceae,Woodfordia,Lythraceae_Woodfordia_fruticosa,woody perennial,15.97,2,,0.043,0.025,0.006,Dry,50,50,50,50,0.7,1,0.85,0.2,0.3,insects,biotic,3-4 mm,NA,NA,8.5,8.5,,,,,,
Onagraceae_Taraxia,NA,Onagraceae,Taraxia,Onagraceae_Taraxia_tanacetifolia,herbaceous perennial,19.629,4,,0.071,0.047,0.013,Dry,NA,NA,,NA,1.5,2.25,1.875,0.5,1.25,NA,NA,NA,NA,NA,1.75,1.75,"TV: data from Onagraceae ""monograph""; seed data comes from illustrations",,,,,
Lythraceae_Pehria,Shirley Graham,Lythraceae,Pehria,Lythraceae_Pehria_compacta,woody perennial,11.847,1,,0,0,0,Dry,50,50,50,50,0.7,0.9,0.8,0.3,0.5,insects,biotic,5.0-6.0 mm,NA,NA,11,11,,,,,,
Lythraceae_Tetrataxis,Shirley Graham,Lythraceae,Tetrataxis,Lythraceae_Tetrataxis_salicifolia,woody perennial,19.473,1,,0,0,0,Dry,50,50,50,50,0.9,1.2,1.05,0.2,0.5,NA,biotic,12mm,NA,NA,11,11,,,,,,
Lythraceae_Heimia,Shirley Graham,Lythraceae,Heimia,Lythraceae_Heimia_salicifolia,woody perennial,45.048,4,,0.031,0.02,0.006,Dry,50,50,50,50,0.5,1,0.75,0.3,0.8,insects,biotic,5-6 mm,NA,NA,17.5,17.5,,,,,,
Lythraceae_Ginoria,Shirley Graham,Lythraceae,Ginoria,Lythraceae_Ginoria_nudiflora,woody perennial,19.473,15,,0.139,0.107,0.045,Dry,50,50,50,50,0.5,2.5,1.5,0.1,0.6,insects,biotic,"6-8.5, avg. 7.0",NA,NA,21,21,,,,,,
Myrtaceae_Backhousia,Peter Wilson,Myrtaceae,Backhousia,Myrtaceae_Backhousia_hughesii,woody perennial,68.477,13,,0.037,0.028,0.012,Dry,2,8,5,5,1.6,3,2.3,NA,NA,insects,biotic,8.5-9.5 mm,8.5,9.5,9,9,,,,,,
Myrtaceae_Myrtastrum,Eve Lucas,Myrtaceae,Myrtastrum,Myrtaceae_Myrtastrum_rufopunctatum,woody perennial,60.613,1,,0,0,0,Fleshy,18,24,21,21,0.8,1,0.9,0.7,0.9,insects,biotic,NA,0.8,1,0.9,9,,,,,,
Myrtaceae_Kanakomyrtus,Eve Lucas,Myrtaceae,Kanakomyrtus,Myrtaceae_Kanakomyrtus_,woody perennial,48.372,6,,0.037,0.026,0.008,Fleshy,40,300,170,170,2,2.5,2.25,0.5,0.5,insects,biotic,NA,8,10,9,9,,,,,,
Melastomataceae_Merianthera,Fabian Michelangeli,Melastomataceae,Merianthera,Melastomataceae_Merianthera_bullata,woody perennial,34.596,7,,0.056,0.04,0.014,Dry,100,100,100,100,1,1.5,1.25,0.6,0.9,insects,biotic,14; 25,14,66,40,40,changed by Eve,,,,,
Myrtaceae_Leptospermum,Peter Wilson,Myrtaceae,Leptospermum,Myrtaceae_Leptospermum_erubescens,woody perennial,34.705,96,,0.132,0.112,0.068,Dry,100,300,200,200,1,5,3,0.2,1,insects,biotic,8-10 mm ,8,10,9,9,,,,,,
Myrtaceae_Aluta,Peter Wilson,Myrtaceae,Aluta,Myrtaceae_Aluta_aspera,woody perennial,5.637,10,,0.408,0.302,0.114,Dry,1,1,1,1.5,NA,NA,,NA,NA,insects,biotic,7-12 mm,7,12,9.5,9.5,,,,,,
Lythraceae_Physocalymma,Shirley Graham,Lythraceae,Physocalymma,Lythraceae_Physocalymma_scaberrimum,woody perennial,51.596,1,,0,0,0,Dry,50,50,50,50,3.2,4.2,3.7,2.7,4,insects,biotic,11-15 mm,NA,NA,32,32,,,,,,
Myrtaceae_Hypocalymma,Peter Wilson,Myrtaceae,Hypocalymma,Myrtaceae_Hypocalymma_augustifolium,woody perennial,18.209,28,,0.183,0.147,0.072,Dry,1,3,2,2.5,1.5,1.5,1.5,NA,NA,insects,biotic,8-11 mm,8,11,9.5,9.5,,,,,,
Combretaceae_Guiera,"Olivier Maurin, Ian Turner",Combretaceae,Guiera,Combretaceae_Guiera_senegalensis,woody perennial,55.379,1,,0,0,0,Dry,1,1,1,1,10,20,15,1,2,insects,biotic,"0,1; 0,2",1,2,1.5,1.5,,,,,,
Myrtaceae_Myrrhinium,Eve Lucas,Myrtaceae,Myrrhinium,Myrtaceae_Myrrhinium_atropurpureum,woody perennial,39.164,3,,0.028,0.018,0.005,Fleshy,1,4,2.5,2.5,3,5,4,2.5,3,insects,biotic,NA,8,11,9.5,9.5,,,,,,
Myrtaceae_Amomyrtella,Eve Lucas,Myrtaceae,Amomyrtella,Myrtaceae_Amomyrtella_guili,woody perennial,45.909,2,,0.015,0.009,0.002,Fleshy,2,3,2.5,2.5,3.5,5,4.25,3,4.8,insects,biotic,NA,6,13,9.5,9.5,,,,,,
Myrtaceae_Babingtonia,Peter Wilson,Myrtaceae,Babingtonia,Myrtaceae_Babingtonia_camphorosmae,woody perennial,18.216,10,,0.038,0.022,0.005,Dry,1,15,8,8.5,0.6,1.6,1.1,NA,NA,insects,biotic,8-11 mm,8,11,9.5,9.5,,,,,,
Myrtaceae_Thaleropia,Peter Wilson,Myrtaceae,Thaleropia,Myrtaceae_Thaleropia_queenslandica,woody perennial,60.429,3,,0.018,0.011,0.003,Dry,200,200,200,200,1,1,1,0.2,0.3,vertebrates,biotic,9-10 mm ,9,10,9.5,9.5,,,,,,
Melastomataceae_Huberia,Fabian Michelangeli,Melastomataceae,Huberia,Melastomataceae_Huberia_consimilis,woody perennial,8.143,37,,0.443,0.362,0.187,Dry,35,465,250,267.5,2.4,6.3,4.35,0.3,1.8,insects,biotic,12; 25,22,67,44.5,44.5,FFM note: flower size according to Flora of Sao Paulo,,,,,
Myrtaceae_Melaleuca,Peter Wilson,Myrtaceae,Melaleuca,Myrtaceae_Melaleuca_comboynensis_Callistemon,woody perennial,31.813,465,,0.193,0.171,0.121,Dry,250,300,275,275,1,1.5,1.25,NA,NA,vertebrates,biotic,8.5-10.5 mm,8.5,10.5,9.5,9.5,https://resjournals.onlinelibrary.wiley.com/doi/pdf/10.1111/j.0307-6946.2005.00691.x,,,,,
Lythraceae_Cuphea,Shirley Graham,Lythraceae,Cuphea,Lythraceae_Cuphea_hyssopifolia,woody perennial,28.011,294,,0.203,0.178,0.122,Dry,2,100,51,51,0.5,3.3,1.9,0.3,3,"abiotic, vertebrates","abiotic, biotic",2-6 mm,NA,NA,23.5,23.5,,,,,,
Myrtaceae_Agonis,Peter Wilson,Myrtaceae,Agonis,Myrtaceae_Agonis_,woody perennial,32.903,4,,0.059,0.042,0.014,Dry,3,6,4.5,6,1.2,1.5,1.35,NA,NA,insects,biotic,8-12 mm,8,12,10,10,,,,,,
Lythraceae_Pleurophora,Shirley Graham,Lythraceae,Pleurophora,Lythraceae_Pleurophora_anomala,woody perennial,28.011,8,,0.074,0.054,0.019,Dry,3,100,51.5,51.5,0.6,1,0.8,0.4,0.5,insects,biotic,2-4 mm,NA,NA,10.2,10.2,,,,,,
Lythraceae_Duabanga,Shirley Graham,Lythraceae,Duabanga,Lythraceae_Duabanga_grandiflora,woody perennial,38.103,3,,0.029,0.018,0.005,Dry,100,100,100,100,4,5.5,4.75,0.5,0.5,vertebrates,biotic,2.5 cm,NA,NA,68.5,68.5,,,,,,
Myrtaceae_Lysicarpus,Peter Wilson,Myrtaceae,Lysicarpus,Myrtaceae_Lysicarpus_angustifolius,woody perennial,67.149,1,,0,0,0,Dry,3,9,6,7.5,5.5,6,5.75,NA,NA,insects,biotic,c. 10 mm,10,10,10,10,,,,,,
Myrtaceae_Lithomyrtus,Eve Lucas,Myrtaceae,Lithomyrtus,Myrtaceae_Lithomyrtus_grandifolia,woody perennial,47.431,11,,0.051,0.038,0.015,Fleshy,1,3,2,2,2,3,2.5,1,1.5,insects,biotic,NA,3,18,10.5,10.5,,,,,,
Myrtaceae_Pericalymma,Peter Wilson,Myrtaceae,Pericalymma,Myrtaceae_Pericalymma_spongiocaule,woody perennial,20.976,6,,0.085,0.06,0.019,Dry,3,3,3,4.5,1.2,2,1.6,NA,NA,insects,biotic,8-13 mm ,8,13,10.5,10.5,,,,,,
Myrtaceae_Gossia,Eve Lucas,Myrtaceae,Gossia,Myrtaceae_Gossia_clusioides,woody perennial,52.274,39,,0.07,0.057,0.03,Fleshy,1,8,4.5,4.5,6,10,8,3,7,insects,biotic,NA,6,15,10.5,10.5,,,,,,
Myrtaceae_Seorsus,Peter Wilson,Myrtaceae,Seorsus,Myrtaceae_Seorsus_clavifolius_Astartea,woody perennial,27.619,4,,0.05,0.033,0.009,Dry,5,12,8.5,11,1.2,1.4,1.3,NA,NA,insects,biotic,9-12 mm,9,12,10.5,10.5,,,,,,
Myrtaceae_Syncarpia,Peter Wilson,Myrtaceae,Syncarpia,Myrtaceae_Syncarpia_glomulifera,woody perennial,72.544,3,,0.022,0.015,0.005,Dry,90,150,120,120,1.5,3.5,2.5,NA,NA,"insects, vertebrates",biotic,9-12 mm,9,12,10.5,10.5,,,,,,
Combretaceae_Laguncularia,"Olivier Maurin, Ian Turner",Combretaceae,Laguncularia,Combretaceae_Laguncularia_racemosa,woody perennial,86.423,1,,0,0,0,Dry,1,1,1,1,18,20,19,3,5,insects,biotic,"0,3; 0,5",4,6,5,5,,,,,,
Melastomataceae_Rhynchanthera,Fabian Michelangeli,Melastomataceae,Rhynchanthera,Melastomataceae_Rhynchanthera_grandiflora,herbaceous perennial,18.037,19,,0.163,0.128,0.057,Dry,100,100,100,100,0.5,1,0.75,0.2,0.35,insects,biotic,15; 25,18,56,37,46,changed by Eve,,,,,
Myrtaceae_Metrosideros,Peter Wilson,Myrtaceae,Metrosideros,Myrtaceae_Metrosideros_angustifolia,woody perennial,60.299,78,,0.072,0.061,0.036,Dry,150,200,175,175,2,3,2.5,NA,NA,"insects, vertebrates",biotic,9-12 mm,9,12,10.5,10.5,https://www.tandfonline.com/doi/pdf/10.1080/0028825X.2002.9512803,,,,,
Lythraceae_Rotala,Shirley Graham,Lythraceae,Rotala,Lythraceae_Rotala_ramosior,annual,26.476,76,,0.164,0.138,0.081,Dry,30,300,165,165,0.3,0.7,0.5,0.2,0.4,insects,biotic,2.5 mm,NA,NA,21.3,21.3,,,,,,
Lythraceae_Ammannia,Shirley Graham,Lythraceae,Ammannia,Lythraceae_Ammannia_coccinea,annual,17.707,135,,0.277,0.238,0.151,Dry,100,500,300,300,0.3,0.4,0.35,0.3,0.5,insects,biotic,"1.0-2.5, prev 2 mm",NA,NA,4.3,4.3,,,,,,
Myrtaceae_Pileanthus,Peter Wilson,Myrtaceae,Pileanthus,Myrtaceae_Pileanthus_limacis,woody perennial,21.027,10,,0.11,0.081,0.031,Dry,1,1,1,1.5,NA,2,,NA,NA,insects,biotic,10-12 mm,10,12,11,11,,,,,,
Myrtaceae_Sphaerantia,Peter Wilson,Myrtaceae,Sphaerantia,Myrtaceae_Sphaerantia_discolor,woody perennial,45.956,2,,0.015,0.009,0.002,Dry,1,3,2,2.5,5,6,5.5,NA,NA,NA,NA,10-12 mm,10,12,11,11,,,,,,
Myrtaceae_Lenwebbia,Eve Lucas,Myrtaceae,Lenwebbia,Myrtaceae_Lenwebbia_lasiocladum,woody perennial,36.035,2,,0.019,0.011,0.003,Fleshy,1,28,14.5,14.5,4,7,5.5,2,4,insects,biotic,NA,10,12,11,11,,,,,,
Lythraceae_Crenea,Shirley Graham,Lythraceae,Crenea,Lythraceae_Crenea_maritima,woody perennial,17.707,2,,0.039,0.023,0.005,Dry,500,500,500,500,5,5,5,0.3,0.5,insects,biotic,4.5-5.5,NA,NA,17.2,17.2,,,,,,
Myrtaceae_Angophora,Andrew Thornhill,Myrtaceae,Angophora,Myrtaceae_Angophora_euryphylla,woody perennial,16.893,16,,0.164,0.127,0.054,Dry,NA,100,,NA,1,10,5.5,NA,NA,insects/vertebrates,biotic,4;5;4 (Sepals),6,17,11.5,11.5,,,,,,
Myrtaceae_Cheyniana,Peter Wilson,Myrtaceae,Cheyniana,Myrtaceae_Cheyniana_microphylla,woody perennial,29.477,2,,0.024,0.014,0.003,Dry,1,3,2,2.5,1.4,1.7,1.55,NA,NA,vertebrates,biotic,10-14 mm,10,14,12,12,,,,,,
Combretaceae_Terminalia,"Olivier Maurin, Ian Turner",Combretaceae,Terminalia,Combretaceae_Terminalia_ankaranensis,woody perennial,59.794,282,,0.096,0.085,0.058,Dry,1.5,40,20.75,1,4,80,42,1.5,40,insects,biotic,absent,2,8,5,5,,,,,,
Myrtaceae_Xanthomyrtus,Peter Wilson,Myrtaceae,Xanthomyrtus,Myrtaceae_Xanthomyrtus_compacta,woody perennial,64.738,28,,0.051,0.041,0.02,Fleshy,36,60,48,48,1,1.5,1.25,NA,NA,insects,biotic,c. 11-13,11,13,12,12,,,,,,
Myrtaceae_Chamelaucium,Peter Wilson,Myrtaceae,Chamelaucium,Myrtaceae_Chamelaucium_uncinatum,woody perennial,21.027,23,,0.149,0.118,0.055,Dry,1,1,1,1.5,6,6,6,NA,NA,insects,biotic,15-20 mm,15,20,17.5,12.5,,,,,,
Myrtaceae_Myrceugenia,Eve Lucas,Myrtaceae,Myrceugenia,Myrtaceae_Myrceugenia_alpigena,woody perennial,52.291,60,,0.078,0.065,0.037,Fleshy,1,10,5.5,5.5,0.6,7,3.8,0.5,5.2,insects,biotic,NA,2.5,21,11.75,12.5,,,,,,
Myrtaceae_Calytrix,Peter Wilson,Myrtaceae,Calytrix,Myrtaceae_Calytrix_leschenaultii,woody perennial,30.661,95,,0.149,0.126,0.076,Dry,1,1,1,1.5,2.5,3.5,3,NA,NA,insects,biotic,10-16 mm,10,16,13,13,,,,,,
Melastomataceae_Dissotis,Darin Penneys,Melastomataceae,Dissotis,Melastomataceae_Dissotis_multiflora,woody perennial,12.268,63,,0.338,0.283,0.161,Dry,100,100,100,100,0.4,0.8,0.6,NA,NA,insects,biotic,14; 85; 38,14,85,49.5,49.5,DSP: Veranso et al 2020 radically reorganized Dissotis and allies. Dissotis s.s. now has only 6 spp. I don't know how you want to deal with this here.,,,,,
Myrtaceae_Luma,Eve Lucas,Myrtaceae,Luma,Myrtaceae_Luma_apiculata,woody perennial,45.828,2,,0.015,0.009,0.002,Fleshy,1,16,8.5,8.5,3,6,4.5,3,4,insects,biotic,NA,9,17,13,13,,,,,,
Myrtaceae_Rhodamnia,Eve Lucas,Myrtaceae,Rhodamnia,Myrtaceae_Rhodamnia_cinerea,woody perennial,58.486,43,,0.064,0.053,0.028,Fleshy,2,30,16,16,2,6,4,1.5,4.5,insects,biotic,NA,6,20,13,13,,,,,,
Myrtaceae_Astereomyrtus,Peter Wilson,Myrtaceae,Asteromyrtus,Myrtaceae_Astereomyrtus_symphiocarpa,woody perennial,NA,7,,NA,NA,NA,Dry,3,6,4.5,6,3,4.5,3.75,NA,NA,insects,biotic,9-18 mm,9,18,13.5,13.5,,,,,,
Myrtaceae_Uromyrtus,Eve Lucas,Myrtaceae,Uromyrtus,Myrtaceae_Uromyrtus_artensis,woody perennial,56.845,22,,0.054,0.043,0.02,Fleshy,1,20,10.5,10.5,2.5,4,3.25,2,3,insects,biotic,NA,9,18,13.5,13.5,,,,,,
Onagraceae_Oenothera,Peter Hoch,Onagraceae,Oenothera,Onagraceae_Oenothera_glazioviana,herbaceous perennial,8.044,221,,0.671,0.585,0.39,Dry,1,200,100.5,100.5,0.5,8,4.25,1.1,2.2,insects,biotic,3; 120; c. 40,3,120,61.5,61.5,TV: seed width taken from illustrations in the monograph,,,,,
Myrtaceae_Homalospermum,Peter Wilson,Myrtaceae,Homalospermum,Myrtaceae_Homalospermum_firmum,woody perennial,47.8,1,,0,0,0,Dry,4,4,4,6,2.5,3.5,3,NA,NA,insects,biotic,c. 15 mm,15,15,15,15,,,,,,
Myrtaceae_Accara,Karinne Valdemarin,Myrtaceae,Accara,Myrtaceae_Accara_elegans,woody perennial,40.582,1,,0,0,0,Fleshy,40,40,40,40,3,3,3,NA,NA,insects,biotic,11-19 mm long,11,19,15,15,,,,,,
Myrtaceae_Purpureostemon,Peter Wilson,Myrtaceae,Purpureostemon,Myrtaceae_Purpureostemon_ciliatum,woody perennial,39.957,1,,0,0,0,Dry,80,100,90,130,4.5,6,5.25,2,2.5,vertebrates,biotic,12-18 mm ,12,18,15,15,,,,,,
Myrtaceae_Chamguava,Karinne Valdemarin,Myrtaceae,Chamguava,Myrtaceae_Chamguava_schipii,woody perennial,36.864,5,,0.044,0.03,0.009,Fleshy,1,4,2.5,2.5,6,10,8,NA,NA,insects,biotic,12.5-21 mm long,12.5,21,16.75,16.75,,,,,,
Myrtaceae_Myrcianthes,Eve Lucas,Myrtaceae,Myrcianthes,Myrtaceae_Myrcianthes_fragrans,woody perennial,39.218,39,,0.093,0.076,0.04,Fleshy,1,4,2.5,2.5,5,30,17.5,2,10,insects,biotic,4; 30; ,4,30,17,17,,,,,,
Myrtaceae_Archirhodomyrtus,Eve Lucas,Myrtaceae,Archirhodomyrtus,Myrtaceae_Archirhodomyrtus_paitensis,woody perennial,55.165,5,,0.029,0.02,0.006,Fleshy,32,60,46,46,1,1.2,1.1,1.1,1.8,insects,biotic,NA,15,20,17.5,17.5,,,,,,
Melastomataceae_Rhexia,Fabian Michelangeli,Melastomataceae,Rhexia,Melastomataceae_Rhexia_virginica,herbaceous perennial,22.165,15,,0.122,0.094,0.039,Dry,100,100,100,100,0.4,1.5,0.95,0.25,0.8,insects,biotic,10; 18,19,76,47.5,57,changed by Eve,,,,,
Myrtaceae_Kjellbergiodendron,Peter Wilson,Myrtaceae,Kjellbergiodendron,Myrtaceae_Kjellbergiodendron_,woody perennial,46.478,1,,0,0,0,Fleshy,1,1,1,1.5,18,40,29,NA,NA,NA,NA,c. 20 mm,20,20,20,20,,,,,,
Myrtaceae_Balaustion,Peter Wilson,Myrtaceae,Balaustion,Myrtaceae_Balaustion_pulcherrimum,woody perennial,29.477,1,,0,0,0,Dry,18,36,27,36,2.4,2.6,2.5,NA,NA,vertebrates,biotic,15-25 mm,15,25,20,20,,,,,,
Myrtaceae_Octamyrtus,Eve Lucas,Myrtaceae,Octamyrtus,Myrtaceae_Octamyrtus_pleiopetala,woody perennial,41.785,6,,0.043,0.03,0.01,Fleshy,15,40,27.5,27.5,1.5,3,2.25,1,2,insects,biotic,NA,10,30,20,20,,,,,,
Vochysiaceae_Callisthene,Gustavo Shimizu & Deise Gon√ßalves,Vochysiaceae,Callisthene,Vochysiaceae_Callisthene_microphylla,woody perennial,21.366,10,,0.108,0.08,0.03,Dry,3,6,4.5,4.5,5,10,7.5,3,7,insects,biotic,0.5-1.3 cm long,5,13,9,9,,,,,,
Melastomataceae_Melastoma,Darin Penneys,Melastomataceae,Melastoma,Melastomataceae_Melastoma_malabathricum,woody perennial,12.861,110,,0.365,0.312,0.193,Dry,100,100,100,100,0.9,0.9,0.9,0.9,0.9,insects,biotic,13; 92; 50,13,92,52.5,61,,,,,,
Myrtaceae_Decaspermum,Eve Lucas,Myrtaceae,Decaspermum,Myrtaceae_Decaspermum_fruticosum,woody perennial,56.183,38,,0.065,0.053,0.028,Fleshy,3,18,10.5,10.5,0.7,2,1.35,0.5,1,insects,biotic,NA,16,25,20.5,20.5,,,,,,
Myrtaceae_Welchiodendron,Peter Wilson,Myrtaceae,Welchiodendron,Myrtaceae_Welchiodendron_longivalve,woody perennial,42.483,1,,0,0,0,Dry,2,6,4,5,6,8,7,NA,NA,NA,NA,20-25 mm ,20,25,22.5,22.5,,,,,,
Vochysiaceae_Korupodendron,Gustavo Shimizu & Deise Gon√ßalves,Vochysiaceae,Korupodendron,Vochysiaceae_Korupodendron_songweanum,woody perennial,18.837,1,,0,0,0,Dry,1,1,1,1,10,10,10,10,10,NA,NA,ca. 2 cm long,20,20,20,20,,,,,,
Melastomataceae_Stenodon,Fabian Michelangeli,Melastomataceae,Stenodon,Melastomataceae_Stenodon_suberosus,woody perennial,5.584,2,,0.124,0.073,0.017,Dry,100,100,100,100,0.6,0.8,0.7,0.3,0.4,insects,biotic,20; 30,35,40,37.5,72.5,changed by Eve,,,,,
Myrtaceae_Corymbia,Andrew Thornhill,Myrtaceae,Corymbia,Myrtaceae_Corymbia_ficifolia,woody perennial,16.893,110,,0.278,0.238,0.147,Dry,100,100,100,100,1,18,9.5,NA,NA,insects/vertebrates,biotic,NA,4,45,24.5,24.5,,,,,,
Lythraceae_Sonneratia,Shirley Graham,Lythraceae,Sonneratia,Lythraceae_Sonneratia_,woody perennial,31.902,9,,0.069,0.05,0.018,Fleshy,100,1000,550,550,5,12,8.5,4,10,vertebrates,biotic,1.5-3.0 cm,NA,NA,,6,,,,,,
Myrtaceae_Barongia,Peter Wilson,Myrtaceae,Barongia,Myrtaceae_Barongia_lophandra,woody perennial,61.792,1,,0,0,0,Dry,1,2,1.5,2,6,6,6,NA,NA,NA,NA,20-30 mm ,20,30,25,25,,,,,,
Myrtaceae_Lindsayomyrtus,Peter Wilson,Myrtaceae,Lindsayomyrtus,Myrtaceae_Lindsayomyrtus_racemoides,woody perennial,68.492,1,,0,0,0,NA,1,3,2,2.5,10,23,16.5,NA,NA,NA,NA,22-28 mm,22,28,25,25,,,,,,
Myrtaceae_Neofabricia,Peter Wilson,Myrtaceae,Neofabricia,Myrtaceae_Neofabricia_myrtifolia,woody perennial,34.705,3,,0.032,0.02,0.005,Dry,8,12,10,14,2,2.5,2.25,NA,NA,insects,biotic,22-28 mm,22,28,25,25,,,,,,
Vochysiaceae_Erismadelphus,Gustavo Shimizu & Deise Gon√ßalves,Vochysiaceae,Erismadelphus,Vochysiaceae_Erismadelphus_exsul,woody perennial,18.837,4,,0.074,0.049,0.014,Dry,1,1,1,1,15,15,15,10,10,NA,NA,ca. 1 cm long,10,10,10,10,,,,,,
Myrtaceae_Rhodomyrtus,Eve Lucas,Myrtaceae,Rhodomyrtus,Myrtaceae_Rhodomyrtus_tomentosus,woody perennial,41.785,28,,0.08,0.064,0.031,Fleshy,5,50,27.5,22.5,1.5,5,3.25,1,3.5,insects,biotic,NA,15,35,25,25,,,,,,
Melastomataceae_Blakea,Darin Penneys,Melastomataceae,Blakea,Melastomataceae_Blakea_schlimii,woody perennial,31.882,192,,0.166,0.144,0.095,Fleshy,100,100,100,100,0.6,1.8,1.2,NA,NA,insects,biotic,10; 160; 60,10,160,85,85,"DSP. Habit changed from epiphyte to hemiepiphyte (the prevalent condition), and terrestrials are also common. No. spp. changed from 196 to 192. ",TV: changed life form,changed from Herbaceous perennial to woody perenial,,,
Combretaceae_Getonia,"Olivier Maurin, Ian Turner",Combretaceae,Getonia,Combretaceae_Getonia_floribunda_Calycopteris,woody perennial,55.379,1,,0,0,0,Dry,1,1,1,1,5,6,5.5,1,3,insects,biotic,"1,5; 2,0",6,6,6,6,,,,,,
Lythraceae_Punica,Shirley Graham,Lythraceae,Punica,Lythraceae_Punica_protopunica,woody perennial,40.485,2,,0.017,0.01,0.002,Fleshy,100,1000,550,550,4,4.6,4.3,1.8,2,"insects, vertebrates",biotic,ca. 2.0 cm,NA,NA,43,43,,,,,,
Combretaceae_Lumnitzera,"Olivier Maurin, Ian Turner",Combretaceae,Lumnitzera,Combretaceae_Lumnitzera_racemosa,woody perennial,73.807,2,,0.022,0.015,0.005,Dry,1,1,1,1,4,5,4.5,1,2,insects or vertebrates,biotic,"0,8; 1,0",6,8,7,7,,,,,,
Myrtaceae_Psidium,Carolyn Proen√ßa,Myrtaceae,Psidium,Myrtaceae_Psidium_sp,woody perennial,39.164,103,,0.118,0.101,0.062,Fleshy,3,250,126.5,126.5,2,9.5,5.75,NA,NA,insects,biotic,10mm; 40mm,10,40,25,25,,,,,,
Combretaceae_Macropteranthes,"Olivier Maurin, Ian Turner",Combretaceae,Macropteranthes,Combretaceae_Macropteranthes_montana,woody perennial,17.747,5,,0.091,0.062,0.019,Dry,1,1,1,1,3,3,3,1,1,insects,biotic,"0,5; 0,8",6,13,9.5,9.5,,,,,,
Crypteroniaceae_Axinandra,Fabian Michelangeli,Crypteroniaceae,Axinandra,Crypteroniaceae_Axinandra_zeylanica,woody perennial,64.055,4,,0.022,0.014,0.004,Dry,6,12,9,9,15,27.5,21.25,5,12,insects,biotic,NA,4,5,4.5,4.5,changed by Eve,,,,,
Myrtaceae_Whiteodendron,Peter Wilson,Myrtaceae,Whiteodendron,Myrtaceae_Whiteodendron_moultonianum,woody perennial,46.478,1,,0,0,0,Dry,1,1,1,1.5,12,12,12,NA,NA,NA,NA,c. 23-28 mm,23,28,25.5,25.5,,,,,,
Myrtaceae_Eugenia,Eve Lucas,Myrtaceae,Eugenia,Myrtaceae_Eugenia_uniflora,woody perennial,32.161,1212,,0.221,0.199,0.149,Fleshy,1,15,8,8,1.5,38,19.75,2,29.5,insects,biotic,5; 46; 15,5,46,25.5,25.5,,,,,,
Vochysiaceae_Vochysia,Gustavo Shimizu & Deise Gon√ßalves,Vochysiaceae,Vochysia,Vochysiaceae_Vochysia_guianensis,woody perennial,14.145,160,,0.359,0.31,0.2,Dry,3,3,3,3,15,35,25,5,12,insects,biotic,0-3.5 cm long,0,35,17.5,17.5,,,,,,
Myrtaceae_Calycolpus,Paulo Gaem,Myrtaceae,Calycolpus,Myrtaceae_Calycolpus_goetheanus,woody perennial,40.582,17,,0.07,0.054,0.024,Fleshy,3,200,101.5,101.5,1.5,5,3.25,1.1,3.9,insects,biotic,13; 48; 28,13,48,30.5,30.5,,,,,,
Myrtaceae_Eucalyptus,Andrew Thornhill,Myrtaceae,Eucalyptus,Myrtaceae_Eucalyptus_cloeziana,woody perennial,61.946,1096,,0.113,0.102,0.076,Dry,100,500,300,300,0.7,8,4.35,NA,NA,abiotic/insects/vertebrates,abiotic/biotic,Calyptra,1.5,72,36.75,36.76,,,,,,
Vochysiaceae_Salvertia,Gustavo Shimizu & Deise Gon√ßalves,Vochysiaceae,Salvertia,Vochysiaceae_Salvertia_convallariodora,woody perennial,14.145,1,,0,0,0,Dry,3,3,3,3,40,40,40,10,12,insects,biotic,3.8-5.2 cm long,38,52,45,45,,,,,,
Vochysiaceae_Qualea,Gustavo Shimizu & Deise Gon√ßalves,Vochysiaceae,Qualea,Vochysiaceae_Qualea_cryptantha,woody perennial,21.366,66,,0.196,0.164,0.094,Dry,3,30,16.5,16.5,10,45,27.5,3,15,insects,biotic,0.9-7 cm long,9,70,39.5,39.5,,,,,,
Vochysiaceae_Erisma,Gustavo Shimizu & Deise Gon√ßalves,Vochysiaceae,Erisma,Vochysiaceae_Erisma_arietinum,woody perennial,27.828,27,,0.118,0.095,0.046,Dry,1,1,1,1,50,50,50,10,15,insects,biotic,0.5-2 cm long,5,20,12.5,12.5,,,,,,
Myrtaceae_Pleurocalyptus,Peter Wilson,Myrtaceae,Pleurocalyptus,Myrtaceae_Pleurocalyptus_pancheri,woody perennial,21.925,2,,0.032,0.018,0.004,Dry,400,450,425,425,4,5,4.5,3,3.5,NA,NA,30-45 mm,30,45,37.5,37.5,,,,,,
Combretaceae_Dansiea,"Olivier Maurin, Ian Turner",Combretaceae,Dansiea,Combretaceae_Dansiea_elliptica,woody perennial,17.747,2,,0.039,0.023,0.005,Dry,1,1,1,1,NA,NA,,NA,NA,?,biotic,"1,0; 1,5",8,12,10,10,,,,,,
Combretaceae_Strephonema,"Olivier Maurin, Ian Turner",Combretaceae,Strephonema,Combretaceae_Strephonema_mannii,woody perennial,100.245,4,,0.014,0.009,0.003,Fleshy,40,70,55,1,60,70,65,35,70,insects,biotic,"0,4; 0,8",12,20,16,16,,,,,,
Myrtaceae_Syzygium,Yee Wen Low,Myrtaceae,Syzygium,Myrtaceae_Syzygium_acuminatissimum_Acmena,woody perennial,70.845,1233,,0.1,0.091,0.068,Fleshy,1,8,4.5,4.5,5,60,32.5,4,50,Insects,biotic,1.5; 82; ,1.5,82,41.75,41.75,"smallest flower is S. singaporense, while largest is S. porphyrocarpum. Smallest Syzygium seen I've seen about 5mm long (S. cf effusum) and the largest seed is S. gustavioides.",,,,,
Onagraceae_Gongylocarpus,Peter Hoch,Onagraceae,Gongylocarpus,Onagraceae_Gongylocarpus_rubricaulis,annual,43.537,4,,0.032,0.021,0.006,Dry,2,3,2.5,2.5,NA,NA,,NA,NA,insects,biotic,5; 20; 5-6 and 15-18 (2 spp.),5,20,12.5,12.5,,,,,,
Melastomataceae_Brasilianthus,NA,Melastomataceae,Brasilianthus,Melastomataceae_Brasilianthus_carajensis,annual,14.337,1,,0,0,0,Dry,60,100,80,NA,0.5,0.8,0.65,0.45,0.55,insects,biotic,NA,4,6,5,NA,,,,,,
Myrtaceae_Allosyncarpia,Andrew Thornhill,Myrtaceae,Allosyncarpia,Myrtaceae_Allosyncarpia_ternata,woody perennial,41.623,1,,0,0,0,Dry,1,2,1.5,1.5,NA,NA,,NA,NA,insects,biotic,5,NA,NA,,NA,,,,,,
Combretaceae_Combretum,"Olivier Maurin, Ian Turner",Combretaceae,Combretum,Combretaceae_Combretum_glaucocarpum_Thiloa,woody perennial,70.977,282,,0.081,0.072,0.049,Dry,1,1,1,1,9,25,17,1,10,insects,biotic,"0,2-0,5",2,45,23.5,23.5,,,,,,
Melastomataceae_Physeterostemon,Darin Penneys,Melastomataceae,Physeterostemon,Melastomataceae_Physeterostemon_gomesii,woody perennial,15.992,5,,0.101,0.069,0.021,Dry,80,100,90,NA,0.2,0.35,0.275,NA,NA,NA,NA,NA,8,22,15,NA,,,,,,
Myrtaceae_Stockwellia,Andrew Thornhill,Myrtaceae,Stockwellia,Myrtaceae_Stockwellia_quadrifida,woody perennial,29.21,1,,0,0,0,Dry,NA,NA,,NA,8,11,9.5,5,6,insects,biotic,4,NA,NA,,NA,,,,,,
Myrtaceae_Arillastrum,Andrew Thornhill,Myrtaceae,Arillastrum,Myrtaceae_Arillastrum_gummiferum,woody perennial,60.12,1,,0,0,0,Dry,NA,NA,,NA,NA,NA,,NA,NA,insects,biotic,4,NA,NA,,NA,,,,,,
Myrtaceae_Eucalyptopsis,Andrew Thornhill,Myrtaceae,Eucalyptopsis,Myrtaceae_Eucalyptopsis_papuana,woody perennial,29.21,2,,0.024,0.014,0.003,Dry,NA,NA,,NA,NA,NA,,NA,NA,insects,biotic,4,NA,NA,,NA,,,,,,
,,,,,,,,,,,,,,,,,,,,,,,,,,,  ,,,,,,,
,,,,,,,,,,,,,,,,,,,,,,,,,,,  ,,,,,,,
,,,,,,,,,,,,,,,,,,,,,,,,,,,  ,,,,,,,
,,,,,,,,,,,,,,,,,,,,,,,,,,,  ,,,,,,,
,,,,,,,,,,,,,,,,,,,,,,,,,,,  ,,,,,,,
,,,,,,,,,,,,,,,,,,,,,,,,,,,  ,,,,,,,
,,,,,,,,,,,,,,,,,,,,,,,,,,,  ,,,,,,,
,,,,,,,,,,,,,,,,,,,,,,,,,,,  ,,,,,,,
,,,,,,,,,,,,,,,,,,,,,,,,,,,  ,,,,,,,
,,,,,,,,,,,,,,,,,,,,,,,,,,,  ,,,,,,,
,,,,,,,,,,,,,,,,,,,,,,,,,,,  ,,,,,,,
,,,,,,,,,,,,,,,,,,,,,,,,,,,  ,,,,,,,
,,,,,,,,,,,,,,,,,,,,,,,,,,,  ,,,,,,,
,,,,,,,,,,,,,,,,,,,,,,,,,,,  ,,,,,,,
,,,,,,,,,,,,,,,,,,,,,,,,,,,  ,,,,,,,
,,,,,,,,,,,,,,,,,,,,,,,,,,,  ,,,,,,,
,,,,,,,,,,,,,,,,,,,,,,,,,,,  ,,,,,,,
,,,,,,,,,,,,,,,,,,,,,,,,,,,  ,,,,,,,
,,,,,,,,,,,,,,,,,,,,,,,,,,,  ,,,,,,,
,,,,,,,,,,,,,,,,,,,,,,,,,,,  ,,,,,,,
,,,,,,,,,,,,,,,,,,,,,,,,,,,  ,,,,,,,
,,,,,,,,,,,,,,,,,,,,,,,,,,,  ,,,,,,,
,,,,,,,,,,,,,,,,,,,,,,,,,,,  ,,,,,,,
,,,,,,,,,,,,,,,,,,,,,,,,,,,  ,,,,,,,
,,,,,,,,,,,,,,,,,,,,,,,,,,,  ,,,,,,,
,,,,,,,,,,,,,,,,,,,,,,,,,,,  ,,,,,,,
,,,,,,,,,,,,,,,,,,,,,,,,,,,  ,,,,,,,
,,,,,,,,,,,,,,,,,,,,,,,,,,,  ,,,,,,,
,,,,,,,,,,,,,,,,,,,,,,,,,,,  ,,,,,,,
,,,,,,,,,,,,,,,,,,,,,,,,,,,  ,,,,,,,
,,,,,,,,,,,,,,,,,,,,,,,,,,,  ,,,,,,,
,,,,,,,,,,,,,,,,,,,,,,,,,,,  ,,,,,,,
,,,,,,,,,,,,,,,,,,,,,,,,,,,  ,,,,,,,
,,,,,,,,,,,,,,,,,,,,,,,,,,,  ,,,,,,,
,,,,,,,,,,,,,,,,,,,,,,,,,,,  ,,,,,,,
,,,,,,,,,,,,,,,,,,,,,,,,,,,  ,,,,,,,
,,,,,,,,,,,,,,,,,,,,,,,,,,,  ,,,,,,,
,,,,,,,,,,,,,,,,,,,,,,,,,,,  ,,,,,,,
,,,,,,,,,,,,,,,,,,,,,,,,,,,  ,,,,,,,
,,,,,,,,,,,,,,,,,,,,,,,,,,,  ,,,,,,,
,,,,,,,,,,,,,,,,,,,,,,,,,,,  ,,,,,,,
,,,,,,,,,,,,,,,,,,,,,,,,,,,  ,,,,,,,
,,,,,,,,,,,,,,,,,,,,,,,,,,,  ,,,,,,,
,,,,,,,,,,,,,,,,,,,,,,,,,,,  ,,,,,,,
,,,,,,,,,,,,,,,,,,,,,,,,,,,  ,,,,,,,
,,,,,,,,,,,,,,,,,,,,,,,,,,,  ,,,,,,,
,,,,,,,,,,,,,,,,,,,,,,,,,,,  ,,,,,,,
,,,,,,,,,,,,,,,,,,,,,,,,,,,  ,,,,,,,
,,,,,,,,,,,,,,,,,,,,,,,,,,,  ,,,,,,,
,,,,,,,,,,,,,,,,,,,,,,,,,,,  ,,,,,,,
,,,,,,,,,,,,,,,,,,,,,,,,,,,  ,,,,,,,
,,,,,,,,,,,,,,,,,,,,,,,,,,,  ,,,,,,,
,,,,,,,,,,,,,,,,,,,,,,,,,,,  ,,,,,,,
,,,,,,,,,,,,,,,,,,,,,,,,,,,  ,,,,,,,
,,,,,,,,,,,,,,,,,,,,,,,,,,,  ,,,,,,,
,,,,,,,,,,,,,,,,,,,,,,,,,,,  ,,,,,,,
,,,,,,,,,,,,,,,,,,,,,,,,,,,  ,,,,,,,
,,,,,,,,,,,,,,,,,,,,,,,,,,,  ,,,,,,,
,,,,,,,,,,,,,,,,,,,,,,,,,,,  ,,,,,,,
,,,,,,,,,,,,,,,,,,,,,,,,,,,  ,,,,,,,
,,,,,,,,,,,,,,,,,,,,,,,,,,,  ,,,,,,,
,,,,,,,,,,,,,,,,,,,,,,,,,,,  ,,,,,,,
,,,,,,,,,,,,,,,,,,,,,,,,,,,  ,,,,,,,
,,,,,,,,,,,,,,,,,,,,,,,,,,,  ,,,,,,,
,,,,,,,,,,,,,,,,,,,,,,,,,,,  ,,,,,,,
,,,,,,,,,,,,,,,,,,,,,,,,,,,  ,,,,,,,
,,,,,,,,,,,,,,,,,,,,,,,,,,,  ,,,,,,,
,,,,,,,,,,,,,,,,,,,,,,,,,,,  ,,,,,,,
,,,,,,,,,,,,,,,,,,,,,,,,,,,  ,,,,,,,
,,,,,,,,,,,,,,,,,,,,,,,,,,,  ,,,,,,,
,,,,,,,,,,,,,,,,,,,,,,,,,,,  ,,,,,,,
,,,,,,,,,,,,,,,,,,,,,,,,,,,  ,,,,,,,
,,,,,,,,,,,,,,,,,,,,,,,,,,,  ,,,,,,,
,,,,,,,,,,,,,,,,,,,,,,,,,,,  ,,,,,,,
,,,,,,,,,,,,,,,,,,,,,,,,,,,  ,,,,,,,
,,,,,,,,,,,,,,,,,,,,,,,,,,,  ,,,,,,,
,,,,,,,,,,,,,,,,,,,,,,,,,,,  ,,,,,,,
,,,,,,,,,,,,,,,,,,,,,,,,,,,  ,,,,,,,
,,,,,,,,,,,,,,,,,,,,,,,,,,,  ,,,,,,,
,,,,,,,,,,,,,,,,,,,,,,,,,,,  ,,,,,,,
,,,,,,,,,,,,,,,,,,,,,,,,,,,  ,,,,,,,
,,,,,,,,,,,,,,,,,,,,,,,,,,,  ,,,,,,,
,,,,,,,,,,,,,,,,,,,,,,,,,,,  ,,,,,,,
,,,,,,,,,,,,,,,,,,,,,,,,,,,  ,,,,,,,
,,,,,,,,,,,,,,,,,,,,,,,,,,,  ,,,,,,,
,,,,,,,,,,,,,,,,,,,,,,,,,,,  ,,,,,,,
,,,,,,,,,,,,,,,,,,,,,,,,,,,  ,,,,,,,
,,,,,,,,,,,,,,,,,,,,,,,,,,,  ,,,,,,,
,,,,,,,,,,,,,,,,,,,,,,,,,,,  ,,,,,,,
,,,,,,,,,,,,,,,,,,,,,,,,,,,  ,,,,,,,
,,,,,,,,,,,,,,,,,,,,,,,,,,,  ,,,,,,,
,,,,,,,,,,,,,,,,,,,,,,,,,,,  ,,,,,,,
,,,,,,,,,,,,,,,,,,,,,,,,,,,  ,,,,,,,
,,,,,,,,,,,,,,,,,,,,,,,,,,,  ,,,,,,,
,,,,,,,,,,,,,,,,,,,,,,,,,,,  ,,,,,,,
,,,,,,,,,,,,,,,,,,,,,,,,,,,  ,,,,,,,
,,,,,,,,,,,,,,,,,,,,,,,,,,,  ,,,,,,,
,,,,,,,,,,,,,,,,,,,,,,,,,,,  ,,,,,,,
,,,,,,,,,,,,,,,,,,,,,,,,,,,  ,,,,,,,
,,,,,,,,,,,,,,,,,,,,,,,,,,,  ,,,,,,,
,,,,,,,,,,,,,,,,,,,,,,,,,,,  ,,,,,,,
,,,,,,,,,,,,,,,,,,,,,,,,,,,  ,,,,,,,
,,,,,,,,,,,,,,,,,,,,,,,,,,,  ,,,,,,,
,,,,,,,,,,,,,,,,,,,,,,,,,,,  ,,,,,,,
,,,,,,,,,,,,,,,,,,,,,,,,,,,  ,,,,,,,
,,,,,,,,,,,,,,,,,,,,,,,,,,,  ,,,,,,,
,,,,,,,,,,,,,,,,,,,,,,,,,,,  ,,,,,,,
,,,,,,,,,,,,,,,,,,,,,,,,,,,  ,,,,,,,
,,,,,,,,,,,,,,,,,,,,,,,,,,,  ,,,,,,,
,,,,,,,,,,,,,,,,,,,,,,,,,,,  ,,,,,,,
,,,,,,,,,,,,,,,,,,,,,,,,,,,  ,,,,,,,
,,,,,,,,,,,,,,,,,,,,,,,,,,,  ,,,,,,,
,,,,,,,,,,,,,,,,,,,,,,,,,,,  ,,,,,,,
,,,,,,,,,,,,,,,,,,,,,,,,,,,  ,,,,,,,
,,,,,,,,,,,,,,,,,,,,,,,,,,,  ,,,,,,,
,,,,,,,,,,,,,,,,,,,,,,,,,,,  ,,,,,,,
,,,,,,,,,,,,,,,,,,,,,,,,,,,  ,,,,,,,
,,,,,,,,,,,,,,,,,,,,,,,,,,,  ,,,,,,,
,,,,,,,,,,,,,,,,,,,,,,,,,,,  ,,,,,,,
,,,,,,,,,,,,,,,,,,,,,,,,,,,  ,,,,,,,
,,,,,,,,,,,,,,,,,,,,,,,,,,,  ,,,,,,,
,,,,,,,,,,,,,,,,,,,,,,,,,,,  ,,,,,,,
,,,,,,,,,,,,,,,,,,,,,,,,,,,  ,,,,,,,
,,,,,,,,,,,,,,,,,,,,,,,,,,,  ,,,,,,,
,,,,,,,,,,,,,,,,,,,,,,,,,,,  ,,,,,,,
,,,,,,,,,,,,,,,,,,,,,,,,,,,  ,,,,,,,
,,,,,,,,,,,,,,,,,,,,,,,,,,,  ,,,,,,,
,,,,,,,,,,,,,,,,,,,,,,,,,,,  ,,,,,,,
,,,,,,,,,,,,,,,,,,,,,,,,,,,  ,,,,,,,
,,,,,,,,,,,,,,,,,,,,,,,,,,,  ,,,,,,,
,,,,,,,,,,,,,,,,,,,,,,,,,,,  ,,,,,,,
,,,,,,,,,,,,,,,,,,,,,,,,,,,  ,,,,,,,
,,,,,,,,,,,,,,,,,,,,,,,,,,,  ,,,,,,,
,,,,,,,,,,,,,,,,,,,,,,,,,,,  ,,,,,,,
,,,,,,,,,,,,,,,,,,,,,,,,,,,  ,,,,,,,
,,,,,,,,,,,,,,,,,,,,,,,,,,,  ,,,,,,,
,,,,,,,,,,,,,,,,,,,,,,,,,,,  ,,,,,,,
,,,,,,,,,,,,,,,,,,,,,,,,,,,  ,,,,,,,
,,,,,,,,,,,,,,,,,,,,,,,,,,,  ,,,,,,,
,,,,,,,,,,,,,,,,,,,,,,,,,,,  ,,,,,,,
,,,,,,,,,,,,,,,,,,,,,,,,,,,  ,,,,,,,
,,,,,,,,,,,,,,,,,,,,,,,,,,,  ,,,,,,,
,,,,,,,,,,,,,,,,,,,,,,,,,,,  ,,,,,,,
,,,,,,,,,,,,,,,,,,,,,,,,,,,  ,,,,,,,
,,,,,,,,,,,,,,,,,,,,,,,,,,,  ,,,,,,,
,,,,,,,,,,,,,,,,,,,,,,,,,,,  ,,,,,,,
,,,,,,,,,,,,,,,,,,,,,,,,,,,  ,,,,,,,
,,,,,,,,,,,,,,,,,,,,,,,,,,,  ,,,,,,,
,,,,,,,,,,,,,,,,,,,,,,,,,,,  ,,,,,,,
,,,,,,,,,,,,,,,,,,,,,,,,,,,  ,,,,,,,
,,,,,,,,,,,,,,,,,,,,,,,,,,,  ,,,,,,,
,,,,,,,,,,,,,,,,,,,,,,,,,,,  ,,,,,,,
,,,,,,,,,,,,,,,,,,,,,,,,,,,  ,,,,,,,
,,,,,,,,,,,,,,,,,,,,,,,,,,,  ,,,,,,,
,,,,,,,,,,,,,,,,,,,,,,,,,,,  ,,,,,,,
,,,,,,,,,,,,,,,,,,,,,,,,,,,  ,,,,,,,
,,,,,,,,,,,,,,,,,,,,,,,,,,,  ,,,,,,,
,,,,,,,,,,,,,,,,,,,,,,,,,,,  ,,,,,,,
,,,,,,,,,,,,,,,,,,,,,,,,,,,  ,,,,,,,
,,,,,,,,,,,,,,,,,,,,,,,,,,,  ,,,,,,,
,,,,,,,,,,,,,,,,,,,,,,,,,,,  ,,,,,,,
,,,,,,,,,,,,,,,,,,,,,,,,,,,  ,,,,,,,
,,,,,,,,,,,,,,,,,,,,,,,,,,,  ,,,,,,,
,,,,,,,,,,,,,,,,,,,,,,,,,,,  ,,,,,,,
,,,,,,,,,,,,,,,,,,,,,,,,,,,  ,,,,,,,
,,,,,,,,,,,,,,,,,,,,,,,,,,,  ,,,,,,,
,,,,,,,,,,,,,,,,,,,,,,,,,,,  ,,,,,,,
,,,,,,,,,,,,,,,,,,,,,,,,,,,  ,,,,,,,
,,,,,,,,,,,,,,,,,,,,,,,,,,,  ,,,,,,,
,,,,,,,,,,,,,,,,,,,,,,,,,,,  ,,,,,,,
,,,,,,,,,,,,,,,,,,,,,,,,,,,  ,,,,,,,
,,,,,,,,,,,,,,,,,,,,,,,,,,,  ,,,,,,,
,,,,,,,,,,,,,,,,,,,,,,,,,,,  ,,,,,,,
,,,,,,,,,,,,,,,,,,,,,,,,,,,  ,,,,,,,
,,,,,,,,,,,,,,,,,,,,,,,,,,,  ,,,,,,,
,,,,,,,,,,,,,,,,,,,,,,,,,,,  ,,,,,,,
,,,,,,,,,,,,,,,,,,,,,,,,,,,  ,,,,,,,
,,,,,,,,,,,,,,,,,,,,,,,,,,,  ,,,,,,,
,,,,,,,,,,,,,,,,,,,,,,,,,,,  ,,,,,,,
,,,,,,,,,,,,,,,,,,,,,,,,,,,  ,,,,,,,
,,,,,,,,,,,,,,,,,,,,,,,,,,,  ,,,,,,,
,,,,,,,,,,,,,,,,,,,,,,,,,,,  ,,,,,,,
,,,,,,,,,,,,,,,,,,,,,,,,,,,  ,,,,,,,
,,,,,,,,,,,,,,,,,,,,,,,,,,,  ,,,,,,,
,,,,,,,,,,,,,,,,,,,,,,,,,,,  ,,,,,,,
,,,,,,,,,,,,,,,,,,,,,,,,,,,  ,,,,,,,
,,,,,,,,,,,,,,,,,,,,,,,,,,,  ,,,,,,,
,,,,,,,,,,,,,,,,,,,,,,,,,,,  ,,,,,,,
,,,,,,,,,,,,,,,,,,,,,,,,,,,  ,,,,,,,
,,,,,,,,,,,,,,,,,,,,,,,,,,,  ,,,,,,,
,,,,,,,,,,,,,,,,,,,,,,,,,,,  ,,,,,,,
,,,,,,,,,,,,,,,,,,,,,,,,,,,  ,,,,,,,
,,,,,,,,,,,,,,,,,,,,,,,,,,,  ,,,,,,,
,,,,,,,,,,,,,,,,,,,,,,,,,,,  ,,,,,,,
,,,,,,,,,,,,,,,,,,,,,,,,,,,  ,,,,,,,
,,,,,,,,,,,,,,,,,,,,,,,,,,,  ,,,,,,,
,,,,,,,,,,,,,,,,,,,,,,,,,,,  ,,,,,,,
,,,,,,,,,,,,,,,,,,,,,,,,,,,  ,,,,,,,
,,,,,,,,,,,,,,,,,,,,,,,,,,,  ,,,,,,,
,,,,,,,,,,,,,,,,,,,,,,,,,,,  ,,,,,,,
,,,,,,,,,,,,,,,,,,,,,,,,,,,  ,,,,,,,
,,,,,,,,,,,,,,,,,,,,,,,,,,,  ,,,,,,,
,,,,,,,,,,,,,,,,,,,,,,,,,,,  ,,,,,,,
,,,,,,,,,,,,,,,,,,,,,,,,,,,  ,,,,,,,
,,,,,,,,,,,,,,,,,,,,,,,,,,,  ,,,,,,,
,,,,,,,,,,,,,,,,,,,,,,,,,,,  ,,,,,,,
,,,,,,,,,,,,,,,,,,,,,,,,,,,  ,,,,,,,
,,,,,,,,,,,,,,,,,,,,,,,,,,,  ,,,,,,,
,,,,,,,,,,,,,,,,,,,,,,,,,,,  ,,,,,,,
,,,,,,,,,,,,,,,,,,,,,,,,,,,  ,,,,,,,
,,,,,,,,,,,,,,,,,,,,,,,,,,,  ,,,,,,,
,,,,,,,,,,,,,,,,,,,,,,,,,,,  ,,,,,,,
,,,,,,,,,,,,,,,,,,,,,,,,,,,  ,,,,,,,
,,,,,,,,,,,,,,,,,,,,,,,,,,,  ,,,,,,,
,,,,,,,,,,,,,,,,,,,,,,,,,,,  ,,,,,,,
,,,,,,,,,,,,,,,,,,,,,,,,,,,  ,,,,,,,
,,,,,,,,,,,,,,,,,,,,,,,,,,,  ,,,,,,,
,,,,,,,,,,,,,,,,,,,,,,,,,,,  ,,,,,,,
,,,,,,,,,,,,,,,,,,,,,,,,,,,  ,,,,,,,
,,,,,,,,,,,,,,,,,,,,,,,,,,,  ,,,,,,,
,,,,,,,,,,,,,,,,,,,,,,,,,,,  ,,,,,,,
,,,,,,,,,,,,,,,,,,,,,,,,,,,  ,,,,,,,
,,,,,,,,,,,,,,,,,,,,,,,,,,,  ,,,,,,,
,,,,,,,,,,,,,,,,,,,,,,,,,,,  ,,,,,,,
,,,,,,,,,,,,,,,,,,,,,,,,,,,  ,,,,,,,
,,,,,,,,,,,,,,,,,,,,,,,,,,,  ,,,,,,,
,,,,,,,,,,,,,,,,,,,,,,,,,,,  ,,,,,,,
,,,,,,,,,,,,,,,,,,,,,,,,,,,  ,,,,,,,
,,,,,,,,,,,,,,,,,,,,,,,,,,,  ,,,,,,,
,,,,,,,,,,,,,,,,,,,,,,,,,,,  ,,,,,,,
,,,,,,,,,,,,,,,,,,,,,,,,,,,  ,,,,,,,
,,,,,,,,,,,,,,,,,,,,,,,,,,,  ,,,,,,,
,,,,,,,,,,,,,,,,,,,,,,,,,,,  ,,,,,,,
,,,,,,,,,,,,,,,,,,,,,,,,,,,  ,,,,,,,
,,,,,,,,,,,,,,,,,,,,,,,,,,,  ,,,,,,,
,,,,,,,,,,,,,,,,,,,,,,,,,,,  ,,,,,,,
,,,,,,,,,,,,,,,,,,,,,,,,,,,  ,,,,,,,
,,,,,,,,,,,,,,,,,,,,,,,,,,,  ,,,,,,,
,,,,,,,,,,,,,,,,,,,,,,,,,,,  ,,,,,,,
,,,,,,,,,,,,,,,,,,,,,,,,,,,  ,,,,,,,
,,,,,,,,,,,,,,,,,,,,,,,,,,,  ,,,,,,,
,,,,,,,,,,,,,,,,,,,,,,,,,,,  ,,,,,,,
,,,,,,,,,,,,,,,,,,,,,,,,,,,  ,,,,,,,
,,,,,,,,,,,,,,,,,,,,,,,,,,,  ,,,,,,,
,,,,,,,,,,,,,,,,,,,,,,,,,,,  ,,,,,,,
,,,,,,,,,,,,,,,,,,,,,,,,,,,  ,,,,,,,
,,,,,,,,,,,,,,,,,,,,,,,,,,,  ,,,,,,,
,,,,,,,,,,,,,,,,,,,,,,,,,,,  ,,,,,,,
,,,,,,,,,,,,,,,,,,,,,,,,,,,  ,,,,,,,
,,,,,,,,,,,,,,,,,,,,,,,,,,,  ,,,,,,,
,,,,,,,,,,,,,,,,,,,,,,,,,,,  ,,,,,,,
,,,,,,,,,,,,,,,,,,,,,,,,,,,  ,,,,,,,
,,,,,,,,,,,,,,,,,,,,,,,,,,,  ,,,,,,,
,,,,,,,,,,,,,,,,,,,,,,,,,,,  ,,,,,,,
,,,,,,,,,,,,,,,,,,,,,,,,,,,  ,,,,,,,
,,,,,,,,,,,,,,,,,,,,,,,,,,,  ,,,,,,,
,,,,,,,,,,,,,,,,,,,,,,,,,,,  ,,,,,,,
,,,,,,,,,,,,,,,,,,,,,,,,,,,  ,,,,,,,
,,,,,,,,,,,,,,,,,,,,,,,,,,,  ,,,,,,,
,,,,,,,,,,,,,,,,,,,,,,,,,,,  ,,,,,,,
,,,,,,,,,,,,,,,,,,,,,,,,,,,  ,,,,,,,
,,,,,,,,,,,,,,,,,,,,,,,,,,,  ,,,,,,,
,,,,,,,,,,,,,,,,,,,,,,,,,,,  ,,,,,,,
,,,,,,,,,,,,,,,,,,,,,,,,,,,  ,,,,,,,
,,,,,,,,,,,,,,,,,,,,,,,,,,,  ,,,,,,,
,,,,,,,,,,,,,,,,,,,,,,,,,,,  ,,,,,,,
,,,,,,,,,,,,,,,,,,,,,,,,,,,  ,,,,,,,
,,,,,,,,,,,,,,,,,,,,,,,,,,,  ,,,,,,,
,,,,,,,,,,,,,,,,,,,,,,,,,,,  ,,,,,,,
,,,,,,,,,,,,,,,,,,,,,,,,,,,  ,,,,,,,
,,,,,,,,,,,,,,,,,,,,,,,,,,,  ,,,,,,,
,,,,,,,,,,,,,,,,,,,,,,,,,,,  ,,,,,,,
,,,,,,,,,,,,,,,,,,,,,,,,,,,  ,,,,,,,
,,,,,,,,,,,,,,,,,,,,,,,,,,,  ,,,,,,,
,,,,,,,,,,,,,,,,,,,,,,,,,,,  ,,,,,,,
,,,,,,,,,,,,,,,,,,,,,,,,,,,  ,,,,,,,
,,,,,,,,,,,,,,,,,,,,,,,,,,,  ,,,,,,,
,,,,,,,,,,,,,,,,,,,,,,,,,,,  ,,,,,,,
,,,,,,,,,,,,,,,,,,,,,,,,,,,  ,,,,,,,
,,,,,,,,,,,,,,,,,,,,,,,,,,,  ,,,,,,,
,,,,,,,,,,,,,,,,,,,,,,,,,,,  ,,,,,,,
,,,,,,,,,,,,,,,,,,,,,,,,,,,  ,,,,,,,
,,,,,,,,,,,,,,,,,,,,,,,,,,,  ,,,,,,,
,,,,,,,,,,,,,,,,,,,,,,,,,,,  ,,,,,,,
,,,,,,,,,,,,,,,,,,,,,,,,,,,  ,,,,,,,
,,,,,,,,,,,,,,,,,,,,,,,,,,,  ,,,,,,,
,,,,,,,,,,,,,,,,,,,,,,,,,,,  ,,,,,,,
,,,,,,,,,,,,,,,,,,,,,,,,,,,  ,,,,,,,
,,,,,,,,,,,,,,,,,,,,,,,,,,,  ,,,,,,,
,,,,,,,,,,,,,,,,,,,,,,,,,,,  ,,,,,,,
,,,,,,,,,,,,,,,,,,,,,,,,,,,  ,,,,,,,
,,,,,,,,,,,,,,,,,,,,,,,,,,,  ,,,,,,,
,,,,,,,,,,,,,,,,,,,,,,,,,,,  ,,,,,,,
,,,,,,,,,,,,,,,,,,,,,,,,,,,  ,,,,,,,
,,,,,,,,,,,,,,,,,,,,,,,,,,,  ,,,,,,,
,,,,,,,,,,,,,,,,,,,,,,,,,,,  ,,,,,,,
,,,,,,,,,,,,,,,,,,,,,,,,,,,  ,,,,,,,
,,,,,,,,,,,,,,,,,,,,,,,,,,,  ,,,,,,,
,,,,,,,,,,,,,,,,,,,,,,,,,,,  ,,,,,,,
,,,,,,,,,,,,,,,,,,,,,,,,,,,  ,,,,,,,
,,,,,,,,,,,,,,,,,,,,,,,,,,,  ,,,,,,,
,,,,,,,,,,,,,,,,,,,,,,,,,,,  ,,,,,,,
,,,,,,,,,,,,,,,,,,,,,,,,,,,  ,,,,,,,
,,,,,,,,,,,,,,,,,,,,,,,,,,,  ,,,,,,,
,,,,,,,,,,,,,,,,,,,,,,,,,,,  ,,,,,,,
,,,,,,,,,,,,,,,,,,,,,,,,,,,  ,,,,,,,
,,,,,,,,,,,,,,,,,,,,,,,,,,,  ,,,,,,,
,,,,,,,,,,,,,,,,,,,,,,,,,,,  ,,,,,,,
,,,,,,,,,,,,,,,,,,,,,,,,,,,  ,,,,,,,
,,,,,,,,,,,,,,,,,,,,,,,,,,,  ,,,,,,,
,,,,,,,,,,,,,,,,,,,,,,,,,,,  ,,,,,,,
,,,,,,,,,,,,,,,,,,,,,,,,,,,  ,,,,,,,
,,,,,,,,,,,,,,,,,,,,,,,,,,,  ,,,,,,,
,,,,,,,,,,,,,,,,,,,,,,,,,,,  ,,,,,,,
,,,,,,,,,,,,,,,,,,,,,,,,,,,  ,,,,,,,
,,,,,,,,,,,,,,,,,,,,,,,,,,,  ,,,,,,,
,,,,,,,,,,,,,,,,,,,,,,,,,,,  ,,,,,,,
,,,,,,,,,,,,,,,,,,,,,,,,,,,  ,,,,,,,
,,,,,,,,,,,,,,,,,,,,,,,,,,,  ,,,,,,,
,,,,,,,,,,,,,,,,,,,,,,,,,,,  ,,,,,,,
,,,,,,,,,,,,,,,,,,,,,,,,,,,  ,,,,,,,
,,,,,,,,,,,,,,,,,,,,,,,,,,,  ,,,,,,,
,,,,,,,,,,,,,,,,,,,,,,,,,,,  ,,,,,,,
,,,,,,,,,,,,,,,,,,,,,,,,,,,  ,,,,,,,
,,,,,,,,,,,,,,,,,,,,,,,,,,,  ,,,,,,,
,,,,,,,,,,,,,,,,,,,,,,,,,,,  ,,,,,,,
,,,,,,,,,,,,,,,,,,,,,,,,,,,  ,,,,,,,
,,,,,,,,,,,,,,,,,,,,,,,,,,,  ,,,,,,,
,,,,,,,,,,,,,,,,,,,,,,,,,,,  ,,,,,,,
,,,,,,,,,,,,,,,,,,,,,,,,,,,  ,,,,,,,
,,,,,,,,,,,,,,,,,,,,,,,,,,,  ,,,,,,,
,,,,,,,,,,,,,,,,,,,,,,,,,,,  ,,,,,,,
,,,,,,,,,,,,,,,,,,,,,,,,,,,  ,,,,,,,
,,,,,,,,,,,,,,,,,,,,,,,,,,,  ,,,,,,,
,,,,,,,,,,,,,,,,,,,,,,,,,,,  ,,,,,,,
,,,,,,,,,,,,,,,,,,,,,,,,,,,  ,,,,,,,
,,,,,,,,,,,,,,,,,,,,,,,,,,,  ,,,,,,,
,,,,,,,,,,,,,,,,,,,,,,,,,,,  ,,,,,,,
,,,,,,,,,,,,,,,,,,,,,,,,,,,  ,,,,,,,
,,,,,,,,,,,,,,,,,,,,,,,,,,,  ,,,,,,,
,,,,,,,,,,,,,,,,,,,,,,,,,,,  ,,,,,,,
,,,,,,,,,,,,,,,,,,,,,,,,,,,  ,,,,,,,
,,,,,,,,,,,,,,,,,,,,,,,,,,,  ,,,,,,,
,,,,,,,,,,,,,,,,,,,,,,,,,,,  ,,,,,,,
,,,,,,,,,,,,,,,,,,,,,,,,,,,  ,,,,,,,
,,,,,,,,,,,,,,,,,,,,,,,,,,,  ,,,,,,,
,,,,,,,,,,,,,,,,,,,,,,,,,,,  ,,,,,,,
,,,,,,,,,,,,,,,,,,,,,,,,,,,  ,,,,,,,
,,,,,,,,,,,,,,,,,,,,,,,,,,,  ,,,,,,,
,,,,,,,,,,,,,,,,,,,,,,,,,,,  ,,,,,,,
,,,,,,,,,,,,,,,,,,,,,,,,,,,  ,,,,,,,
,,,,,,,,,,,,,,,,,,,,,,,,,,,  ,,,,,,,
,,,,,,,,,,,,,,,,,,,,,,,,,,,  ,,,,,,,
,,,,,,,,,,,,,,,,,,,,,,,,,,,  ,,,,,,,
,,,,,,,,,,,,,,,,,,,,,,,,,,,  ,,,,,,,
,,,,,,,,,,,,,,,,,,,,,,,,,,,  ,,,,,,,
,,,,,,,,,,,,,,,,,,,,,,,,,,,  ,,,,,,,
,,,,,,,,,,,,,,,,,,,,,,,,,,,  ,,,,,,,
,,,,,,,,,,,,,,,,,,,,,,,,,,,  ,,,,,,,
,,,,,,,,,,,,,,,,,,,,,,,,,,,  ,,,,,,,
,,,,,,,,,,,,,,,,,,,,,,,,,,,  ,,,,,,,
,,,,,,,,,,,,,,,,,,,,,,,,,,,  ,,,,,,,
,,,,,,,,,,,,,,,,,,,,,,,,,,,  ,,,,,,,
,,,,,,,,,,,,,,,,,,,,,,,,,,,  ,,,,,,,
,,,,,,,,,,,,,,,,,,,,,,,,,,,  ,,,,,,,
,,,,,,,,,,,,,,,,,,,,,,,,,,,  ,,,,,,,
,,,,,,,,,,,,,,,,,,,,,,,,,,,  ,,,,,,,
,,,,,,,,,,,,,,,,,,,,,,,,,,,  ,,,,,,,
,,,,,,,,,,,,,,,,,,,,,,,,,,,  ,,,,,,,
,,,,,,,,,,,,,,,,,,,,,,,,,,,  ,,,,,,,
,,,,,,,,,,,,,,,,,,,,,,,,,,,  ,,,,,,,
,,,,,,,,,,,,,,,,,,,,,,,,,,,  ,,,,,,,
,,,,,,,,,,,,,,,,,,,,,,,,,,,  ,,,,,,,
,,,,,,,,,,,,,,,,,,,,,,,,,,,  ,,,,,,,
,,,,,,,,,,,,,,,,,,,,,,,,,,,  ,,,,,,,
,,,,,,,,,,,,,,,,,,,,,,,,,,,  ,,,,,,,
,,,,,,,,,,,,,,,,,,,,,,,,,,,  ,,,,,,,
,,,,,,,,,,,,,,,,,,,,,,,,,,,  ,,,,,,,
,,,,,,,,,,,,,,,,,,,,,,,,,,,  ,,,,,,,
,,,,,,,,,,,,,,,,,,,,,,,,,,,  ,,,,,,,
,,,,,,,,,,,,,,,,,,,,,,,,,,,  ,,,,,,,
,,,,,,,,,,,,,,,,,,,,,,,,,,,  ,,,,,,,
,,,,,,,,,,,,,,,,,,,,,,,,,,,  ,,,,,,,
,,,,,,,,,,,,,,,,,,,,,,,,,,,  ,,,,,,,
,,,,,,,,,,,,,,,,,,,,,,,,,,,  ,,,,,,,
,,,,,,,,,,,,,,,,,,,,,,,,,,,  ,,,,,,,
,,,,,,,,,,,,,,,,,,,,,,,,,,,  ,,,,,,,
,,,,,,,,,,,,,,,,,,,,,,,,,,,  ,,,,,,,
,,,,,,,,,,,,,,,,,,,,,,,,,,,  ,,,,,,,
,,,,,,,,,,,,,,,,,,,,,,,,,,,  ,,,,,,,
,,,,,,,,,,,,,,,,,,,,,,,,,,,  ,,,,,,,
,,,,,,,,,,,,,,,,,,,,,,,,,,,  ,,,,,,,
,,,,,,,,,,,,,,,,,,,,,,,,,,,  ,,,,,,,
,,,,,,,,,,,,,,,,,,,,,,,,,,,  ,,,,,,,
,,,,,,,,,,,,,,,,,,,,,,,,,,,  ,,,,,,,
,,,,,,,,,,,,,,,,,,,,,,,,,,,  ,,,,,,,
,,,,,,,,,,,,,,,,,,,,,,,,,,,  ,,,,,,,
,,,,,,,,,,,,,,,,,,,,,,,,,,,  ,,,,,,,
,,,,,,,,,,,,,,,,,,,,,,,,,,,  ,,,,,,,
,,,,,,,,,,,,,,,,,,,,,,,,,,,  ,,,,,,,
,,,,,,,,,,,,,,,,,,,,,,,,,,,  ,,,,,,,
,,,,,,,,,,,,,,,,,,,,,,,,,,,  ,,,,,,,
,,,,,,,,,,,,,,,,,,,,,,,,,,,  ,,,,,,,
,,,,,,,,,,,,,,,,,,,,,,,,,,,  ,,,,,,,
,,,,,,,,,,,,,,,,,,,,,,,,,,,  ,,,,,,,
,,,,,,,,,,,,,,,,,,,,,,,,,,,  ,,,,,,,
,,,,,,,,,,,,,,,,,,,,,,,,,,,  ,,,,,,,
,,,,,,,,,,,,,,,,,,,,,,,,,,,  ,,,,,,,
,,,,,,,,,,,,,,,,,,,,,,,,,,,  ,,,,,,,
,,,,,,,,,,,,,,,,,,,,,,,,,,,  ,,,,,,,
,,,,,,,,,,,,,,,,,,,,,,,,,,,  ,,,,,,,
,,,,,,,,,,,,,,,,,,,,,,,,,,,  ,,,,,,,
,,,,,,,,,,,,,,,,,,,,,,,,,,,  ,,,,,,,
,,,,,,,,,,,,,,,,,,,,,,,,,,,  ,,,,,,,
,,,,,,,,,,,,,,,,,,,,,,,,,,,  ,,,,,,,
,,,,,,,,,,,,,,,,,,,,,,,,,,,  ,,,,,,,
,,,,,,,,,,,,,,,,,,,,,,,,,,,  ,,,,,,,
,,,,,,,,,,,,,,,,,,,,,,,,,,,  ,,,,,,,
,,,,,,,,,,,,,,,,,,,,,,,,,,,  ,,,,,,,
,,,,,,,,,,,,,,,,,,,,,,,,,,,  ,,,,,,,
,,,,,,,,,,,,,,,,,,,,,,,,,,,  ,,,,,,,
,,,,,,,,,,,,,,,,,,,,,,,,,,,  ,,,,,,,
,,,,,,,,,,,,,,,,,,,,,,,,,,,  ,,,,,,,
,,,,,,,,,,,,,,,,,,,,,,,,,,,  ,,,,,,,
,,,,,,,,,,,,,,,,,,,,,,,,,,,  ,,,,,,,
,,,,,,,,,,,,,,,,,,,,,,,,,,,  ,,,,,,,
,,,,,,,,,,,,,,,,,,,,,,,,,,,  ,,,,,,,
,,,,,,,,,,,,,,,,,,,,,,,,,,,  ,,,,,,,
,,,,,,,,,,,,,,,,,,,,,,,,,,,  ,,,,,,,
,,,,,,,,,,,,,,,,,,,,,,,,,,,  ,,,,,,,
,,,,,,,,,,,,,,,,,,,,,,,,,,,  ,,,,,,,
,,,,,,,,,,,,,,,,,,,,,,,,,,,  ,,,,,,,
,,,,,,,,,,,,,,,,,,,,,,,,,,,  ,,,,,,,
,,,,,,,,,,,,,,,,,,,,,,,,,,,  ,,,,,,,
,,,,,,,,,,,,,,,,,,,,,,,,,,,  ,,,,,,,
,,,,,,,,,,,,,,,,,,,,,,,,,,,  ,,,,,,,
,,,,,,,,,,,,,,,,,,,,,,,,,,,  ,,,,,,,
,,,,,,,,,,,,,,,,,,,,,,,,,,,  ,,,,,,,
,,,,,,,,,,,,,,,,,,,,,,,,,,,  ,,,,,,,
,,,,,,,,,,,,,,,,,,,,,,,,,,,  ,,,,,,,
,,,,,,,,,,,,,,,,,,,,,,,,,,,  ,,,,,,,
,,,,,,,,,,,,,,,,,,,,,,,,,,,  ,,,,,,,
,,,,,,,,,,,,,,,,,,,,,,,,,,,  ,,,,,,,
,,,,,,,,,,,,,,,,,,,,,,,,,,,  ,,,,,,,
,,,,,,,,,,,,,,,,,,,,,,,,,,,  ,,,,,,,
,,,,,,,,,,,,,,,,,,,,,,,,,,,  ,,,,,,,
,,,,,,,,,,,,,,,,,,,,,,,,,,,  ,,,,,,,
,,,,,,,,,,,,,,,,,,,,,,,,,,,  ,,,,,,,
,,,,,,,,,,,,,,,,,,,,,,,,,,,  ,,,,,,,
,,,,,,,,,,,,,,,,,,,,,,,,,,,  ,,,,,,,
,,,,,,,,,,,,,,,,,,,,,,,,,,,  ,,,,,,,
,,,,,,,,,,,,,,,,,,,,,,,,,,,  ,,,,,,,
,,,,,,,,,,,,,,,,,,,,,,,,,,,  ,,,,,,,
,,,,,,,,,,,,,,,,,,,,,,,,,,,  ,,,,,,,
,,,,,,,,,,,,,,,,,,,,,,,,,,,  ,,,,,,,
,,,,,,,,,,,,,,,,,,,,,,,,,,,  ,,,,,,,
,,,,,,,,,,,,,,,,,,,,,,,,,,,  ,,,,,,,
,,,,,,,,,,,,,,,,,,,,,,,,,,,  ,,,,,,,
,,,,,,,,,,,,,,,,,,,,,,,,,,,  ,,,,,,,
,,,,,,,,,,,,,,,,,,,,,,,,,,,  ,,,,,,,
,,,,,,,,,,,,,,,,,,,,,,,,,,,  ,,,,,,,
,,,,,,,,,,,,,,,,,,,,,,,,,,,  ,,,,,,,
,,,,,,,,,,,,,,,,,,,,,,,,,,,  ,,,,,,,
,,,,,,,,,,,,,,,,,,,,,,,,,,,  ,,,,,,,
,,,,,,,,,,,,,,,,,,,,,,,,,,,  ,,,,,,,
,,,,,,,,,,,,,,,,,,,,,,,,,,,  ,,,,,,,
,,,,,,,,,,,,,,,,,,,,,,,,,,,  ,,,,,,,
,,,,,,,,,,,,,,,,,,,,,,,,,,,  ,,,,,,,
,,,,,,,,,,,,,,,,,,,,,,,,,,,  ,,,,,,,
,,,,,,,,,,,,,,,,,,,,,,,,,,,  ,,,,,,,
,,,,,,,,,,,,,,,,,,,,,,,,,,,  ,,,,,,,
,,,,,,,,,,,,,,,,,,,,,,,,,,,  ,,,,,,,
,,,,,,,,,,,,,,,,,,,,,,,,,,,  ,,,,,,,
,,,,,,,,,,,,,,,,,,,,,,,,,,,  ,,,,,,,
,,,,,,,,,,,,,,,,,,,,,,,,,,,  ,,,,,,,
,,,,,,,,,,,,,,,,,,,,,,,,,,,  ,,,,,,,
,,,,,,,,,,,,,,,,,,,,,,,,,,,  ,,,,,,,
,,,,,,,,,,,,,,,,,,,,,,,,,,,  ,,,,,,,
,,,,,,,,,,,,,,,,,,,,,,,,,,,  ,,,,,,,
,,,,,,,,,,,,,,,,,,,,,,,,,,,  ,,,,,,,
,,,,,,,,,,,,,,,,,,,,,,,,,,,  ,,,,,,,
,,,,,,,,,,,,,,,,,,,,,,,,,,,  ,,,,,,,
,,,,,,,,,,,,,,,,,,,,,,,,,,,  ,,,,,,,
,,,,,,,,,,,,,,,,,,,,,,,,,,,  ,,,,,,,
,,,,,,,,,,,,,,,,,,,,,,,,,,,  ,,,,,,,
,,,,,,,,,,,,,,,,,,,,,,,,,,,  ,,,,,,,
,,,,,,,,,,,,,,,,,,,,,,,,,,,  ,,,,,,,
,,,,,,,,,,,,,,,,,,,,,,,,,,,  ,,,,,,,
,,,,,,,,,,,,,,,,,,,,,,,,,,,  ,,,,,,,
,,,,,,,,,,,,,,,,,,,,,,,,,,,  ,,,,,,,
,,,,,,,,,,,,,,,,,,,,,,,,,,,  ,,,,,,,
,,,,,,,,,,,,,,,,,,,,,,,,,,,  ,,,,,,,
,,,,,,,,,,,,,,,,,,,,,,,,,,,  ,,,,,,,
,,,,,,,,,,,,,,,,,,,,,,,,,,,  ,,,,,,,
,,,,,,,,,,,,,,,,,,,,,,,,,,,  ,,,,,,,
,,,,,,,,,,,,,,,,,,,,,,,,,,,  ,,,,,,,
,,,,,,,,,,,,,,,,,,,,,,,,,,,  ,,,,,,,
,,,,,,,,,,,,,,,,,,,,,,,,,,,  ,,,,,,,
,,,,,,,,,,,,,,,,,,,,,,,,,,,  ,,,,,,,
,,,,,,,,,,,,,,,,,,,,,,,,,,,  ,,,,,,,
,,,,,,,,,,,,,,,,,,,,,,,,,,,  ,,,,,,,
,,,,,,,,,,,,,,,,,,,,,,,,,,,  ,,,,,,,
,,,,,,,,,,,,,,,,,,,,,,,,,,,  ,,,,,,,
,,,,,,,,,,,,,,,,,,,,,,,,,,,  ,,,,,,,
,,,,,,,,,,,,,,,,,,,,,,,,,,,  ,,,,,,,
,,,,,,,,,,,,,,,,,,,,,,,,,,,  ,,,,,,,
,,,,,,,,,,,,,,,,,,,,,,,,,,,  ,,,,,,,
,,,,,,,,,,,,,,,,,,,,,,,,,,,  ,,,,,,,
,,,,,,,,,,,,,,,,,,,,,,,,,,,  ,,,,,,,
,,,,,,,,,,,,,,,,,,,,,,,,,,,  ,,,,,,,
,,,,,,,,,,,,,,,,,,,,,,,,,,,  ,,,,,,,
,,,,,,,,,,,,,,,,,,,,,,,,,,,  ,,,,,,,
,,,,,,,,,,,,,,,,,,,,,,,,,,,  ,,,,,,,
,,,,,,,,,,,,,,,,,,,,,,,,,,,  ,,,,,,,
,,,,,,,,,,,,,,,,,,,,,,,,,,,  ,,,,,,,
,,,,,,,,,,,,,,,,,,,,,,,,,,,  ,,,,,,,
,,,,,,,,,,,,,,,,,,,,,,,,,,,  ,,,,,,,
,,,,,,,,,,,,,,,,,,,,,,,,,,,  ,,,,,,,
,,,,,,,,,,,,,,,,,,,,,,,,,,,  ,,,,,,,
,,,,,,,,,,,,,,,,,,,,,,,,,,,  ,,,,,,,
,,,,,,,,,,,,,,,,,,,,,,,,,,,  ,,,,,,,
,,,,,,,,,,,,,,,,,,,,,,,,,,,  ,,,,,,,
,,,,,,,,,,,,,,,,,,,,,,,,,,,  ,,,,,,,
,,,,,,,,,,,,,,,,,,,,,,,,,,,  ,,,,,,,
,,,,,,,,,,,,,,,,,,,,,,,,,,,  ,,,,,,,
,,,,,,,,,,,,,,,,,,,,,,,,,,,  ,,,,,,,
,,,,,,,,,,,,,,,,,,,,,,,,,,,  ,,,,,,,
,,,,,,,,,,,,,,,,,,,,,,,,,,,  ,,,,,,,
,,,,,,,,,,,,,,,,,,,,,,,,,,,  ,,,,,,,
,,,,,,,,,,,,,,,,,,,,,,,,,,,  ,,,,,,,
,,,,,,,,,,,,,,,,,,,,,,,,,,,  ,,,,,,,
,,,,,,,,,,,,,,,,,,,,,,,,,,,  ,,,,,,,
,,,,,,,,,,,,,,,,,,,,,,,,,,,  ,,,,,,,
,,,,,,,,,,,,,,,,,,,,,,,,,,,  ,,,,,,,
,,,,,,,,,,,,,,,,,,,,,,,,,,,  ,,,,,,,
,,,,,,,,,,,,,,,,,,,,,,,,,,,  ,,,,,,,
,,,,,,,,,,,,,,,,,,,,,,,,,,,  ,,,,,,,
,,,,,,,,,,,,,,,,,,,,,,,,,,,  ,,,,,,,
,,,,,,,,,,,,,,,,,,,,,,,,,,,  ,,,,,,,
,,,,,,,,,,,,,,,,,,,,,,,,,,,  ,,,,,,,
,,,,,,,,,,,,,,,,,,,,,,,,,,,  ,,,,,,,
,,,,,,,,,,,,,,,,,,,,,,,,,,,  ,,,,,,,
,,,,,,,,,,,,,,,,,,,,,,,,,,,  ,,,,,,,
,,,,,,,,,,,,,,,,,,,,,,,,,,,  ,,,,,,,
,,,,,,,,,,,,,,,,,,,,,,,,,,,  ,,,,,,,
,,,,,,,,,,,,,,,,,,,,,,,,,,,  ,,,,,,,
,,,,,,,,,,,,,,,,,,,,,,,,,,,  ,,,,,,,
,,,,,,,,,,,,,,,,,,,,,,,,,,,  ,,,,,,,
,,,,,,,,,,,,,,,,,,,,,,,,,,,  ,,,,,,,
,,,,,,,,,,,,,,,,,,,,,,,,,,,  ,,,,,,,
,,,,,,,,,,,,,,,,,,,,,,,,,,,  ,,,,,,,
,,,,,,,,,,,,,,,,,,,,,,,,,,,  ,,,,,,,
,,,,,,,,,,,,,,,,,,,,,,,,,,,  ,,,,,,,
,,,,,,,,,,,,,,,,,,,,,,,,,,,  ,,,,,,,
,,,,,,,,,,,,,,,,,,,,,,,,,,,  ,,,,,,,
,,,,,,,,,,,,,,,,,,,,,,,,,,,  ,,,,,,,
,,,,,,,,,,,,,,,,,,,,,,,,,,,  ,,,,,,,
,,,,,,,,,,,,,,,,,,,,,,,,,,,  ,,,,,,,
,,,,,,,,,,,,,,,,,,,,,,,,,,,  ,,,,,,,
,,,,,,,,,,,,,,,,,,,,,,,,,,,  ,,,,,,,
,,,,,,,,,,,,,,,,,,,,,,,,,,,  ,,,,,,,
,,,,,,,,,,,,,,,,,,,,,,,,,,,  ,,,,,,,
,,,,,,,,,,,,,,,,,,,,,,,,,,,  ,,,,,,,
,,,,,,,,,,,,,,,,,,,,,,,,,,,  ,,,,,,,
,,,,,,,,,,,,,,,,,,,,,,,,,,,  ,,,,,,,
,,,,,,,,,,,,,,,,,,,,,,,,,,,  ,,,,,,,
,,,,,,,,,,,,,,,,,,,,,,,,,,,  ,,,,,,,
,,,,,,,,,,,,,,,,,,,,,,,,,,,  ,,,,,,,
,,,,,,,,,,,,,,,,,,,,,,,,,,,  ,,,,,,,
,,,,,,,,,,,,,,,,,,,,,,,,,,,  ,,,,,,,
,,,,,,,,,,,,,,,,,,,,,,,,,,,  ,,,,,,,
,,,,,,,,,,,,,,,,,,,,,,,,,,,  ,,,,,,,
,,,,,,,,,,,,,,,,,,,,,,,,,,,  ,,,,,,,
,,,,,,,,,,,,,,,,,,,,,,,,,,,  ,,,,,,,
,,,,,,,,,,,,,,,,,,,,,,,,,,,  ,,,,,,,
,,,,,,,,,,,,,,,,,,,,,,,,,,,  ,,,,,,,
,,,,,,,,,,,,,,,,,,,,,,,,,,,  ,,,,,,,
,,,,,,,,,,,,,,,,,,,,,,,,,,,  ,,,,,,,
,,,,,,,,,,,,,,,,,,,,,,,,,,,  ,,,,,,,
,,,,,,,,,,,,,,,,,,,,,,,,,,,  ,,,,,,,
,,,,,,,,,,,,,,,,,,,,,,,,,,,  ,,,,,,,
,,,,,,,,,,,,,,,,,,,,,,,,,,,  ,,,,,,,
,,,,,,,,,,,,,,,,,,,,,,,,,,,  ,,,,,,,
,,,,,,,,,,,,,,,,,,,,,,,,,,,  ,,,,,,,
,,,,,,,,,,,,,,,,,,,,,,,,,,,  ,,,,,,,
,,,,,,,,,,,,,,,,,,,,,,,,,,,  ,,,,,,,
,,,,,,,,,,,,,,,,,,,,,,,,,,,  ,,,,,,,
,,,,,,,,,,,,,,,,,,,,,,,,,,,  ,,,,,,,
,,,,,,,,,,,,,,,,,,,,,,,,,,,  ,,,,,,,
,,,,,,,,,,,,,,,,,,,,,,,,,,,  ,,,,,,,
,,,,,,,,,,,,,,,,,,,,,,,,,,,  ,,,,,,,
,,,,,,,,,,,,,,,,,,,,,,,,,,,  ,,,,,,,
,,,,,,,,,,,,,,,,,,,,,,,,,,,  ,,,,,,,
,,,,,,,,,,,,,,,,,,,,,,,,,,,  ,,,,,,,
,,,,,,,,,,,,,,,,,,,,,,,,,,,  ,,,,,,,
,,,,,,,,,,,,,,,,,,,,,,,,,,,  ,,,,,,,
,,,,,,,,,,,,,,,,,,,,,,,,,,,  ,,,,,,,
,,,,,,,,,,,,,,,,,,,,,,,,,,,  ,,,,,,,
,,,,,,,,,,,,,,,,,,,,,,,,,,,  ,,,,,,,
,,,,,,,,,,,,,,,,,,,,,,,,,,,  ,,,,,,,
,,,,,,,,,,,,,,,,,,,,,,,,,,,  ,,,,,,,
,,,,,,,,,,,,,,,,,,,,,,,,,,,  ,,,,,,,
,,,,,,,,,,,,,,,,,,,,,,,,,,,  ,,,,,,,
,,,,,,,,,,,,,,,,,,,,,,,,,,,  ,,,,,,,
,,,,,,,,,,,,,,,,,,,,,,,,,,,  ,,,,,,,
,,,,,,,,,,,,,,,,,,,,,,,,,,,  ,,,,,,,
,,,,,,,,,,,,,,,,,,,,,,,,,,,  ,,,,,,,
,,,,,,,,,,,,,,,,,,,,,,,,,,,  ,,,,,,,
,,,,,,,,,,,,,,,,,,,,,,,,,,,  ,,,,,,,
,,,,,,,,,,,,,,,,,,,,,,,,,,,  ,,,,,,,
,,,,,,,,,,,,,,,,,,,,,,,,,,,  ,,,,,,,
,,,,,,,,,,,,,,,,,,,,,,,,,,,  ,,,,,,,
,,,,,,,,,,,,,,,,,,,,,,,,,,,  ,,,,,,,
,,,,,,,,,,,,,,,,,,,,,,,,,,,  ,,,,,,,
,,,,,,,,,,,,,,,,,,,,,,,,,,,  ,,,,,,,
,,,,,,,,,,,,,,,,,,,,,,,,,,,  ,,,,,,,
,,,,,,,,,,,,,,,,,,,,,,,,,,,  ,,,,,,,
,,,,,,,,,,,,,,,,,,,,,,,,,,,  ,,,,,,,
,,,,,,,,,,,,,,,,,,,,,,,,,,,  ,,,,,,,
,,,,,,,,,,,,,,,,,,,,,,,,,,,  ,,,,,,,
,,,,,,,,,,,,,,,,,,,,,,,,,,,  ,,,,,,,
,,,,,,,,,,,,,,,,,,,,,,,,,,,  ,,,,,,,
,,,,,,,,,,,,,,,,,,,,,,,,,,,  ,,,,,,,
,,,,,,,,,,,,,,,,,,,,,,,,,,,  ,,,,,,,
,,,,,,,,,,,,,,,,,,,,,,,,,,,,,,,,,,