  ,Expert,Family,Genus,most_common_life_form,age,n_species,div_rate_eps0,div_rate_eps0.5,div_rate_eps0.9,fm_scoring_fruit,seed.min,seed.max,fm_scoring_seed_number,seed.length.min,seed.length.max,seed.width.min,seed.width.max,fm_scoring_pollination1,fm_scoring_pollination2,Corolla.diameter..min...max...prevalent.,Corolla.diameter.min,Corolla.diameter.max,fm_scoring_corolla_diam,,
Melastomataceae_Acanthella,Fabian Michelangeli,Melastomataceae,Acanthella,woody perennial,NA,NA,NA,NA,NA,Dry,50,100,75,4,5,3,4,3.5,biotic,12; 15,12,20,16,Data by EL in blue,monophyletic
Myrtaceae_Accara,Karinne Valdemarin,Myrtaceae,Accara,woody perennial,40.582,1,0,0,0,Fleshy,40,40,40,3,3,NA,NA,insects,biotic,11-19 mm long,11,19,15,,
Melastomataceae_Aciotis,Fabian Michelangeli,Melastomataceae,Aciotis,annual,17.399,15,0.156,0.12,0.05,Fleshy,NA,NA,NA,0.2,0.7,0.15,0.5,insects,biotic,3.5; 4.5,3,15,9,Data by EL in blue,monophyletic. need to check herbarium for seed number
Melastomataceae_Acisanthera,Fabian Michelangeli,Melastomataceae,Acisanthera,herbaceous perennial,13.399,14,0.197,0.15,0.062,Dry,NA,NA,NA,0.55,0.75,NA,NA,insects,biotic,,6,30,18,,"NOT AT KEW Kriebel, R. (2008). Systematics and biogeography of the Neotropical genus Acisanthera (Melastomataceae) (Doctoral dissertation, San Francisco State University). Eve can find at Kew"
Myrtaceae_Actinodium,Peter Wilson,Myrtaceae,Actinodium,woody perennial,16.066,1,0,0,0,Dry,1,1,NA,NA,NA,NA,NA,insects,biotic,c. 3 mm,NA,NA,NA,,
Melastomataceae_Adelobotrys,Fabian Michelangeli,Melastomataceae,Adelobotrys,climber,23.735,31,0.145,0.117,0.058,Dry,100,100,100,0.55,2.5,0.2,0.5,insects,biotic,12; 15.5,12,30,21,changes by Eve,
Lythraceae_Adenaria,Shirley Graham,Lythraceae,Adenaria,woody perennial,11.847,1,0,0,0,Dry,7,20,13.5,0.9,1.3,0.8,1.2,abiotic,abiotic,2.0-2.5,NA,NA,NA,,
Myrtaceae_Agonis,Peter Wilson,Myrtaceae,Agonis,woody perennial,32.903,4,0.059,0.042,0.014,Dry,3,6,NA,1.2,1.5,NA,NA,insects,biotic,8‚Äì12 mm,NA,NA,NA,,
Myrtaceae_Algrizea,Karinne Valdemarin,Myrtaceae,Algrizea,woody perennial,40.224,2,0.017,0.01,0.002,Fleshy,1,3,2,4,5,3,3,insects,biotic,5.5-10 mm long,5.5,10,7.75,,
Melastomataceae_Allomaieta,Fabian Michelangeli,Melastomataceae,Allomaieta,woody perennial,18.079,9,0.122,0.089,0.033,Dry,100,100,100,0.2,0.65,0.1,0.4,insects,biotic,6,5,6,5.5,changes by Eve,
Melastomataceae_Allomorphia,Darin Penneys,Melastomataceae,Allomorphia,NA,NA,NA,NA,NA,NA,Dry,100,100,100,NA,NA,NA,NA,insects,biotic,7,NA,NA,NA,,
Melastomataceae_Alloneuron,Fabian Michelangeli,Melastomataceae,Alloneuron,woody perennial,25.583,5,0.063,0.043,0.013,Dry,100,100,100,0.3,0.75,0.2,0.5,insects,biotic,2.4,2.4,15,8.7,changes by Eve,
Myrtaceae_Allosyncarpia,Andrew Thornhill,Myrtaceae,Allosyncarpia,woody perennial,41.623,1,0,0,0,Dry,1,2,1.5,NA,NA,NA,NA,insects,biotic,5,NA,NA,NA,,
Myrtaceae_Aluta,Peter Wilson,Myrtaceae,Aluta,woody perennial,5.637,10,0.408,0.302,0.114,Dry,1,1,NA,NA,NA,NA,NA,insects,biotic,7‚Äì12 mm,NA,NA,NA,,
Alzateaceae_Alzatea,Fabian Michelangeli,Alzateaceae,Alzatea,woody perennial,39.364,3,0.028,0.018,0.005,Dry,40,60,50,2,3,1,1.5,insects,biotic,4–7 mm (Alzateaceae in Kubitzki),4,7,6.5,"TV note: flower size (width) according to S Graham in Kubitzki; In her description of the family (1984), she also described seed length and width, which was also added here",
Lythraceae_Ammannia,Shirley Graham,Lythraceae,Ammannia,annual,17.707,135,0.277,0.238,0.151,Dry,100,500,300,0.3,0.4,0.3,0.5,insects,biotic,"1.0-2.5, prev 2 mm",NA,NA,NA,,
Myrtaceae_Amomyrtella,Eve Lucas,Myrtaceae,Amomyrtella,woody perennial,45.909,2,0.015,0.009,0.002,Fleshy,2,3,2.5,3.5,5,3,4.8,insects,biotic,NA,6,13,9.5,,
Myrtaceae_Amomyrtus,Eve Lucas,Myrtaceae,Amomyrtus,woody perennial,45.794,2,0.015,0.009,0.002,Fleshy,1,4,2.5,4,6,3.5,5,insects,biotic,NA,5.5,8,6.75,,
Melastomataceae_Amphiblemma,Darin Penneys,Melastomataceae,Amphiblemma,NA,26.47,17,0.107,0.083,0.036,Dry,100,100,100,0.5,1.5,NA,NA,insects,biotic,4; 43; 22,NA,NA,NA,,
Melastomataceae_Amphorocalyx,Darin Penneys,Melastomataceae,Amphorocalyx,NA,7.785,5,0.207,0.141,0.043,Dry,100,100,100,0.5,1,NA,NA,insects,biotic,14; 42; 30,NA,NA,NA,,
Melastomataceae_Anaectocalyx,Fabian Michelangeli,Melastomataceae,Anaectocalyx,woody perennial,NA,NA,NA,NA,NA,Fleshy,100,100,100,0.55,0.75,0.3,0.5,insects,biotic,12; 14,12,46,29,,SYN of Miconia: changes by Eve
Myrtaceae_Angophora,Andrew Thornhill,Myrtaceae,Angophora,woody perennial,16.893,16,0.164,0.127,0.054,Dry,NA,NA,NA,1,10,NA,NA,insects/vertebrates,biotic,4;5;4 (Sepals),NA,NA,NA,,
Melastomataceae_Antherotoma,Darin Penneys,Melastomataceae,Antherotoma,annual,12.268,10,0.188,0.139,0.052,Dry,100,100,100,0.5,0.5,0.5,0.5,insects,biotic,8; 9; 8.5,NA,NA,NA,,
Melastomataceae_Appendicularia,Fabian Michelangeli,Melastomataceae,Appendicularia,annual,13.186,3,0.083,0.053,0.014,Dry,100,100,100,0.5,0.55,0.2,0.4,insects,biotic,NA,10,12,11,changes by Eve,
Myrtaceae_Archirhodomyrtus,Eve Lucas,Myrtaceae,Archirhodomyrtus,woody perennial,55.165,5,0.029,0.02,0.006,Fleshy,32,60,46,1,1.2,1.1,1.8,insects,biotic,NA,15,20,17.5,,
Myrtaceae_Arillastrum,Andrew Thornhill,Myrtaceae,Arillastrum,woody perennial,60.12,1,0,0,0,Dry,NA,NA,NA,NA,NA,NA,NA,insects,biotic,4,NA,NA,NA,,
Melastomataceae_Arthrostemma,Fabian Michelangeli,Melastomataceae,Arthrostemma,herbaceous perennial,28.708,4,0.048,0.032,0.009,Dry,100,100,100,0.75,1,1,1,insects,biotic,20; 30,20,37,28.5,changes by Eve,
Myrtaceae_Astartea,Peter Wilson,Myrtaceae,Astartea,woody perennial,18.209,25,0.177,0.141,0.067,Dry,3,15,NA,0.6,1.3,NA,NA,insects,biotic,6‚Äì9 mm,NA,NA,NA,,
Myrtaceae_Astereomyrtus,Peter Wilson,Myrtaceae,Asteromyrtus,woody perennial,NA,7,NA,NA,NA,Dry,3,6,NA,3,4.5,NA,NA,insects,biotic,9‚Äì18 mm,NA,NA,NA,,
Melastomataceae_Astrocalyx,Darin Penneys,Melastomataceae,Astrocalyx,NA,21.576,1,0,0,0,Dry,100,100,100,0.5,1.8,NA,NA,insects,biotic,14; 15; 14.5,NA,NA,NA,,
Melastomataceae_Astronidium,Darin Penneys,Melastomataceae,Astronidium,woody perennial,21.576,71,0.198,0.166,0.096,Dry,100,100,100,0.75,2.5,NA,NA,insects,biotic,7; 20; 12,NA,NA,NA,,
Myrtaceae_Astus,Peter Wilson,Myrtaceae,Astus,woody perennial,25.163,4,0.055,0.036,0.01,Dry,1,1,NA,1.2,1.2,NA,NA,insects,biotic,3‚Äì5 mm,NA,NA,NA,,
Myrtaceae_Austromyrtus,Eve Lucas,Myrtaceae,Austromyrtus,woody perennial,52.274,5,0.031,0.021,0.006,Fleshy,1,13,7,1.8,3,1.5,4,insects,biotic,NA,7,9,7.5,,
Melastomataceae_Axinaea,Fabian Michelangeli,Melastomataceae,Axinaea,woody perennial,21.625,41,0.172,0.141,0.074,Dry,50,50,50,1,1.25,0.5,0.7,vertebrates,biotic,6; 8,6,15,10.5,changes by Eve,
Crypteroniaceae_Axinandra,Fabian Michelangeli,Crypteroniaceae,Axinandra,woody perennial,64.055,4,0.022,0.014,0.004,Dry,6,12,9,15,27.5,5,12,insects,biotic,NA,4,5,4.5,changed by Eve,
Myrtaceae_Babingtonia,Peter Wilson,Myrtaceae,Babingtonia,woody perennial,18.216,10,0.038,0.022,0.005,Dry,1,15,NA,0.6,1.6,NA,NA,insects,biotic,8‚Äì11 mm,NA,NA,NA,,
Myrtaceae_Backhousia,Peter Wilson,Myrtaceae,Backhousia,woody perennial,68.477,13,0.037,0.028,0.012,Dry,1,2,NA,NA,NA,NA,NA,insects,biotic,8.5‚Äì9.5 mm,NA,NA,NA,,
Myrtaceae_Balaustion,Peter Wilson,Myrtaceae,Balaustion,woody perennial,29.477,1,0,0,0,Dry,18,36,NA,2.4,2.6,NA,NA,vertebrates,biotic,15‚Äì25 mm,NA,NA,NA,,
Myrtaceae_Barongia,Peter Wilson,Myrtaceae,Barongia,woody perennial,61.792,1,0,0,0,Dry,1,2,NA,6,6,NA,NA,NA,NA,20‚Äì30 mm ,NA,NA,NA,,
Melastomataceae_Barthea,Darin Penneys,Melastomataceae,Barthea,NA,27.125,3,0.041,0.026,0.007,Dry,100,100,100,2.2,3.2,NA,NA,insects,biotic,22; 45; 33,NA,NA,NA,,
Myrtaceae_Basisperma,Peter Wilson,Myrtaceae,Basisperma,woody perennial,45.956,1,0,0,0,Dry,1,1,NA,3,3,NA,NA,NA,NA,c. 6 mm,NA,NA,NA,,
Myrtaceae_Beaufortia,Peter Wilson,Myrtaceae,Beaufortia,woody perennial,NA,22,NA,NA,NA,Dry,1,3,NA,0.5,0.5,NA,NA,insects,biotic,c. 8 mm (but flowers clustered and stamens spreading widely),NA,NA,NA,,
Melastomataceae_Beccarianthus,Darin Penneys,Melastomataceae,Beccarianthus,NA,23.435,9,0.094,0.069,0.025,Dry,100,100,100,1,2.5,NA,NA,vertebrates,biotic,12; 25; 20,NA,NA,NA,,
Melastomataceae_Behuria,Fabian Michelangeli,Melastomataceae,Behuria,woody perennial,NA,NA,NA,NA,NA,Dry,100,100,100,0.6,2,0.3,1.2,insects,biotic,13; 16,17,64,40.5,FFM note: flower size according to Flora of Sao Paulo,
Melastomataceae_Bellucia,Fabian Michelangeli,Melastomataceae,Bellucia,woody perennial,15.628,22,0.198,0.156,0.072,Fleshy,100,100,100,0.6,0.8,0.4,0.5,insects,biotic,15; 20,35,45,40,changes by Eve,
Melastomataceae_Bertolonia,Fabian Michelangeli,Melastomataceae,Bertolonia,epiphyte,50.442,34,0.07,0.057,0.029,Dry,100,100,100,0.4,0.55,0.2,0.35,insects,biotic,7.8; 8.3,12,28,20,FFM note: flower size according to Flora of Sao Paulo,
Melastomataceae_Blakea,Darin Penneys,Melastomataceae,Blakea,epiphyte,31.882,196,0.166,0.144,0.095,Fleshy,100,100,100,0.6,1.8,NA,NA,insects,biotic,10; 160; 60,NA,NA,NA,,
Melastomataceae_Blastus,Darin Penneys,Melastomataceae,Blastus,woody perennial,23.93,11,0.1,0.075,0.029,Dry,100,100,100,0.3,1.8,NA,NA,insects,biotic,2.5; 11; 5,NA,NA,NA,,
Myrtaceae_Blepharocalyx,Carolyn Proen√ßa,Myrtaceae,Blepharocalyx,woody perennial,40.964,3,0.027,0.017,0.004,Fleshy,1,11,6,3,10,NA,NA,insects,biotic,2.5mm; 4mm; 4mm,2.5,4,3.25,,
Melastomataceae_Boyania,Fabian Michelangeli,Melastomataceae,Boyania,herbaceous perennial,19.879,2,0.035,0.02,0.005,Dry,100,100,100,0.3,0.5,0.2,0.3,insects,biotic,8; 13,8,16,12,changes by Eve,
Melastomataceae_Brachyotum,Fabian Michelangeli,Melastomataceae,Brachyotum,woody perennial,7.247,55,0.553,0.46,0.256,Dry,100,100,100,0.4,0.9,0.25,0.6,vertebrates,biotic,10; 12,36,49,42.5,BUT petals stay upright so corolla diameter is less - Eve,
Penaeaceae_Brachysiphon,Fabian Michelangeli,Penaeaceae,Brachysiphon,woody perennial,NA,NA,NA,NA,NA,Dry,NA,NA,NA,3,3.4,NA,NA,insects,biotic,n/a,NA,NA,NA,,"Schönenberger, J., Conti, E., & Rutschmann, F. (2007). Penaeaceae. In Flowering Plants· Eudicots (pp. 282-291). Springer, Berlin, Heidelberg. Eve to check in Kew"
Melastomataceae_Brasilianthus,NA,Melastomataceae,Brasilianthus,annual,14.337,1,0,0,0,NA,NA,NA,NA,NA,NA,NA,NA,NA,NA,NA,NA,NA,NA,,
Melastomataceae_Bredia,Darin Penneys,Melastomataceae,Bredia,woody perennial,29.807,25,0.108,0.086,0.041,Dry,100,100,100,0.4,1,NA,NA,insects,biotic,10; 24; 17,NA,NA,NA,,
Combretaceae_Buchenavia,"Olivier Maurin, Ian Turner",Combretaceae,Buchenavia,woody perennial,NA,NA,NA,NA,NA,Fleshy,,,,,,NA,NA,insects,biotic,absent,NA,NA,NA,,
Melastomataceae_Bucquetia,Fabian Michelangeli,Melastomataceae,Bucquetia,woody perennial,9.877,3,0.111,0.07,0.018,Dry,100,100,100,0.7,0.75,0.35,0.4,insects,biotic,12; 14,12,20,16,changes by Eve,
Vochysiaceae_Callisthene,Gustavo Shimizu & Deise Gon√ßalves,Vochysiaceae,Callisthene,woody perennial,21.366,10,0.108,0.08,0.03,Dry,3,6,4.5,5,10,3,7,insects,biotic,0.5-1.3 cm long,5,13,9,,
Melastomataceae_Calvoa,Darin Penneys,Melastomataceae,Calvoa,epiphyte,27.836,22,0.111,0.088,0.041,Dry,100,100,100,0.5,2,NA,NA,insects,biotic,14; 40; 28,NA,NA,NA,,
Melastomataceae_Calycogonium,Fabian Michelangeli,Melastomataceae,Calycogonium,woody perennial,NA,NA,NA,NA,NA,Fleshy,15,100,57.5,0.3,2.3,0.2,1.3,insects,biotic,4.5; 5.0,4.5,25,14.3,changes by Eve,
Myrtaceae_Calycolpus,Paulo Gaem,Myrtaceae,Calycolpus,woody perennial,40.582,17,0.07,0.054,0.024,Fleshy,3,200,101.5,1.5,5,1.1,3.9,insects,biotic,13; 48; 28,13,48,30.5,,
Myrtaceae_Calytrix,Peter Wilson,Myrtaceae,Calytrix,woody perennial,30.661,95,0.149,0.126,0.076,Dry,1,1,NA,2.5,3.5,NA,NA,insects,biotic,10‚Äì16 mm,NA,NA,NA,,
Melastomataceae_Cambessedesia,Fabian Michelangeli,Melastomataceae,Cambessedesia,herbaceous perennial,31.103,29,0.108,0.087,0.043,Dry,100,100,100,0.5,0.5,0.5,0.5,insects,biotic,4.5; 5.5,7,16,11.5,FFM note: flower size according to Flora of Sao Paulo,
Onagraceae_Camissonia,Peter Hoch,Onagraceae,Camissonia,annual,16.365,21,0.186,0.147,0.067,Dry,80,160,120,1.3,2.2,NA,NA,insects,biotic,10; 45; 20,10,45,27.5,,
Onagraceae_Camissoniopsis,NA,Onagraceae,Camissoniopsis,annual,11.2,20,0.267,0.21,0.095,Dry,NA,NA,NA,0.5,1.5,NA,NA,NA,NA,NA,NA,NA,NA,TV note: some data from the Onagraceae website at SI,
Myrtaceae_Campomanesia,Marla Ibrahim,Myrtaceae,Campomanesia,woody perennial,NA,35,NA,NA,NA,Fleshy,1,4,2.5,2,20,NA,NA,insects,biotic,,3,35,19,,
Lythraceae_Capuronia,Shirley Graham,Lythraceae,Capuronia,woody perennial,23.283,1,0,0,0,Dry,5,8,6.5,2.9,3.2,2.3,2.7,NA,NA,1.3 mm,NA,NA,NA,,
Melastomataceae_Castratella,Fabian Michelangeli,Melastomataceae,Castratella,herbaceous perennial,9.877,2,0.07,0.041,0.01,Dry,100,100,100,0.7,0.8,NA,NA,insects,biotic,8.5; 11,8.5,23,15.75,,check seed in herbarium
Melastomataceae_Catocoryne,Fabian Michelangeli,Melastomataceae,Catocoryne,herbaceous perennial,NA,NA,NA,NA,NA,Fleshy,50,50,50,0.3,0.4,0.2,0.3,insects,biotic,4; 5,8,10,9,changes by Eve,
Melastomataceae_Centradenia,Fabian Michelangeli,Melastomataceae,Centradenia,herbaceous perennial,16.102,8,0.129,0.093,0.033,Dry,50,50,50,0.3,1,0.2,0.3,insects,biotic,4; 7,8,15,11.5,changes by Eve,
Melastomataceae_Centronia,Fabian Michelangeli,Melastomataceae,Centronia,woody perennial,22.625,5,0.071,0.049,0.015,Dry,100,100,100,2,2,2,2,insects,biotic,14; 15.5,NA,NA,NA,,embedded in Graffenrieda - 
Melastomataceae_Chaetolepis,Fabian Michelangeli,Melastomataceae,Chaetolepis,woody perennial,5.638,14,0.468,0.357,0.148,Dry,100,100,100,0.4,1,0.2,0.3,insects,biotic,5; 6,5,23,14,changed by Eve,
Melastomataceae_Chaetostoma,Fabian Michelangeli,Melastomataceae,Chaetostoma,herbaceous perennial,5.723,8,0.363,0.263,0.093,Dry,100,100,100,0.5,0.65,NA,NA,insects,biotic,9; 12.5,16,24,20,FFM note: flower size according to Flora of Sao Paulo,
Melastomataceae_Chalybea,Darin Penneys,Melastomataceae,Chalybea,NA,31.882,11,0.075,0.056,0.022,Fleshy,100,100,100,0.8,1.6,NA,NA,vertebrates,biotic,18; 40; 30,NA,NA,NA,,
Onagraceae_Chamaenerion,Peter Hoch,Onagraceae,Chamaenerion,NA,NA,NA,NA,NA,NA,Dry,200,500,350,1,2.5,NA,NA,insects,biotic,20; 70; c. 35,20,70,45,TV note: some data from the Onagraceae website at SI,
Myrtaceae_Chamelaucium,Peter Wilson,Myrtaceae,Chamelaucium,woody perennial,21.027,23,0.149,0.118,0.055,Dry,1,1,NA,6,6,NA,NA,insects,biotic,15‚Äì20 mm,NA,NA,NA,,
Myrtaceae_Chamguava,Karinne Valdemarin,Myrtaceae,Chamguava,woody perennial,36.864,5,0.044,0.03,0.009,Fleshy,1,4,2.5,6,10,NA,NA,insects,biotic,12.5-21 mm long,12.5,21,16.75,,
Melastomataceae_Charianthus,Fabian Michelangeli,Melastomataceae,Charianthus,woody perennial,NA,NA,NA,NA,NA,Fleshy,100,100,100,0.6,0.95,0.2,0.72,vertebrates,biotic,9; 12,9.3,35,22.15,petals held vertically ,
Myrtaceae_Cheyniana,Peter Wilson,Myrtaceae,Cheyniana,woody perennial,29.477,2,0.024,0.014,0.003,Dry,1,3,NA,1.4,1.7,NA,NA,vertebrates,biotic,10‚Äì14 mm,NA,NA,NA,,
Onagraceae_Chylismia,Peter Hoch,Onagraceae,Chylismia,annual,17.141,41,0.217,0.178,0.094,Dry,80,160,120,0.5,1.8,NA,NA,insects,biotic,2; 30; c. 15,2,30,16,,
Melastomataceae_Cincinnobotrys,Darin Penneys,Melastomataceae,Cincinnobotrys,NA,28.768,9,0.076,0.056,0.02,Dry,100,100,100,0.3,2,NA,NA,insects,biotic,7; 32; 15,NA,NA,NA,,
Onagraceae_Clarkia,Peter Hoch,Onagraceae,Clarkia,annual,16.552,74,0.26,0.219,0.128,Dry,1,300,150.5,0.5,3,NA,NA,insects,biotic,4; 55; c. 25,4,55,29.5,,
Melastomataceae_Clidemia,Fabian Michelangeli,Melastomataceae,Clidemia,woody perennial,NA,NA,NA,NA,NA,Dry,100,100,100,0.3,0.5,NA,NA,insects,biotic,7; 18,8,20,14,FFM note: flower size according to Flora of Sao Paulo,
Myrtaceae_Cloezia,Peter Wilson,Myrtaceae,Cloezia,woody perennial,60.429,9,0.036,0.027,0.01,Dry,6,9,NA,4,4,NA,NA,insects,biotic,6‚Äì8 mm ,NA,NA,NA,,
Combretaceae_Combretum,"Olivier Maurin, Ian Turner",Combretaceae,Combretum,woody perennial,70.977,282,0.081,0.072,0.049,Dry,1,1,1,9,25,1,10,insects,biotic,"0,2-0,5",2,45,NA,,
Melastomataceae_Comolia,Fabian Michelangeli,Melastomataceae,Comolia,herbaceous perennial,5.292,14,0.499,0.381,0.157,Dry,100,100,100,0.6,1.1,0.4,0.85,insects,biotic,9; 12,9,30,19.5,changed by Eve - poly/paraphyetic https://www.researchgate.net/publication/304997220_Phylogenetic_relationships_in_the_Marcetia_alliance_Melastomeae_Melastomataceae_and_implications_for_generic_circumscription,
Combretaceae_Conocarpus,"Olivier Maurin, Ian Turner",Combretaceae,Conocarpus,woody perennial,77.75,2,0.009,0.005,0.001,Dry,1,1,1,2,4,1,2,insects,biotic,absent,1,1.5,NA,,
Melastomataceae_Conostegia,Fabian Michelangeli,Melastomataceae,Conostegia,woody perennial,NA,NA,NA,NA,NA,Fleshy,100,100,100,0.4,1.5,0.2,0.9,insects,biotic,7; 8,5.5,33,19.25,changed by Eve,
Myrtaceae_Conothamnus,Peter Wilson,Myrtaceae,Conothamnus,woody perennial,NA,3,NA,NA,NA,Dry,3,6,NA,1,1,NA,NA,insects,biotic,petals absent,NA,NA,NA,,
Myrtaceae_Corymbia,Andrew Thornhill,Myrtaceae,Corymbia,woody perennial,16.893,110,0.278,0.238,0.147,Dry,NA,NA,NA,1,18,NA,NA,insects/vertebrates,biotic,NA,NA,NA,NA,,
Myrtaceae_Corynanthera,Peter Wilson,Myrtaceae,Corynanthera,woody perennial,28.11,1,0,0,0,Dry,1,1,NA,2,2,NA,NA,insects,biotic,c. 1.5 mm,NA,NA,NA,,
Lythraceae_Crenea,Shirley Graham,Lythraceae,Crenea,woody perennial,17.707,2,0.039,0.023,0.005,Dry,500,500,500,5,5,0.3,0.5,NA,NA,4.5-5.5,NA,NA,NA,,
Lythraceae_Cuphea,Shirley Graham,Lythraceae,Cuphea,woody perennial,28.011,294,0.203,0.178,0.122,Dry,2,100,51,0.5,3.3,0.3,3,"abiotic, vertebrates","abiotic, biotic",2-6 mm,NA,NA,NA,,
Myrtaceae_Curitiba,Karinne Valdemarin,Myrtaceae,Curitiba,woody perennial,40.79,1,0,0,0,Fleshy,4,7,5.5,2,4,0.5,0.5,insects,biotic,7.5-9 mm long,7.5,9,8.25,,
Myrtaceae_Cyathostemon,Peter Wilson,Myrtaceae,Cyathostemon,woody perennial,20.181,7,0.096,0.069,0.023,Dry,3,3,NA,1.3,2,NA,NA,insects,biotic,8‚Äì9 mm ,NA,NA,NA,,
Melastomataceae_Cyphotheca,Darin Penneys,Melastomataceae,Cyphotheca,NA,19.879,1,0,0,0,Dry,100,100,100,0.7,0.7,NA,NA,insects,biotic,13; 13; 13,NA,NA,NA,,
Combretaceae_Dansiea,"Olivier Maurin, Ian Turner",Combretaceae,Dansiea,woody perennial,17.747,2,0.039,0.023,0.005,Dry,1,1,1,NA,NA,NA,NA,?,biotic,"1,0; 1,5",8,12,NA,,
Myrtaceae_Darwinia,Peter Wilson,Myrtaceae,Darwinia,woody perennial,16.066,54,0.248,0.206,0.115,Dry,1,1,NA,2,3.5,NA,NA,vertebrates,biotic,c. 5‚Äì7 mm (flowers 4 within a bell-like involucre),NA,NA,NA,,
Myrtaceae_Decaspermum,Eve Lucas,Myrtaceae,Decaspermum,woody perennial,56.183,38,0.065,0.053,0.028,Fleshy,3,18,10.5,0.7,2,0.5,1,insects,biotic,NA,16,25,20.5,,
Lythraceae_Decodon,Shirley Graham,Lythraceae,Decodon,herbaceous perennial,51.031,1,0,0,0,Dry,20,30,25,1,1.9,1.2,2,insects,biotic,4.5-6.5 mm,NA,NA,NA,,
Melastomataceae_Desmoscelis,Fabian Michelangeli,Melastomataceae,Desmoscelis,annual,20.537,2,0.034,0.02,0.005,Dry,100,100,100,0.6,0.9,NA,NA,insects,biotic,6; 10,16,18,17,FFM note: flower size according to Flora of Sao Paulo,
Melastomataceae_Dicellandra,Darin Penneys,Melastomataceae,Dicellandra,epiphyte,26.47,7,0.074,0.052,0.018,Dry,100,100,100,0.7,0.8,NA,NA,insects,biotic,9; 16; 12,NA,NA,NA,,
Melastomataceae_Dichaetanthera,Darin Penneys,Melastomataceae,Dichaetanthera,woody perennial,9.399,43,0.4,0.329,0.175,Dry,100,100,100,0.5,1.7,NA,NA,insects,biotic,11; 40; 20,NA,NA,NA,,
Melastomataceae_Dicrananthera,Fabian Michelangeli,Melastomataceae,Dicrananthera,herbaceous perennial,NA,NA,NA,NA,NA,Dry,100,100,100,0.6,0.8,0.3,0.45,insects,biotic,3; 4,3,4,3.5,changed by Eve,
Lythraceae_Didiplis,Shirley Graham,Lythraceae,Didiplis,woody perennial,26.476,1,0,0,0,Dry,25,45,35,0.6,0.9,0.2,0.3,abiotic,abiotic,1.5-2.5 mm,NA,NA,NA,,
Lythraceae_Diplusodon,Shirley Graham,Lythraceae,Diplusodon,woody perennial,53.295,114,0.089,0.076,0.047,Dry,4,72,38,1,4,1.8,3.5,insects,biotic,6.5-7 mm,NA,NA,NA,,
Melastomataceae_Dissochaeta,Darin Penneys,Melastomataceae,Dissochaeta,woody perennial,45.349,58,0.09,0.075,0.042,Fleshy,100,100,100,0.75,0.75,0.75,0.75,insects,biotic,27; 43; 35,NA,NA,NA,,
Melastomataceae_Dissotis,Darin Penneys,Melastomataceae,Dissotis,NA,12.268,63,0.338,0.283,0.161,Dry,100,100,100,0.4,0.8,NA,NA,insects,biotic,14; 85; 38,NA,NA,NA,,
Melastomataceae_Dolichoura,Fabian Michelangeli,Melastomataceae,Dolichoura,climber,NA,NA,NA,NA,NA,Dry,100,100,100,1,2,0.7,1,insects,biotic,5; 8,11,18.8,14.9,changed by Eve,
Lythraceae_Duabanga,Shirley Graham,Lythraceae,Duabanga,woody perennial,38.103,3,0.029,0.018,0.005,Dry,100,100,100,4,5.5,0.5,0.5,vertebrates,biotic,2.5 cm,NA,NA,NA,,
Melastomataceae_Dyonicha,Darin Penneys,Melastomataceae,Dyonicha,NA,NA,NA,NA,NA,NA,Dry,100,100,100,0.7,0.9,NA,NA,insects,biotic,17; 42; 30,NA,NA,NA,,
Penaeaceae_Endonema,Fabian Michelangeli,Penaeaceae,Endonema,woody perennial,NA,NA,NA,NA,NA,Dry,NA,NA,NA,NA,NA,NA,NA,vertebrates,biotic,n/a,NA,NA,NA,,"Schönenberger, J., Conti, E., & Rutschmann, F. (2007). Penaeaceae. In Flowering Plants· Eudicots (pp. 282-291). Springer, Berlin, Heidelberg. Eve to check in Kew"
Myrtaceae_Enekbatus,Peter Wilson,Myrtaceae,Enekbatus,woody perennial,38.88,10,0.059,0.044,0.017,Dry,1,2,NA,1.1,1.8,NA,NA,insects,biotic,c. 8 mm,NA,NA,NA,,
Onagraceae_Epilobium,Peter Hoch,Onagraceae,Epilobium,herbaceous perennial,21.041,306,0.272,0.239,0.164,Dry,60,200,130,1.5,2.6,NA,NA,"insects, vertebrates",biotic,12; 30; c 20 ,12,30,21,,
Onagraceae_Eremothera,Peter Hoch,Onagraceae,Eremothera,annual,17.391,13,0.147,0.112,0.045,Dry,80,160,120,0.9,2.1,NA,NA,insects,biotic,4; 20; c. 16,4,20,12,,
Myrtaceae_Ericomyrtus,Peter Wilson,Myrtaceae,Ericomyrtus,woody perennial,28.273,4,0.049,0.032,0.009,Dry,8,12,NA,0.5,1,NA,NA,insects,biotic,4‚Äì5(‚Äì6) mm,NA,NA,NA,,
Melastomataceae_Eriocnema,Fabian Michelangeli,Melastomataceae,Eriocnema,climber,15.992,2,0.043,0.025,0.006,Dry,NA,NA,NA,0.9,0.9,0.9,0.9,insects,biotic,10; 13,NA,NA,NA,,
Vochysiaceae_Erisma,Gustavo Shimizu & Deise Gon√ßalves,Vochysiaceae,Erisma,woody perennial,27.828,27,0.118,0.095,0.046,Dry,1,1,1,NA,NA,NA,NA,insects,biotic,0.5-2 cm long,5,20,12.5,,
Vochysiaceae_Erismadelphus,Gustavo Shimizu & Deise Gon√ßalves,Vochysiaceae,Erismadelphus,woody perennial,18.837,4,0.074,0.049,0.014,Dry,1,1,1,NA,NA,NA,NA,NA,NA,ca. 1 cm long,10,10,10,,
Melastomataceae_Ernestia,Fabian Michelangeli,Melastomataceae,Ernestia,annual,14.337,15,0.189,0.145,0.061,Dry,100,100,100,0.7,0.9,0.5,0.7,insects,biotic,8;9,8,18,13,not monophyletic - https://www.researchgate.net/publication/304997220_Phylogenetic_relationships_in_the_Marcetia_alliance_Melastomeae_Melastomataceae_and_implications_for_generic_circumscription,
Myrtaceae_Eucalyptopsis,Andrew Thornhill,Myrtaceae,Eucalyptopsis,woody perennial,29.21,2,0.024,0.014,0.003,Dry,NA,NA,NA,NA,NA,NA,NA,insects,biotic,4,NA,NA,NA,,
Myrtaceae_Eucalyptus,Andrew Thornhill,Myrtaceae,Eucalyptus,woody perennial,61.946,1096,0.113,0.102,0.076,Dry,NA,NA,NA,0.7,8,NA,NA,abiotic/insects/vertebrates,abiotic/biotic,Calyptra,NA,NA,NA,,
Myrtaceae_Eugenia,Eve Lucas,Myrtaceae,Eugenia,woody perennial,32.161,1212,0.221,0.199,0.149,Fleshy,1,15,8,1.5,38,2,29.5,insects,biotic,5; 46; 15,5,46,25.5,,
Onagraceae_Eulobus,Peter Hoch,Onagraceae,Eulobus,annual,8.044,4,0.172,0.114,0.033,Dry,48,100,74,1,2,NA,NA,insects,biotic,10; 25; 20,10,25,17.5,,
Myrtaceae_Euryomyrtus,Peter Wilson,Myrtaceae,Euryomyrtus,woody perennial,37.544,9,0.059,0.043,0.016,Dry,2,3,NA,1.5,2,NA,NA,insects,biotic,4‚Äì7.5 mm,NA,NA,NA,,
Myrtaceae_Feijoa,Eve Lucas,Myrtaceae,Feijoa,woody perennial,45.021,1,0,0,0,Fleshy,20,40,30,2,3,1.7,2,birds,biotic,NA,3.5,4,3.75,,
Melastomataceae_Fordiophyton,Darin Penneys,Melastomataceae,Fordiophyton,NA,22.741,15,0.119,0.091,0.038,Dry,100,100,100,0.4,0.9,NA,NA,insects,biotic,13; 38; 18,NA,NA,NA,,
Melastomataceae_Fritzschia,Fabian Michelangeli,Melastomataceae,Fritzschia,herbaceous perennial,13.862,12,0.179,0.135,0.054,Dry,100,100,100,0.6,1.1,0.4,0.6,insects,biotic,12; 14,15,30,22.5,changed by Eve,
Onagraceae_Fuchsia,Peter Hoch,Onagraceae,Fuchsia,woody perennial,50.768,129,0.096,0.082,0.052,Fleshy,10,500,255,1,2.5,NA,NA,"insects, vertebrates",biotic,1; 22; c. 12,1,22,11.5,,
Lythraceae_Galpinia,Shirley Graham,Lythraceae,Galpinia,woody perennial,23.283,1,0,0,0,Dry,3,10,6.5,3,4.5,2.5,4,NA,NA,4 mm,NA,NA,NA,,
Onagraceae_Gayophytum,Peter Hoch,Onagraceae,Gayophytum,annual,16.552,11,0.145,0.108,0.042,Dry,8,200,104,0.7,2.3,NA,NA,insects,biotic,1; 15; c. 6,1,15,8,,
Combretaceae_Getonia,"Olivier Maurin, Ian Turner",Combretaceae,Getonia,woody perennial,55.379,1,0,0,0,Dry,1,1,1,5,6,1,3,insects,biotic,"1,5; 2,0",6,6,NA,,
Lythraceae_Ginoria,Shirley Graham,Lythraceae,Ginoria,woody perennial,19.473,15,0.139,0.107,0.045,Dry,50,50,50,0.5,2.5,0.1,0.6,insects,biotic,"6-8.5, avg. 7.0",NA,NA,NA,,
Penaeaceae_Glischrocolla,Fabian Michelangeli,Penaeaceae,Glischrocolla,woody perennial,NA,NA,NA,NA,NA,Dry,NA,NA,NA,NA,NA,NA,NA,vertebrates,biotic,n/a,NA,NA,NA,,"Schönenberger, J., Conti, E., & Rutschmann, F. (2007). Penaeaceae. In Flowering Plants· Eudicots (pp. 282-291). Springer, Berlin, Heidelberg. Eve to check in Kew"
Onagraceae_Gongylocarpus,Peter Hoch,Onagraceae,Gongylocarpus,annual,43.537,4,0.032,0.021,0.006,Dry,4,28,16,NA,NA,NA,NA,insects,biotic,5; 20; 5-6 and 15-18 (2 spp.),5,20,12.5,,
Myrtaceae_Gossia,Eve Lucas,Myrtaceae,Gossia,woody perennial,52.274,39,0.07,0.057,0.03,Fleshy,1,8,4.5,6,10,3,7,insects,biotic,NA,6,15,10.5,,
Melastomataceae_Graffenrieda,Fabian Michelangeli,Melastomataceae,Graffenrieda,woody perennial,22.625,73,0.19,0.16,0.093,Dry,100,100,100,2.5,3,NA,NA,insects,biotic,5; 5.5,5,18,23,FFM note: flower size according to Flora of Sao Paulo. EL note - adjusted to incorporate Centronia and to include F's original min fl size,
Melastomataceae_Gravesia,Darin Penneys,Melastomataceae,Gravesia,epiphyte,30.502,125,0.158,0.136,0.085,Dry,100,100,100,0.3,1.7,NA,NA,insects,biotic,4; 52; 26,NA,NA,NA,,
Combretaceae_Guiera,"Olivier Maurin, Ian Turner",Combretaceae,Guiera,woody perennial,55.379,1,0,0,0,Dry,1,1,1,10,20,1,2,insects,biotic,"0,1; 0,2",1,2,NA,,
Melastomataceae_Guyonia,Darin Penneys,Melastomataceae,Guyonia,epiphyte,17.733,15,0.153,0.117,0.049,Dry,100,100,100,0.8,1.2,NA,NA,insects,biotic,7; 7; 7,NA,NA,NA,,
Lythraceae_Heimia,Shirley Graham,Lythraceae,Heimia,woody perennial,45.048,4,0.031,0.02,0.006,Dry,50,50,50,0.5,1,0.3,0.8,insects,biotic,5-6 mm,NA,NA,NA,,
Melastomataceae_Henriettea,Fabian Michelangeli,Melastomataceae,Henriettea,woody perennial,22.94,68,0.184,0.154,0.089,Fleshy,100,100,100,0.5,0.7,NA,NA,insects,biotic,8,12,14,13,FFM note: flower size according to Flora of Sao Paulo,
Melastomataceae_Henriettella,Fabian Michelangeli,Melastomataceae,Henriettella,woody perennial,NA,NA,NA,NA,NA,Fleshy,100,100,100,0.6,0.75,NA,NA,insects,biotic,3.2; 3.4,10,12,11,FFM note: flower size according to Flora of Sao Paulo,
Melastomataceae_Heterocentron,Fabian Michelangeli,Melastomataceae,Heterocentron,herbaceous perennial,7.247,14,0.364,0.278,0.115,Dry,100,100,100,0.6,0.7,NA,NA,insects,biotic,14; 16,NA,NA,NA,,"Whiffin, T. P. (1972). A systematic study of the genus Heterocentron (Melastomataceae). The University of Texas at Austin. Eve to check at Kew. also:https://bioone.org/journals/Lundellia/volume-1999/issue-2/1097-993X-2.1.142/iHeterocentron-chimalapanum-i-Melastomataceae--A-New-Species-from-Oaxaca/10.25224/1097-993X-2.1.142.full"
Myrtaceae_Heteropyxis,Peter Wilson,Myrtaceae,Heteropyxis,woody perennial,22.878,3,0.048,0.03,0.008,Dry,10,20,NA,1,2,NA,NA,insects,biotic,2.5‚Äì5 mm,NA,NA,NA,,
Melastomataceae_Heterotis,fabian Michelangeli,Melastomataceae,Heterotis,woody perennial,15.99,6,0.112,0.078,0.025,Dry,100,100,100,0.6,0.9,NA,NA,insects,biotic,1.7; 2.2,NA,NA,NA,,
Myrtaceae_Homalospermum,Peter Wilson,Myrtaceae,Homalospermum,woody perennial,47.8,1,0,0,0,Dry,4,4,NA,2.5,3.5,NA,NA,insects,biotic,c. 15 mm,NA,NA,NA,,
Myrtaceae_Homoranthus,Peter Wilson,Myrtaceae,Homoranthus,woody perennial,20.446,31,0.168,0.136,0.068,Dry,1,1,NA,1.5,1.5,NA,NA,vertebrates,biotic,c. 4 mm,NA,NA,NA,,
Melastomataceae_Huberia,Fabian Michelangeli,Melastomataceae,Huberia,woody perennial,8.143,37,0.443,0.362,0.187,Dry,100,100,100,2.4,6.3,NA,NA,insects,biotic,12; 25,22,67,44.5,FFM note: flower size according to Flora of Sao Paulo,
Myrtaceae_Hypocalymma,Peter Wilson,Myrtaceae,Hypocalymma,woody perennial,18.209,28,0.183,0.147,0.072,Dry,1,3,NA,1.5,1.5,NA,NA,insects,biotic,8‚Äì11 mm,NA,NA,NA,,
Myrtaceae_Kanakomyrtus,Eve Lucas,Myrtaceae,Kanakomyrtus,woody perennial,48.372,6,0.037,0.026,0.008,Fleshy,40,300,170,2,2.5,0.5,0.5,insects,biotic,NA,8,10,9,,
Myrtaceae_Kania,Peter Wilson,Myrtaceae,Kania,woody perennial,60.299,6,0.03,0.021,0.007,Dry,NA,NA,NA,2.5,3,NA,NA,NA,NA,c. 3.5‚Äì4 mm (petals held ¬± erect),NA,NA,NA,,
Myrtaceae_Kardomia,Peter Wilson,Myrtaceae,Kardomia,woody perennial,29.294,6,0.061,0.043,0.014,Dry,3,6,NA,1,1,NA,NA,insects,biotic,to 7 mm ,NA,NA,NA,,
Melastomataceae_Killipia,Fabian Michelangeli,Melastomataceae,Killipia,woody perennial,NA,NA,NA,NA,NA,Fleshy,100,100,100,0.6,0.75,NA,NA,vertebrates,biotic,5; 6,NA,NA,NA,syno of Miconia,
Myrtaceae_Kjellbergiodendron,Peter Wilson,Myrtaceae,Kjellbergiodendron,woody perennial,46.478,1,0,0,0,Fleshy,1,1,NA,18,40,NA,NA,NA,NA,c. 20 mm,NA,NA,NA,,
Lythraceae_Koehneria,Shirley Graham,Lythraceae,Koehneria,NA,15.97,1,0,0,0,Dry,10,30,20,1.3,1.7,1,1.2,NA,NA,7-7.5 mm,NA,NA,NA,,
Vochysiaceae_Korupodendron,Gustavo Shimizu & Deise Gon√ßalves,Vochysiaceae,Korupodendron,woody perennial,18.837,1,0,0,0,Dry,1,1,1,NA,NA,NA,NA,NA,NA,ca. 2 cm long,20,20,20,,
Myrtaceae_Kunzea,Peter Wilson,Myrtaceae,Kunzea,woody perennial,37.928,78,0.115,0.097,0.057,Dry,NA,NA,NA,0.5,0.65,NA,NA,insects,biotic,3‚Äì4.5 mm,NA,NA,NA,,
Lythraceae_Lagerstroemia,Shirley Graham,Lythraceae,Lagerstroemia,woody perennial,38.103,61,0.108,0.09,0.051,Dry,8,72,40,3,6,4,16,insects,biotic,10 mm,NA,NA,NA,,
Combretaceae_Laguncularia,"Olivier Maurin, Ian Turner",Combretaceae,Laguncularia,woody perennial,86.423,1,0,0,0,Dry,1,1,1,18,20,3,5,insects,biotic,"0,3; 0,5",4,6,NA,,
Myrtaceae_Lamarchea,Peter Wilson,Myrtaceae,Lamarchea,woody perennial,NA,2,NA,NA,NA,Dry,6,9,NA,2,3,NA,NA,vertebrates,biotic,c. 7 mm,NA,NA,NA,,
Melastomataceae_Lavoisiera,Fabian Michelangeli,Melastomataceae,Lavoisiera,woody perennial,5.206,42,0.718,0.589,0.313,Dry,100,100,100,1.4,1.7,NA,NA,insects,biotic,8; 27,24,36,30,FFM note: flower size according to Flora of Sao Paulo,
Lythraceae_Lawsonia,Shirley Graham,Lythraceae,Lawsonia,woody perennial,40.745,1,0,0,0,Dry,30,50,40,1.2,2.2,1.3,2,insects,biotic,3.0 mm,NA,NA,NA,,
Melastomataceae_Leandra,Fabian Michelangeli,Melastomataceae,Leandra,herbaceous perennial,NA,NA,NA,NA,NA,Fleshy,100,100,100,0.4,0.5,NA,NA,insects,biotic,1.5; 2,3,18,10.5,FFM note: flower size according to Flora of Sao Paulo,
Melastomataceae_Leiostegia,Fabian Michelangeli,Melastomataceae,Leiostegia,herbaceous perennial,NA,NA,NA,NA,NA,Dry,100,100,100,0.7,0.8,0.5,0.6,insects,biotic,3.8; 4.2,1.8,4.2,3,changed by Eve - monospecific genus resurrected recently,
Myrtaceae_Lenwebbia,Eve Lucas,Myrtaceae,Lenwebbia,woody perennial,36.035,2,0.019,0.011,0.003,Fleshy,1,28,14.5,4,7,2,4,insects,biotic,NA,10,12,11,,
Myrtaceae_Leptospermum,Peter Wilson,Myrtaceae,Leptospermum,woody perennial,34.705,96,0.132,0.112,0.068,Dry,NA,NA,NA,1,1.5,NA,NA,insects,biotic,8‚Äì10 mm ,NA,NA,NA,,
Melastomataceae_Lijndenia,Fabian Michelangeli,Melastomataceae,Lijndenia,woody perennial,24.789,16,0.112,0.086,0.037,Fleshy,1,2,1.5,3,4,2.5,3,insects,biotic,NA,4,7,5.5,changed by Eve - monospecific genus resurrected recently,
Myrtaceae_Lindsayomyrtus,Peter Wilson,Myrtaceae,Lindsayomyrtus,woody perennial,68.492,1,0,0,0,NA,1,3,NA,10,23,NA,NA,NA,NA,22‚Äì28 mm,NA,NA,NA,,
Melastomataceae_Lithobium,Darin Penneys,Melastomataceae,Lithobium,NA,51.653,1,0,0,0,Dry,50,50,50,0.2,0.3,NA,NA,insects,biotic,7; 9; 8,NA,NA,NA,,
Myrtaceae_Lithomyrtus,Eve Lucas,Myrtaceae,Lithomyrtus,woody perennial,47.431,11,0.051,0.038,0.015,Fleshy,1,3,2,2,3,1,1.5,insects,biotic,NA,3,18,10.5,,
Onagraceae_Lopezia,Peter Hoch,Onagraceae,Lopezia,annual,46.218,35,0.077,0.063,0.032,Dry,4,120,62,0.6,2,NA,NA,insects,biotic,4; 20; c. 10,4,20,12,,
Myrtaceae_Lophomyrtus,Eve Lucas,Myrtaceae,Lophomyrtus,woody perennial,36.035,3,0.03,0.019,0.005,Fleshy,2,8,5,2,4,2.8,3,insects,biotic,NA,0.9,1.1,1,,
Myrtaceae_Lophostemon,Peter Wilson,Myrtaceae,Lophostemon,woody perennial,42.483,4,0.042,0.029,0.01,Dry,NA,NA,NA,1,3,NA,NA,insects,biotic,7‚Äì9 mm,NA,NA,NA,,
Melastomataceae_Loreya,Fabian Michelangeli,Melastomataceae,Loreya,woody perennial,NA,NA,NA,NA,NA,Fleshy,100,100,100,0.85,1,0.6,0.8,insects,biotic,13; 15,13,50,31.5,changed by Eve ,"Home  NYBG Press  Books in Series  Memoirs of The New York Botanical Garden  Systematic Studies in the Melastomataceae: Bellucia, Loreya, Macairea. Mem (50)"
Melastomataceae_Loricalepis,Fabian Michelangeli,Melastomataceae,Loricalepis,woody perennial,23.525,2,0.029,0.017,0.004,Dry,45,55,50,1.9,0.6,1,0.3,insects,biotic,1.5; 1.7,15,24,23,changed by Eve ,
Lythraceae_Lourtella,Shirley Graham,Lythraceae,Lourtella,woody perennial,48.879,1,0,0,0,Dry,30,50,40,0.8,1,0.5,0.7,NA,NA,3.5 mm,NA,NA,NA,,
Onagraceae_Ludwigia,Peter Hoch,Onagraceae,Ludwigia,woody perennial,82.6,103,0.056,0.048,0.029,Dry,50,400,225,0.5,1.5,NA,NA,insects,biotic,2; 55; c. 20,2,55,28.5,,
Myrtaceae_Luma,Eve Lucas,Myrtaceae,Luma,woody perennial,45.828,2,0.015,0.009,0.002,Fleshy,1,16,8.5,3,6,3,4,insects,biotic,NA,9,17,13,,
Combretaceae_Lumnitzera,"Olivier Maurin, Ian Turner",Combretaceae,Lumnitzera,woody perennial,73.807,2,0.022,0.015,0.005,Dry,1,1,1,4,5,1,2,insects or vertebrates,biotic,"0,8; 1,0",6,8,NA,,
Myrtaceae_Lysicarpus,Peter Wilson,Myrtaceae,Lysicarpus,woody perennial,67.149,1,0,0,0,Dry,3,9,NA,5.5,6,NA,NA,insects,biotic,c. 10 mm,NA,NA,NA,,
Lythraceae_Lythrum,Shirley Graham,Lythraceae,Lythrum,herbaceous perennial,51.031,43,0.074,0.061,0.032,Dry,8,60,34,0.4,0.8,0.3,0.7,insects,biotic,0.5-2 mm,NA,NA,NA,,
Melastomataceae_Macairea,Fabian Michelangeli,Melastomataceae,Macairea,woody perennial,22.877,23,0.137,0.109,0.051,Dry,100,100,100,0.6,0.7,NA,NA,insects,biotic,7; 8.5,8.5,8.5,8.5,FFM note: flower size according to Flora of Sao Paulo,
Melastomataceae_Macrocentrum,Fabian Michelangeli,Melastomataceae,Macrocentrum,epiphyte,27.359,28,0.122,0.098,0.048,Dry,100,100,100,0.45,0.55,NA,NA,insects,biotic,4.5,NA,NA,NA,,
Combretaceae_Macropteranthes,"Olivier Maurin, Ian Turner",Combretaceae,Macropteranthes,woody perennial,17.747,5,0.091,0.062,0.019,Dry,1,1,1,3,3,1,1,insects,biotic,"0,5; 0,8",6,13,NA,,
Melastomataceae_Maieta,Fabian Michelangeli,Melastomataceae,Maieta,woody perennial,NA,NA,NA,NA,NA,Fleshy,100,100,100,0.5,0.6,NA,NA,insects,biotic,5; 8.5,NA,NA,NA,,
Myrtaceae_Malleostemon,Peter Wilson,Myrtaceae,Malleostemon,woody perennial,19.69,14,0.134,0.102,0.042,Dry,1,1,NA,1.5,1.5,NA,NA,insects,biotic,4‚Äì5 mm,NA,NA,NA,,
Melastomataceae_Marcetia,Fabian Michelangeli,Melastomataceae,Marcetia,woody perennial,13.862,30,0.245,0.198,0.098,Dry,100,100,100,0.7,0.8,NA,NA,insects,biotic,5; 7,10,14,12,FFM note: flower size according to Flora of Sao Paulo,
Melastomataceae_Mecranium,Fabian Michelangeli,Melastomataceae,Mecranium,woody perennial,NA,NA,NA,NA,NA,Fleshy,100,100,100,0.35,0.4,NA,NA,NA,NA,2.9; 3.3,NA,NA,NA,,
Melastomataceae_Medinilla,Darin Penneys,Melastomataceae,Medinilla,epiphyte,21.239,381,0.28,0.247,0.172,Fleshy,100,100,100,0.4,2,NA,NA,insects,biotic,7; 53; 25,NA,NA,NA,,
Myrtaceae_Melaleuca,Peter Wilson,Myrtaceae,Melaleuca,woody perennial,31.813,465,0.193,0.171,0.121,Dry,NA,NA,NA,1,1.5,NA,NA,vertebrates,biotic,8.5‚Äì10.5 mm,NA,NA,NA,,
Melastomataceae_Melastoma,Darin Penneys,Melastomataceae,Melastoma,woody perennial,12.861,110,0.365,0.312,0.193,Dry,100,100,100,0.9,0.9,0.9,0.9,insects,biotic,13; 92; 50,NA,NA,NA,,
Melastomataceae_Melastomastrum,Darin Penneys,Melastomataceae,Melastomastrum,woody perennial,17.733,9,0.124,0.091,0.033,Dry,100,100,100,0.5,0.6,NA,NA,insects,biotic,22; 55,NA,NA,NA,,
Melastomataceae_Memecylon,Fabian Michelangeli,Melastomataceae,Memecylon,woody perennial,3.941,400,1.52,1.345,0.942,Fleshy,1,1,NA,NA,NA,NA,NA,insects,biotic,2; 2.5,NA,NA,NA,,
Melastomataceae_Meriania,Fabian Michelangeli,Melastomataceae,Meriania,woody perennial,21.625,111,0.218,0.186,0.115,Dry,100,100,100,1.2,1.4,NA,NA,NA,NA,23.7; 24.7,18,50,34,FFM note: flower size according to Flora of Sao Paulo,
Melastomataceae_Merianthera,Fabian Michelangeli,Melastomataceae,Merianthera,woody perennial,34.596,7,0.056,0.04,0.014,Dry,100,100,100,1,1.5,NA,NA,insects,biotic,14; 25,NA,NA,NA,,
Myrtaceae_Metrosideros,Peter Wilson,Myrtaceae,Metrosideros,woody perennial,60.299,78,0.072,0.061,0.036,Dry,NA,NA,NA,2,3,NA,NA,"insects, vertebrates",biotic,9‚Äì12 mm,NA,NA,NA,,
Melastomataceae_Miconia,Fabian Michelangeli,Melastomataceae,Miconia,woody perennial,16.68,1927,0.453,0.412,0.316,Fleshy,100,100,100,0.8,0.9,NA,NA,insects,biotic,2.5; 3,NA,NA,NA,,
Melastomataceae_Microlepis,Fabian Michelangeli,Melastomataceae,Microlepis,woody perennial,NA,NA,NA,NA,NA,Dry,100,100,100,0.4,0.6,NA,NA,insects,biotic,6; 14,16,22,19,,
Melastomataceae_Microlicia,Fabian Michelangeli,Melastomataceae,Microlicia,woody perennial,5.723,190,0.917,0.797,0.523,Dry,100,100,100,0.4,0.8,NA,NA,insects,biotic,3.5; 4.5,10,28,19,,
Myrtaceae_Micromyrtus,Peter Wilson,Myrtaceae,Micromyrtus,woody perennial,28.11,52,0.141,0.117,0.064,Dry,1,1,NA,1.2,1.2,NA,NA,NA,NA,4‚Äì5 mm,NA,NA,NA,,
Myrtaceae_Mitrantia,Peter Wilson,Myrtaceae,Mitrantia,woody perennial,49.049,1,0,0,0,Dry,1,2,NA,6,8,NA,NA,NA,NA, to 2.5 mm,NA,NA,NA,,
Melastomataceae_Monochaetum,Fabian Michelangeli,Melastomataceae,Monochaetum,woody perennial,5.638,56,0.714,0.594,0.332,Dry,100,100,100,0.4,0.45,NA,NA,insects,biotic,8.5; 11,NA,NA,NA,,
Melastomataceae_Monolena,Fabian Michelangeli,Melastomataceae,Monolena,epiphyte,30.215,16,0.092,0.071,0.03,Dry,100,100,100,0.9,0.9,0.9,0.9,insects,biotic,15; 24,NA,NA,NA,,
Melastomataceae_Mouriri,Fabian Michelangeli,Melastomataceae,Mouriri,woody perennial,21.928,105,0.212,0.181,0.111,Fleshy,1,5,3,8,9,NA,NA,insects,biotic,3.5; 5.7,10,15.2,12.6,,
Myrtaceae_Myrceugenia,Eve Lucas,Myrtaceae,Myrceugenia,woody perennial,52.291,60,0.078,0.065,0.037,Fleshy,1,10,5.5,0.6,7,0.5,5.2,insects,biotic,NA,2.5,21,12.5,,
Myrtaceae_Myrcia,Eve Lucas,Myrtaceae,Myrcia,woody perennial,40.224,769,0.165,0.148,0.108,Fleshy,1,6,3.5,2.5,3.5,2,3,insects,biotic,NA,0.6,2,1.3,,
Myrtaceae_Myrcianthes,Eve Lucas,Myrtaceae,Myrcianthes,woody perennial,39.218,39,0.093,0.076,0.04,Fleshy,1,4,2.5,5,30,2,10,insects,biotic,4; 30; ,4,30,17,,
Myrtaceae_Myrciaria,Thiago Flores,Myrtaceae,Myrciaria,woody perennial,33.889,32,0.102,0.083,0.042,Fleshy,1,2,1.5,3,15,2,10,insects,biotic,Tetramery,NA,NA,NA,,
Melastomataceae_Myriaspora,Fabian Michelangeli,Melastomataceae,Myriaspora,woody perennial,NA,NA,NA,NA,NA,Fleshy,100,100,100,0.4,0.5,NA,NA,insects,biotic,8; 12,NA,NA,NA,,
Myrtaceae_Myrrhinium,Eve Lucas,Myrtaceae,Myrrhinium,woody perennial,39.164,3,0.028,0.018,0.005,Fleshy,1,4,2.5,3,5,2.5,3,insects,biotic,NA,8,11,9.5,,
Myrtaceae_Myrtastrum,Eve Lucas,Myrtaceae,Myrtastrum,woody perennial,60.613,1,0,0,0,Fleshy,18,24,21,0.8,1,0.7,0.9,insects,biotic,NA,0.8,1,9,,
Myrtaceae_Myrtella,Eve Lucas,Myrtaceae,Myrtella,woody perennial,47.431,2,0.015,0.009,0.002,Fleshy,2,6,4,1.8,3,1.2,2,insects,biotic,NA,6,12,9,,
Myrtaceae_Myrteola,Eve Lucas,Myrtaceae,Myrteola,woody perennial,35.952,5,0.045,0.031,0.009,Fleshy,5,12,8.5,1.5,2,1,1.8,insects,biotic,NA,0.6,1,0.8,,
Myrtaceae_Myrtus,Karinne Valdemarin,Myrtaceae,Myrtus,woody perennial,28.339,6,0.063,0.044,0.014,Fleshy,8,20,10,2,4,NA,NA,insects,biotic,4-7 mm long,4,7,5.5,,
Melastomataceae_Necramium,Fabian Michelangeli,Melastomataceae,Necramium,woody perennial,NA,NA,NA,NA,NA,Fleshy,100,100,100,0.5,0.62,NA,NA,insects,biotic,2.3; 2.5,NA,NA,NA,,
Myrtaceae_Neofabricia,Peter Wilson,Myrtaceae,Neofabricia,woody perennial,34.705,3,0.032,0.02,0.005,Dry,8,12,NA,2,2.5,NA,NA,insects,biotic,22‚Äì28 mm,NA,NA,NA,,
Onagraceae_Neoholmgrenia,Peter Hoch,Onagraceae,Neoholmgrenia,annual,12.766,2,0.054,0.032,0.007,Dry,32,80,56,0.7,1.3,NA,NA,insects,biotic,2; 10; 7,2,10,6,,
Myrtaceae_Neomitranthes,Aline Stadnik,Myrtaceae,Neomitranthes,woody perennial,17.444,13,0.147,0.112,0.045,Fleshy,1,4,2.5,NA,NA,NA,NA,insects,biotic,"0.5 - 2,5 mm",0.5,2.5,1.5,,
Melastomataceae_Nepsera,Fabian Michelangeli,Melastomataceae,Nepsera,annual,13.186,1,0,0,0,Dry,100,100,100,0.8,0.9,NA,NA,insects,biotic,4.5; 7,NA,NA,NA,,
Melastomataceae_Noterophila,Fabian Michelangeli,Melastomataceae,Noterophila,annual,13.399,8,0.155,0.112,0.04,Dry,100,100,100,0.5,0.75,NA,NA,insects,biotic,6; 12,NA,NA,NA,,
Myrtaceae_Ochrosperma,Peter Wilson,Myrtaceae,Ochrosperma,woody perennial,41.67,6,0.043,0.03,0.01,Dry,3,3,NA,1.3,1.3,NA,NA,insects,biotic,c. 2.5 mm,NA,NA,NA,,
Melastomataceae_Ochthephilus,Fabian Michelangeli,Melastomataceae,Ochthephilus,woody perennial,23.735,1,0,0,0,Dry,NA,NA,NA,NA,NA,NA,NA,insects,biotic,18.5; 19.5,NA,NA,NA,,
Myrtaceae_Octamyrtus,Eve Lucas,Myrtaceae,Octamyrtus,woody perennial,41.785,6,0.043,0.03,0.01,Fleshy,15,40,27.5,1.5,3,1,2,insects,biotic,NA,10,30,20,,
Onagraceae_Oenothera,Peter Hoch,Onagraceae,Oenothera,herbaceous perennial,8.044,221,0.671,0.585,0.39,Dry,1,200,100.5,0.5,8,NA,NA,insects,biotic,3; 120; c. 40,3,120,61.5,,
Penaeaceae_Olinia,Fabian Michelangeli,Penaeaceae,Olinia,woody perennial,33.068,14,0.08,0.061,0.025,Fleshy,1,1,1,6,10,5,10,insects,biotic,NA,1.6,9.8,5.7,changed by Eve,"Schönenberger, J., Conti, E., & Rutschmann, F. (2007). Penaeaceae. In Flowering Plants· Eudicots (pp. 282-291). Springer, Berlin, Heidelberg. Eve to check in Kew"
Melastomataceae_Opisthocentra,Fabian Michelangeli,Melastomataceae,Opisthocentra,woody perennial,46.693,1,0,0,0,Dry,100,100,100,0.5,0.7,NA,NA,insects,biotic,7; 9,NA,NA,NA,,
Melastomataceae_Osbeckia,Darin Penneys,Melastomataceae,Osbeckia,woody perennial,12.02,53,0.33,0.274,0.152,Dry,100,100,100,0.35,0.9,NA,NA,insects,biotic,11; 65; 40,NA,NA,NA,,
Melastomataceae_Ossaea,Fabian Michelangeli,Melastomataceae,Ossaea,woody perennial,4.084,8,0.509,0.368,0.13,Fleshy,100,100,100,0.8,1.2,NA,NA,insects,biotic,2.5; 5,4.2,14,9.1,,
Myrtaceae_Oxymyrrhine,Peter Wilson,Myrtaceae,Oxymyrrhine,woody perennial,17.416,4,0.08,0.053,0.015,Dry,NA,NA,NA,0.6,0.8,NA,NA,insects,biotic,6‚Äì10 mm,NA,NA,NA,,
Melastomataceae_Oxyspora,Darin Penneys,Melastomataceae,Oxyspora,woody perennial,26.393,38,0.138,0.113,0.059,Dry,100,100,100,0.7,1,NA,NA,insects,biotic,3; 25; 9,NA,NA,NA,,
Melastomataceae_Pachyanthus,Fabian Michelangeli,Melastomataceae,Pachyanthus,woody perennial,NA,NA,NA,NA,NA,Fleshy,20,24,22,1.8,2,NA,NA,insects,biotic,3; 4.5,NA,NA,NA,,
Melastomataceae_Pachyloma,Fabian Michelangeli,Melastomataceae,Pachyloma,woody perennial,22.165,4,0.063,0.041,0.012,Dry,100,100,100,0.9,1,NA,NA,insects,biotic,15; 20,NA,NA,NA,,
Lythraceae_Pehria,Shirley Graham,Lythraceae,Pehria,woody perennial,11.847,1,0,0,0,Dry,50,50,50,0.7,0.9,0.3,0.5,NA,NA,5.0-6.0 mm,NA,NA,NA,,
Lythraceae_Pemphis,Shirley Graham,Lythraceae,Pemphis,woody perennial,47.643,1,0,0,0,Dry,15,20,17.5,2.5,3,1.7,2,vertebrates,biotic,7.0-7.5 mm,NA,NA,NA,,
Penaeaceae_Penaea,Fabian Michelangeli,Penaeaceae,Penaea,woody perennial,10.186,27,0.324,0.259,0.126,Dry,NA,NA,NA,2,2.2,NA,NA,insects,biotic,n/a,NA,NA,NA,,"Schönenberger, J., Conti, E., & Rutschmann, F. (2007). Penaeaceae. In Flowering Plants· Eudicots (pp. 282-291). Springer, Berlin, Heidelberg. Eve to check in Kew"
Myrtaceae_Pericalymma,Peter Wilson,Myrtaceae,Pericalymma,woody perennial,20.976,6,0.085,0.06,0.019,Dry,3,3,NA,1.2,2,NA,NA,insects,biotic,8‚Äì13 mm ,NA,NA,NA,,
Melastomataceae_Phainantha,Fabian Michelangeli,Melastomataceae,Phainantha,climber,37.318,5,0.043,0.029,0.009,Dry,100,100,100,2,2,2,2,insects,biotic,6; 7,NA,NA,NA,,
Melastomataceae_Phyllagathis,Darin Penneys,Melastomataceae,Phyllagathis,NA,24.701,78,0.176,0.149,0.088,Dry,100,100,100,0.3,2,NA,NA,insects,biotic,3; 39; 20,NA,NA,NA,,
Melastomataceae_Physeterostemon,NA,Melastomataceae,Physeterostemon,woody perennial,15.992,5,0.101,0.069,0.021,NA,NA,NA,NA,NA,NA,NA,NA,NA,NA,NA,NA,NA,NA,,
Lythraceae_Physocalymma,Shirley Graham,Lythraceae,Physocalymma,woody perennial,51.596,1,0,0,0,Dry,50,50,50,3.2,4.2,2.7,4,NA,NA,11-15 mm,NA,NA,NA,,
Myrtaceae_Pileanthus,Peter Wilson,Myrtaceae,Pileanthus,woody perennial,21.027,10,0.11,0.081,0.031,Dry,1,1,NA,NA,2,NA,NA,insects,biotic,10‚Äì12 mm,NA,NA,NA,,
Myrtaceae_Pilidiostigma,Eve Lucas,Myrtaceae,Pilidiostigma,woody perennial,48.372,6,0.037,0.026,0.008,Fleshy,5,9,7,3,6,2.5,4,insects,biotic,NA,1.5,1.9,1.7,,
Melastomataceae_Pilocosta,Fabian Michelangeli,Melastomataceae,Pilocosta,annual,12,5,0.134,0.092,0.028,Dry,100,100,100,0.5,0.5,0.5,0.5,insects,biotic,7; 12,NA,NA,NA,,
Myrtaceae_Pimenta,Eve Lucas,Myrtaceae,Pimenta,woody perennial,40.79,28,0.082,0.066,0.032,Fleshy,1,4,2.5,0.5,8,0.5,2.8,insects,biotic,NA,3.5,9,6.25,,
Melastomataceae_Pleiochiton,Fabian Michelangeli,Melastomataceae,Pleiochiton,epiphyte,NA,NA,NA,NA,NA,Fleshy,150,150,150,0.6,0.9,NA,NA,insects,biotic,4; 8,7,21,14,,
Melastomataceae_Pleroma,Fabian Michelangeli,Melastomataceae,Pleroma,woody perennial,10.737,162,0.474,0.41,0.264,Dry,100,100,100,0.6,0.9,NA,NA,insects,biotic,1.5; 2,NA,NA,NA,,
Melastomataceae_Plethiandra,Darin Penneys,Melastomataceae,Plethiandra,epiphyte,21.239,8,0.098,0.071,0.025,Dry,100,100,100,0.5,1,NA,NA,insects,biotic,9; 23; 13,NA,NA,NA,,
Myrtaceae_Pleurocalyptus,Peter Wilson,Myrtaceae,Pleurocalyptus,woody perennial,21.925,2,0.032,0.018,0.004,Dry,NA,NA,NA,4,5,NA,NA,NA,NA,30‚Äì45 mm,NA,NA,NA,,
Lythraceae_Pleurophora,Shirley Graham,Lythraceae,Pleurophora,woody perennial,28.011,8,0.074,0.054,0.019,Dry,3,100,51.5,0.6,1,0.4,0.5,insects,biotic,2-4 mm,NA,NA,NA,,
Myrtaceae_Plinia,Aline Stadnik,Myrtaceae,Plinia,woody perennial,32.829,80,0.133,0.113,0.067,Fleshy,1,2,1.5,NA,NA,NA,NA,insects,biotic,0.8 - 4 mm ,0.8,4,2.4,,
Melastomataceae_Potheranthera,Fabian Michelangeli,Melastomataceae,Potheranthera,annual,NA,NA,NA,NA,NA,Dry,50,50,50,0.8,0.8,0.8,0.8,insects,biotic,3,NA,NA,NA,,
Myrtaceae_Pseudanamomis,Eve Lucas,Myrtaceae,Pseudanamomis,NA,NA,NA,NA,NA,NA,Fleshy,1,3,2,1,1.5,8,1.2,insects,biotic,NA,2.5,3,NA,,
Myrtaceae_Pseudocaryophyllus,Karinne Valdemarin,Myrtaceae,Pseudocaryophyllus,woody perennial,NA,NA,NA,NA,NA,Fleshy,1,3,2,4,8,3.5,5,insects,biotic,9-13 mm long,9,13,6,,
Melastomataceae_Pseudoernestia,Fabian Michelangeli,Melastomataceae,Pseudoernestia,annual,20.187,2,0.034,0.02,0.005,Dry,50,50,50,0.8,0.8,0.8,0.8,insects,biotic,5; 8,NA,NA,NA,,
Myrtaceae_Psidium,Carolyn Proen√ßa,Myrtaceae,Psidium,woody perennial,39.164,103,0.118,0.101,0.062,Fleshy,3,250,126.5,2,9.5,NA,NA,insects,biotic,10mm; 40mm,10,40,25,,
Myrtaceae_Psiloxylon,Peter Wilson,Myrtaceae,Psiloxylon,woody perennial,22.878,1,0,0,0,Fleshy,NA,NA,NA,0.6,0.8,0.4,0.5,insects,biotic,4.5‚Äì5 mm,NA,NA,NA,"TV note: seed width from Tobe, H., & Raven, P. H. (1990)",
Melastomataceae_Pternandra,Darin Penneys,Melastomataceae,Pternandra,woody perennial,66.219,21,0.046,0.036,0.017,Fleshy,100,100,100,0.5,1.25,NA,NA,insects,biotic,4; 28; 15,NA,NA,NA,,
Melastomataceae_Pterogastra,Fabian Michelangeli,Melastomataceae,Pterogastra,herbaceous perennial,18.89,4,0.073,0.049,0.014,Dry,100,100,100,0.8,0.9,NA,NA,insects,biotic,12; 15,NA,NA,NA,,
Melastomataceae_Pterolepis,Fabian Michelangeli,Melastomataceae,Pterolepis,woody perennial,18.89,16,0.147,0.113,0.049,Dry,100,100,100,0.4,0.5,NA,NA,insects,biotic,10; 12,8,51,29.5,,
Lythraceae_Punica,Shirley Graham,Lythraceae,Punica,woody perennial,40.485,2,0.017,0.01,0.002,Fleshy,100,1000,550,4,4.6,1.8,2,"insects, vertebrates",biotic,ca. 2.0 cm,NA,NA,NA,,
Myrtaceae_Purpureostemon,Peter Wilson,Myrtaceae,Purpureostemon,woody perennial,39.957,1,0,0,0,Dry,NA,NA,NA,4.5,6,NA,NA,vertebrates,biotic,12‚Äì18 mm ,NA,NA,NA,,
Vochysiaceae_Qualea,Gustavo Shimizu & Deise Gon√ßalves,Vochysiaceae,Qualea,woody perennial,21.366,66,0.196,0.164,0.094,Dry,3,30,16.5,10,45,3,15,insects,biotic,0.9-7 cm long,9,70,39.5,,
Melastomataceae_Quipuanthus,Fabian Michelangeli,Melastomataceae,Quipuanthus,herbaceous perennial,29.012,1,0,0,0,Dry,100,100,100,0.6,1.2,NA,NA,insects,biotic,14; 17,NA,NA,NA,,
Melastomataceae_Rhexia,Fabian Michelangeli,Melastomataceae,Rhexia,herbaceous perennial,22.165,15,0.122,0.094,0.039,Dry,100,100,100,0.6,0.7,NA,NA,insects,biotic,10; 18,NA,NA,NA,,
Myrtaceae_Rhodamnia,Eve Lucas,Myrtaceae,Rhodamnia,woody perennial,58.486,43,0.064,0.053,0.028,Fleshy,2,30,16,2,6,1.5,4.5,insects,biotic,NA,6,20,13,,
Myrtaceae_Rhodomyrtus,Eve Lucas,Myrtaceae,Rhodomyrtus,woody perennial,41.785,28,0.08,0.064,0.031,Fleshy,5,50,22.5,1.5,5,1,3.5,insects,biotic,NA,15,35,25,,
Melastomataceae_Rhynchanthera,Fabian Michelangeli,Melastomataceae,Rhynchanthera,herbaceous perennial,18.037,19,0.163,0.128,0.057,Dry,100,100,100,0.5,0.65,NA,NA,insects,biotic,15; 25,18,56,37,,
Penaeaceae_Rhynchocalyx,Fabian Michelangeli,Penaeaceae,Rhynchocalyx,woody perennial,31.381,1,0,0,0,Dry,30,60,45,4,5,2,3,insects,biotic,n/a,0.9,1.1,1,changed by Eve,"Schönenberger, J., Conti, E., & Rutschmann, F. (2007). Penaeaceae. In Flowering Plants· Eudicots (pp. 282-291). Springer, Berlin, Heidelberg. Eve to check in Kew"
Myrtaceae_Rinzia,Peter Wilson,Myrtaceae,Rinzia,woody perennial,37.544,21,0.081,0.064,0.029,Dry,1,3,NA,1.4,1.5,NA,NA,insects,biotic,5.5‚Äì7.5 mm,NA,NA,NA,,
Myrtaceae_Ristantia,Peter Wilson,Myrtaceae,Ristantia,woody perennial,49.049,3,0.022,0.014,0.004,Dry,1,3,NA,5,7,NA,NA,NA,NA,c. 6 mm,NA,NA,NA,,
Lythraceae_Rotala,Shirley Graham,Lythraceae,Rotala,annual,26.476,76,0.164,0.138,0.081,Dry,30,300,165,0.3,0.7,0.2,0.4,insects,biotic,2.5 mm,NA,NA,NA,,
Melastomataceae_Rousseauxia,Darin Penneys,Melastomataceae,Rousseauxia,NA,9.348,17,0.303,0.235,0.102,Dry,100,100,100,0.4,1,NA,NA,insects,biotic,32; 40; 35,NA,NA,NA,,
Melastomataceae_Rupestrea,Fabian Michelangeli,Melastomataceae,Rupestrea,woody perennial,NA,NA,NA,NA,NA,Dry,3,4,7.5,3,3.5,NA,NA,insects,biotic,5.7; 7.7,NA,NA,NA,,
Melastomataceae_Salpinga,Fabian Michelangeli,Melastomataceae,Salpinga,herbaceous perennial,34.536,14,0.076,0.058,0.024,Dry,50,50,50,0.7,0.9,NA,NA,insects,biotic,15; 17,22,26.5,24.25,,
Vochysiaceae_Salvertia,Gustavo Shimizu & Deise Gon√ßalves,Vochysiaceae,Salvertia,woody perennial,14.145,1,0,0,0,Dry,3,3,3,4,4,10,12,insects,biotic,3.8-5.2 cm long,38,52,45,,
Melastomataceae_Sandemania,Fabian Michelangeli,Melastomataceae,Sandemania,woody perennial,11.749,1,0,0,0,Dry,100,100,100,0.8,0.9,NA,NA,insects,biotic,3; 5,NA,NA,NA,,
Myrtaceae_Sannantha,Peter Wilson,Myrtaceae,Sannantha,woody perennial,27.076,16,0.102,0.079,0.034,Dry,NA,NA,NA,0.6,0.6,NA,NA,insects,biotic,to 7 mm,NA,NA,NA,,
Melastomataceae_Sarcopyramis,Darin Penneys,Melastomataceae,Sarcopyramis,NA,26.062,4,0.053,0.035,0.01,Dry,100,100,100,0.6,1,NA,NA,insects,biotic,10; 27; 18,NA,NA,NA,,
Myrtaceae_Scholtzia,Peter Wilson,Myrtaceae,Scholtzia,woody perennial,18.216,43,0.206,0.17,0.091,Dry,1,1,NA,0.8,1.9,NA,NA,insects,biotic,5‚Äì6.5 mm ,NA,NA,NA,,
Melastomataceae_Schwackaea,Fabian Michelangeli,Melastomataceae,Schwackaea,annual,12,1,0,0,0,Dry,50,50,50,0.5,0.6,NA,NA,insects,biotic,5; 7,NA,NA,NA,,
Myrtaceae_Seorsus,Peter Wilson,Myrtaceae,Seorsus,woody perennial,27.619,4,0.05,0.033,0.009,Dry,5,12,NA,1.2,1.4,NA,NA,insects,biotic,9‚Äì12 mm,NA,NA,NA,,
Melastomataceae_Siphanthera,Fabian Michelangeli,Melastomataceae,Siphanthera,annual,19.329,19,0.152,0.119,0.053,Dry,100,100,100,0.45,0.5,NA,NA,insects,biotic,1.5; 2,5.5,10.5,8,,
Myrtaceae_Siphoneugena,Carolyn Proen√ßa,Myrtaceae,Siphoneugena,woody perennial,17.444,14,0.151,0.116,0.048,Fleshy,1,4,2.5,7,7,NA,NA,insects,biotic,3mm; 7mm; 5mm,3,7,5,,
Penaeaceae_Sonderothamnus,Fabian Michelangeli,Penaeaceae,Sonderothamnus,NA,NA,NA,NA,NA,NA,Dry,NA,NA,NA,NA,NA,NA,NA,insects,biotic,n/a,NA,NA,NA,,"Schönenberger, J., Conti, E., & Rutschmann, F. (2007). Penaeaceae. In Flowering Plants· Eudicots (pp. 282-291). Springer, Berlin, Heidelberg. Eve to check in Kew"
Melastomataceae_Sonerila,Darin Penneys,Melastomataceae,Sonerila,woody perennial,26.062,190,0.201,0.175,0.115,Dry,50,50,50,0.4,0.8,NA,NA,insects,biotic,7; 36; 17,NA,NA,NA,,
Lythraceae_Sonneratia,Shirley Graham,Lythraceae,Sonneratia,woody perennial,31.902,9,0.069,0.05,0.018,Fleshy,100,1000,550,5,12,4,10,vertebrates,biotic,1.5-3.0 cm,NA,NA,NA,,
Melastomataceae_Spathandra,Darin Penneys,Melastomataceae,Spathandra,NA,27.033,3,0.041,0.026,0.007,Fleshy,1,2,1.5,2,3,NA,NA,insects,biotic,5,NA,NA,NA,,
Myrtaceae_Sphaerantia,Peter Wilson,Myrtaceae,Sphaerantia,woody perennial,45.956,2,0.015,0.009,0.002,Dry,1,3,NA,5,6,NA,NA,NA,NA,10‚Äì12 mm,NA,NA,NA,,
Melastomataceae_Stenodon,Fabian Michelangeli,Melastomataceae,Stenodon,woody perennial,5.584,2,0.124,0.073,0.017,Dry,100,100,100,0.6,0.8,NA,NA,insects,biotic,20; 30,NA,NA,NA,,
Myrtaceae_Stenostegia,Peter Wilson,Myrtaceae,Stenostegia,woody perennial,37.726,1,0,0,0,Dry,6,9,NA,0.6,0.6,NA,NA,insects,biotic,5 mm,NA,NA,NA,,
Myrtaceae_Stockwellia,Andrew Thornhill,Myrtaceae,Stockwellia,woody perennial,29.21,1,0,0,0,Dry,NA,NA,NA,8,11,5,6,insects,biotic,4,NA,NA,NA,,
Combretaceae_Strephonema,"Olivier Maurin, Ian Turner",Combretaceae,Strephonema,woody perennial,100.245,4,0.014,0.009,0.003,Fleshy,40,70,1,60,70,35,70,insects,biotic,"0,4; 0,8",12,20,NA,,
Penaeaceae_Stylapterus,Fabian Michelangeli,Penaeaceae,Stylapterus,NA,NA,NA,NA,NA,NA,NA,NA,NA,NA,NA,NA,NA,NA,insects,biotic,NA,NA,NA,NA,,"Schönenberger, J., Conti, E., & Rutschmann, F. (2007). Penaeaceae. In Flowering Plants· Eudicots (pp. 282-291). Springer, Berlin, Heidelberg. Eve to check in Kew"
Melastomataceae_Styrophyton,Darin Penneys,Melastomataceae,Styrophyton,NA,12.732,1,0,0,0,Dry,100,100,100,0.6,0.7,NA,NA,insects,biotic,3; 3; 3,NA,NA,NA,,
Melastomataceae_Svitramia,Fabian Michelangeli,Melastomataceae,Svitramia,woody perennial,NA,NA,NA,NA,NA,Dry,100,100,100,0.6,0.6,0.6,0.6,insects,biotic,13; 16,NA,NA,NA,,
Myrtaceae_Syncarpia,Peter Wilson,Myrtaceae,Syncarpia,woody perennial,72.544,3,0.022,0.015,0.005,Dry,NA,NA,NA,1.5,3.5,NA,NA,"insects, vertebrates",biotic,9‚Äì12 mm,NA,NA,NA,,
Myrtaceae_Syzygium,Yee Wen Low,Myrtaceae,Syzygium,woody perennial,70.845,1233,0.1,0.091,0.068,Fleshy,1,8,4.5,5,60,4,50,Insects,biotic,1.5; 82; ,1.5,82,41.75,"smallest flower is S. singaporense, while largest is S. porphyrocarpum. Smallest Syzygium seen I've seen about 5mm long (S. cf effusum) and the largest seed is S. gustavioides.",
Onagraceae_Taraxia,NA,Onagraceae,Taraxia,herbaceous perennial,19.629,4,0.071,0.047,0.013,NA,NA,NA,NA,NA,NA,NA,NA,NA,NA,NA,NA,NA,NA,,
Myrtaceae_Taxandria,Peter Wilson,Myrtaceae,Taxandria,woody perennial,20.976,11,0.122,0.093,0.038,Dry,3,3,NA,1,1,NA,NA,insects,biotic,3.5‚Äì6,NA,NA,NA,,
Combretaceae_Terminalia,"Olivier Maurin, Ian Turner",Combretaceae,Terminalia,woody perennial,59.794,282,0.096,0.085,0.058,Dry,1.5,40,1,4,80,1.5,40,insects,biotic,absent,2,8,NA,,
Melastomataceae_Tessmannianthus,Fabian Michelangeli,Melastomataceae,Tessmannianthus,woody perennial,37.138,7,0.052,0.037,0.013,Dry,NA,NA,NA,NA,NA,NA,NA,NA,NA,10.5,NA,NA,NA,,
Myrtaceae_Tetrapora,Peter Wilson,Myrtaceae,Tetrapora,woody perennial,17.416,5,0.092,0.063,0.019,Dry,NA,NA,NA,0.4,1.1,NA,NA,insects,biotic,5.5‚Äì6.5 mm ,NA,NA,NA,,
Onagraceae_Tetrapteron,Peter Hoch,Onagraceae,Tetrapteron,annual,11.2,2,0.062,0.036,0.009,Dry,8,36,22,1.2,2,NA,NA,insects,biotic,4; 30; c. 12,4,30,17,,
Lythraceae_Tetrataxis,Shirley Graham,Lythraceae,Tetrataxis,woody perennial,19.473,1,0,0,0,Dry,50,50,50,0.9,1.2,0.2,0.5,NA,NA,12mm,NA,NA,NA,,
Melastomataceae_Tetrazygia,Fabian Michelangeli,Melastomataceae,Tetrazygia,woody perennial,NA,NA,NA,NA,NA,Fleshy,NA,NA,NA,NA,NA,NA,NA,insects,biotic,5,NA,NA,NA,,
Myrtaceae_Thaleropia,Peter Wilson,Myrtaceae,Thaleropia,woody perennial,60.429,3,0.018,0.011,0.003,Dry,NA,NA,NA,1,1,NA,NA,vertebrates,biotic,9‚Äì10 mm ,NA,NA,NA,,
Myrtaceae_Thryptomene,Peter Wilson,Myrtaceae,Thryptomene,woody perennial,5.637,38,0.69,0.571,0.312,Dry,1,2,NA,1.4,1.4,NA,NA,insects,biotic,6‚Äì7 mm,NA,NA,NA,,
Melastomataceae_Tibouchina,Fabian Michelangeli,Melastomataceae,Tibouchina,woody perennial,21.459,46,0.178,0.147,0.079,Dry,100,100,100,0.6,0.9,NA,NA,insects,biotic,9; 15,NA,NA,NA,,
Melastomataceae_Tibouchinopsis,Fabian Michelangeli,Melastomataceae,Tibouchinopsis,woody perennial,NA,NA,NA,NA,NA,Dry,100,100,100,0.8,0.8,0.8,0.8,insects,biotic,17,NA,NA,NA,,
Melastomataceae_Tigridiopalma,Darin Penneys,Melastomataceae,Tigridiopalma,NA,27.347,1,0,0,0,Dry,100,100,100,NA,NA,NA,NA,insects,biotic,22; 22; 22,NA,NA,NA,,
Melastomataceae_Tococa,Fabian Michelangeli,Melastomataceae,Tococa,woody perennial,NA,NA,NA,NA,NA,Fleshy,100,100,100,0.6,1.2,NA,NA,insects,biotic,6.5; 15; 11,9,18,13.5,,
Lythraceae_Trapa,Shirley Graham,Lythraceae,Trapa,annual,31.902,16,0.087,0.067,0.029,Fleshy,1,1,1,10,20,10,20,insects,biotic,3.5 cm,NA,NA,NA,,
Melastomataceae_Trembleya,Fabian Michelangeli,Melastomataceae,Trembleya,woody perennial,5.206,17,0.544,0.422,0.184,Dry,100,100,100,0.7,0.8,NA,NA,insects,biotic,5; 7,16,29,22.5,,
Melastomataceae_Triolena,Fabian Michelangeli,Melastomataceae,Triolena,herbaceous perennial,30.215,29,0.111,0.09,0.044,Dry,100,100,100,0.45,0.6,NA,NA,insects,biotic,6; 7,NA,NA,NA,,
Myrtaceae_Triplarina,Peter Wilson,Myrtaceae,Triplarina,woody perennial,25.163,9,0.087,0.064,0.023,Dry,6,9,NA,0.5,0.8,NA,NA,insects,biotic,4.5‚Äì5 mm,NA,NA,NA,,
Myrtaceae_Tristaniopsis,Peter Wilson,Myrtaceae,Tristaniopsis,woody perennial,61.792,53,0.064,0.053,0.03,Dry,4,12,NA,1,14,0.5,5,NA,NA,1‚Äì3 mm,NA,NA,NA,,
Melastomataceae_Tristemma,Darin Penneys,Melastomataceae,Tristemma,woody perennial,9.399,25,0.342,0.273,0.13,Fleshy,100,100,100,0.2,0.6,NA,NA,insects,biotic,5; 33; 20,NA,NA,NA,,
Melastomataceae_Tryssophyton,Fabian Michelangeli,Melastomataceae,Tryssophyton,herbaceous perennial,23.702,2,0.029,0.017,0.004,Dry,50,50,50,0.5,0.6,NA,NA,insects,biotic,11; 13,NA,NA,NA,,
Myrtaceae_Ugni,Eve Lucas,Myrtaceae,Ugni,woody perennial,35.952,4,0.039,0.025,0.007,Fleshy,10,15,12.5,1.2,2,1,1.5,insects,biotic,NA,1.2,2,1.6,,
Myrtaceae_Uromyrtus,Eve Lucas,Myrtaceae,Uromyrtus,woody perennial,56.845,22,0.054,0.043,0.02,Fleshy,1,20,10.5,2.5,4,2,3,insects,biotic,NA,9,18,13.5,,
Myrtaceae_Verticordia,Peter Wilson,Myrtaceae,Verticordia,woody perennial,17.733,170,0.29,0.251,0.163,Dry,1,1,NA,1,1,NA,NA,NA,NA,3‚Äì4 mm,NA,NA,NA,,
Vochysiaceae_Vochysia,Gustavo Shimizu & Deise Gon√ßalves,Vochysiaceae,Vochysia,woody perennial,14.145,160,0.359,0.31,0.2,Dry,3,3,3,15,35,5,12,insects,biotic,0-3.5 cm long,0,35,17.5,,
Melastomataceae_Votomita,Fabian Michelangeli,Melastomataceae,Votomita,woody perennial,21.928,10,0.105,0.078,0.029,Fleshy,1,1,1,6.5,6.5,6.5,6.5,insects,biotic,5; 6.5,NA,NA,NA,,
Melastomataceae_Warneckea,Fabian Michelangeli,Melastomataceae,Warneckea,woody perennial,3.941,49,0.988,0.817,0.446,NA,NA,NA,NA,NA,NA,NA,NA,insects,biotic,NA,NA,NA,NA,,
Myrtaceae_Welchiodendron,Peter Wilson,Myrtaceae,Welchiodendron,woody perennial,42.483,1,0,0,0,Dry,2,6,NA,6,8,NA,NA,NA,NA,20‚Äì25 mm ,NA,NA,NA,,
Myrtaceae_Whiteodendron,Peter Wilson,Myrtaceae,Whiteodendron,woody perennial,46.478,1,0,0,0,Dry,1,1,NA,12,12,NA,NA,NA,NA,c. 23‚Äì28 mm,NA,NA,NA,,
Lythraceae_Woodfordia,Shirley Graham,Lythraceae,Woodfordia,woody perennial,15.97,2,0.043,0.025,0.006,Dry,50,50,50,0.7,1,0.2,0.3,"insects, vertebrates",biotic,3-4 mm,NA,NA,NA,,
Melastomataceae_Wurdastom,Fabian Michelangeli,Melastomataceae,Wurdastom,woody perennial,18.079,8,0.115,0.083,0.029,Dry,100,100,100,0.5,0.6,NA,NA,insects,biotic,4; 5,NA,NA,NA,,
Myrtaceae_Xanthomyrtus,Peter Wilson,Myrtaceae,Xanthomyrtus,woody perennial,64.738,28,0.051,0.041,0.02,Fleshy,NA,NA,NA,1,1.5,NA,NA,insects,biotic,c. 11‚Äì13,NA,NA,NA,,
Myrtaceae_Xanthostemon,Eve Lucas,Myrtaceae,Xanthostemon,woody perennial,21.925,49,0.178,0.147,0.08,Dry,50,70,60,3,4,2.5,3,insects,biotic,NA,2.2,3.8,3,,