"Expert","Family","Genus","Species","Major.Group","Minor.Group","fm_scoring_fruit","seed.min","seed.max","fm_scoring_seed_number","seed.length.min","seed.length.max","seed.width.min","seed.width.max","fm_scoring_pollination1","fm_scoring_pollination2","Corolla.diameter..min...max...prevalent.","Corolla.diameter.min","Corolla.diameter.max","fm_scoring_corolla_diam","Hypanthium.length..min...max...prevalent."
"Aline Stadnik","Myrtaceae","Neomitranthes","cordifolia","Myrteae","Siphoneugena","fleshy",1,4,"2.5",NA,NA,NA,NA,"insects","biotic","0.5 - 2,5 mm",0.5,2.5,1.5,"1 - 4,5 mm"
"Aline Stadnik","Myrtaceae","Plinia","silvestris","Myrteae","Myrciariopsis","fleshy",1,2,"1.5",NA,NA,NA,NA,"insects","biotic","0.8 - 4 mm ",0.8,4,2.4,"1.0 - 2.5 mm"
"Andrew Thornhill","Myrtaceae","Allosyncarpia","ternata","Eucalypteae","Mesicalypt (as per Thornhill et al. 2019)","Dry",1,2,"1,5",NA,NA,NA,NA,"insects","biotic","5",NA,NA,NA,""
"Andrew Thornhill","Myrtaceae","Angophora","euryphylla","Eucalypteae","Eucalypt (as per Thornhill et al. 2019)","Dry",NA,NA,NA,1,10,NA,NA,"insects/vertebrates","biotic","4;5;4 (Sepals)",NA,NA,NA,""
"Andrew Thornhill","Myrtaceae","Arillastrum","gummiferum","Eucalypteae","Newcalypt (as per Thornhill et al. 2019)","Dry",NA,NA,NA,NA,NA,NA,NA,"insects","biotic","4",NA,NA,NA,""
"Andrew Thornhill","Myrtaceae","Corymbia","ficifolia","Eucalypteae","Eucalypt (as per Thornhill et al. 2019)","Dry",NA,NA,NA,1,18,NA,NA,"insects/vertebrates","biotic","",NA,NA,NA,""
"Andrew Thornhill","Myrtaceae","Eucalyptopsis","papuana","Eucalypteae","Mesicalypt (as per Thornhill et al. 2019)","Dry",NA,NA,NA,NA,NA,NA,NA,"insects","biotic","4",NA,NA,NA,""
"Andrew Thornhill","Myrtaceae","Eucalyptus","cloeziana","Eucalypteae","Eucalypt (as per Thornhill et al. 2019); sungenus Idiogenes (as per Nicolle 2018)","Dry",NA,NA,NA,0.7,8,NA,NA,"abiotic/insects/vertebrates","abiotic/biotic","Calyptra",NA,NA,NA,""
"Andrew Thornhill","Myrtaceae","Stockwellia","quadrifida","Eucalypteae","Mesicalypt (as per Thornhill et al. 2019)","Dry",NA,NA,NA,8,11,5,6,"insects","biotic","4",NA,NA,NA,""
"Carolyn Proença","Myrtaceae","Blepharocalyx","salicifolia","Myrteae","Blepharocalycinae","fleshy",1,11,"6",3,10,NA,NA,"insects","biotic","2.5mm; 4mm; 4mm",2.5,4,3.25,"0.5;1; 2mm"
"Carolyn Proença","Myrtaceae","Psidium","","Myrteae","Pimentinae","fleshy",3,250,"126.5",2,9.5,NA,NA,"insects","biotic","10mm; 40mm",10,40,25,"0; 1mm"
"Carolyn Proença","Myrtaceae","Siphoneugena","guifoyleana","Myrteae","Pliniinae","fleshy",1,4,"2.5",7,7,NA,NA,"insects","biotic","3mm; 7mm; 5mm",3,7,5,"1.5; 4mm; 2-3mm"
"Darin Penneys","Melastomataceae","Astrocalyx","calycina","Melastomatoideae","Astronieae","dry",100,100,"100",0.5,1.8,NA,NA,"insects","biotic","14; 15; 14.5",NA,NA,NA,"0.5; 1; 0.75"
"Darin Penneys","Melastomataceae","Astronia","spectabilis","Melastomatoideae","Astronieae","dry",100,100,"100",2,3.5,NA,NA,"insects","biotic","4; 16; 8",NA,NA,NA,""
"Darin Penneys","Melastomataceae","Astronidium","morobiense","Melastomatoideae","Astronieae","dry",100,100,"100",0.75,2.5,NA,NA,"insects","biotic","7; 20; 12",NA,NA,NA,""
"Darin Penneys","Melastomataceae","Beccarianthus","pulcherrimus","Melastomatoideae","Astronieae","dry",100,100,"100",1,2.5,NA,NA,"vertebrates","biotic","12; 25; 20",NA,NA,NA,""
"Darin Penneys","Melastomataceae","Blakea","schlimii","Melastomatoideae","Blakeeae","fleshy",100,100,"100",0.6,1.8,NA,NA,"insects","biotic","10; 160; 60",NA,NA,NA,""
"Darin Penneys","Melastomataceae","Chalybea","macrocarpa","Melastomatoideae","Blakeeae","fleshy",100,100,"100",0.8,1.6,NA,NA,"vertebrates","biotic","18; 40; 30",NA,NA,NA,""
"Darin Penneys","Melastomataceae","Topobea","intricata","Melastomatoideae","Blakeeae","fleshy",100,100,"100",0.6,1.8,NA,NA,"insects","biotic","10; 40; 30",NA,NA,NA,""
"Darin Penneys","Melastomataceae","Dinophora","spenneroides","Melastomatoideae","Dinophoreae","fleshy",100,100,"100",1,1,NA,NA,"insects","biotic","20; 20; 20",NA,NA,NA,""
"Darin Penneys","Melastomataceae","Dalenia","beccariana","Melastomatoideae","Dissochaeteae","fleshy",100,100,"100",0.5,0.75,NA,NA,"insects","biotic","16; 24; 20",NA,NA,NA,""
"Darin Penneys","Melastomataceae","Diplectria","divaricata","Melastomatoideae","Dissochaeteae","fleshy",100,100,"100",0.75,0.75,0.75,0.75,"insects","biotic","20; 36; 28",NA,NA,NA,""
"Darin Penneys","Melastomataceae","Dissochaeta","annulata","Melastomatoideae","Dissochaeteae","fleshy",100,100,"100",0.75,0.75,0.75,0.75,"insects","biotic","27; 43; 35",NA,NA,NA,""
"Darin Penneys","Melastomataceae","Dissochaeta","annulata","Melastomatoideae","Dissochaeteae","fleshy",100,100,"100",0.75,0.75,0.75,0.75,"insects","biotic","27; 43; 35",NA,NA,NA,""
"Darin Penneys","Melastomataceae","Dissochaeta","biligulata","Melastomatoideae","Dissochaeteae","fleshy",100,100,"100",0.5,0.5,0.5,0.5,"insects","biotic","11; 13; 12",NA,NA,NA,""
"Darin Penneys","Melastomataceae","Dissochaeta","celebica","Melastomatoideae","Dissochaeteae","fleshy",100,100,"100",0.5,0.5,0.5,0.5,"insects","biotic","7; 9; 8",NA,NA,NA,""
"Darin Penneys","Melastomataceae","Dissochaeta","divaricata","Melastomatoideae","Dissochaeteae","fleshy",100,100,"100",0.75,0.75,0.75,0.75,"insects","biotic","20; 36; 28",NA,NA,NA,""
"Darin Penneys","Melastomataceae","Macrolenes","stellulata","Melastomatoideae","Dissochaeteae","fleshy",100,100,"100",0.75,0.75,0.75,0.75,"insects","biotic","43; 47; 45",NA,NA,NA,""
"Darin Penneys","Melastomataceae","Pseudodissochaeta","spirei","Melastomatoideae","Dissochaeteae","fleshy",100,100,"100",0.5,0.7,NA,NA,"insects","biotic","7; 10; ",NA,NA,NA,""
"Darin Penneys","Melastomataceae","Lithobium","cordatum","Melastomatoideae","Lithobieae","dry",50,50,"50",0.2,0.3,NA,NA,"insects","biotic","7; 9; 8",NA,NA,NA,""
"Darin Penneys","Melastomataceae","Amphorocalyx","latifolius","Melastomatoideae","Melastomeae-OW","dry",100,100,"100",0.5,1,NA,NA,"insects","biotic","14; 42; 30",NA,NA,NA,""
"Darin Penneys","Melastomataceae","Antherotoma","naudinii","Melastomatoideae","Melastomeae-OW","dry",100,100,"100",0.5,0.5,0.5,0.5,"insects","biotic","8; 9; 8.5",NA,NA,NA,""
"Darin Penneys","Melastomataceae","Dichaetanthera","","Melastomatoideae","Melastomeae-OW","dry",100,100,"100",0.5,1.7,NA,NA,"insects","biotic","11; 40; 20",NA,NA,NA,""
"Darin Penneys","Melastomataceae","Dionycha","bojerii","Melastomatoideae","Melastomeae-OW","dry",100,100,"100",0.7,0.9,NA,NA,"insects","biotic","17; 42; 30",NA,NA,NA,""
"Darin Penneys","Melastomataceae","Dissotis","multiflora","Melastomatoideae","Melastomeae-OW","dry",100,100,"100",0.4,0.8,NA,NA,"insects","biotic","14; 85; 38",NA,NA,NA,""
"Darin Penneys","Melastomataceae","Guyonia","tenella","Melastomatoideae","Melastomeae-OW","dry",100,100,"100",0.8,1.2,NA,NA,"insects","biotic","7; 7; 7",NA,NA,NA,""
"Darin Penneys","Melastomataceae","Melastoma","malabathricum","Melastomatoideae","Melastomeae-OW","dry",100,100,"100",0.9,0.9,0.9,0.9,"insects","biotic","13; 92; 50",NA,NA,NA,""
"Darin Penneys","Melastomataceae","Melastomastrum","theifolium","Melastomatoideae","Melastomeae-OW","dry",100,100,"100",0.5,0.6,NA,NA,"insects","biotic","22; 55",NA,NA,NA,""
"Darin Penneys","Melastomataceae","Osbeckia","stellata","Melastomatoideae","Melastomeae-OW","dry",100,100,"100",0.35,0.9,NA,NA,"insects","biotic","11; 65; 40",NA,NA,NA,""
"Darin Penneys","Melastomataceae","Rousseauxia","madagascariensis","Melastomatoideae","Melastomeae-OW","dry",100,100,"100",0.4,1,NA,NA,"insects","biotic","32; 40; 35",NA,NA,NA,""
"Darin Penneys","Melastomataceae","Tristemma","mauritianum","Melastomatoideae","Melastomeae-OW","fleshy",100,100,"100",0.2,0.6,NA,NA,"insects","biotic","5; 33; 20",NA,NA,NA,""
"Darin Penneys","Melastomataceae","Spathandra","blakeoides","Olisbeoideae ","Olisbeoideae","fleshy",1,2,"1.5",2,3,NA,NA,"insects","biotic","5",NA,NA,NA,""
"Darin Penneys","Melastomataceae","Pternandra","azurea","Melastomatoideae (unless data prove Olisbeoideae)","Pternandreae","fleshy",100,100,"100",0.5,1.25,NA,NA,"insects","biotic","4; 28; 15",NA,NA,NA,""
"Darin Penneys","Melastomataceae","Pternandra","cogniauxii","Melastomatoideae (unless data prove Olisbeoideae)","Pternandreae","fleshy",100,100,"100",0.5,1.25,NA,NA,"insects","biotic","4; 28; 15",NA,NA,NA,""
"Darin Penneys","Melastomataceae","Pternandra","multiflora","Melastomatoideae (unless data prove Olisbeoideae)","Pternandreae","fleshy",100,100,"100",0.5,1.25,NA,NA,"insects","biotic","4; 28; 15",NA,NA,NA,""
"Darin Penneys","Melastomataceae","Allomorphia","urophylla","Melastomatoideae","Sonerileae","dry",100,100,"100",NA,NA,NA,NA,"insects","biotic","7",NA,NA,NA,""
"Darin Penneys","Melastomataceae","Amphiblemma","cymosum","Melastomatoideae","Sonerileae","dry",100,100,"100",0.5,1.5,NA,NA,"insects","biotic","4; 43; 22",NA,NA,NA,""
"Darin Penneys","Melastomataceae","Anerincleistus","hirsutus","Melastomatoideae","Sonerileae","dry",100,100,"100",0.3,0.75,NA,NA,"insects","biotic","4; 33; 13",NA,NA,NA,""
"Darin Penneys","Melastomataceae","Barthea","barthei","Melastomatoideae","Sonerileae","dry",100,100,"100",2.2,3.2,NA,NA,"insects","biotic","22; 45; 33",NA,NA,NA,""
"Darin Penneys","Melastomataceae","Blastus","borneensis","Melastomatoideae","Sonerileae","dry",100,100,"100",0.3,1.8,NA,NA,"insects","biotic","2.5; 11; 5",NA,NA,NA,""
"Darin Penneys","Melastomataceae","Bredia","okinawensis","Melastomatoideae","Sonerileae","dry",100,100,"100",0.4,1,NA,NA,"insects","biotic","10; 24; 17",NA,NA,NA,""
"Darin Penneys","Melastomataceae","Calvoa","crassinoda","Melastomatoideae","Sonerileae","dry",100,100,"100",0.5,2,NA,NA,"insects","biotic","14; 40; 28",NA,NA,NA,""
"Darin Penneys","Melastomataceae","Cincinnobotrys","felicis","Melastomatoideae","Sonerileae","dry",100,100,"100",0.3,2,NA,NA,"insects","biotic","7; 32; 15",NA,NA,NA,""
"Darin Penneys","Melastomataceae","Creochiton","ledermannii","Melastomatoideae","Sonerileae","fleshy",100,100,"100",0.5,1,NA,NA,"insects","biotic","5; 26; 10",NA,NA,NA,""
"Darin Penneys","Melastomataceae","Cyphotheca","montana","Melastomatoideae","Sonerileae","dry",100,100,"100",0.7,0.7,NA,NA,"insects","biotic","13; 13; 13",NA,NA,NA,""
"Darin Penneys","Melastomataceae","Dicellandra","barteri","Melastomatoideae","Sonerileae","dry",100,100,"100",0.7,0.8,NA,NA,"insects","biotic","9; 16; 12",NA,NA,NA,""
"Darin Penneys","Melastomataceae","Driessenia","ulicinum","Melastomatoideae","Sonerileae","dry",100,100,"100",0.3,0.8,NA,NA,"insects","biotic","3; 22; 5",NA,NA,NA,""
"Darin Penneys","Melastomataceae","Fordiophyton","strictum","Melastomatoideae","Sonerileae","dry",100,100,"100",0.4,0.9,NA,NA,"insects","biotic","13; 38; 18",NA,NA,NA,""
"Darin Penneys","Melastomataceae","Gravesia","vestita","Melastomatoideae","Sonerileae","dry",100,100,"100",0.3,1.7,NA,NA,"insects","biotic","4; 52; 26",NA,NA,NA,""
"Darin Penneys","Melastomataceae","Kendrickia","walkeri","Melastomatoideae","Sonerileae","fleshy",100,100,"100",NA,NA,NA,NA,"insects","biotic","42; 53; 46",NA,NA,NA,""
"Darin Penneys","Melastomataceae","Medinilla","crassifolia","Melastomatoideae","Sonerileae","fleshy",100,100,"100",0.4,2,NA,NA,"insects","biotic","7; 53; 25",NA,NA,NA,""
"Darin Penneys","Melastomataceae","Neodriessenia","scorpioidea","Melastomatoideae","Sonerileae","dry",100,100,"100",0.2,0.7,NA,NA,"insects","biotic","4; 6; 3.5",NA,NA,NA,""
"Darin Penneys","Melastomataceae","Ochthocharis","bornensis","Melastomatoideae","Sonerileae","dry",100,100,"100",0.6,1.2,NA,NA,"insects","biotic","6; 13; 9",NA,NA,NA,""
"Darin Penneys","Melastomataceae","Oxyspora","balansae","Melastomatoideae","Sonerileae","dry",100,100,"100",0.7,1,NA,NA,"insects","biotic","3; 25; 9",NA,NA,NA,""
"Darin Penneys","Melastomataceae","Oxyspora","cordata","Melastomatoideae","Sonerileae","dry",100,100,"100",0.7,1,NA,NA,"insects","biotic","3; 25; 9",NA,NA,NA,""
"Darin Penneys","Melastomataceae","Oxyspora","paniculata","Melastomatoideae","Sonerileae","dry",100,100,"100",0.7,1,NA,NA,"insects","biotic","3; 25; 9",NA,NA,NA,""
"Darin Penneys","Melastomataceae","Phyllagathis","elliptica","Melastomatoideae","Sonerileae","dry",100,100,"100",0.3,2,NA,NA,"insects","biotic","3; 39; 20",NA,NA,NA,""
"Darin Penneys","Melastomataceae","Plagiopetalum","esquirolii","Melastomatoideae","Sonerileae","dry",100,100,"100",0.7,0.9,NA,NA,"insects","biotic","17; 21; 19",NA,NA,NA,""
"Darin Penneys","Melastomataceae","Plethiandra","hookeri","Melastomatoideae","Sonerileae","dry",100,100,"100",0.5,1,NA,NA,"insects","biotic","9; 23; 13",NA,NA,NA,""
"Darin Penneys","Melastomataceae","Poikilogyne","cordifolia","Melastomatoideae","Sonerileae","dry",100,100,"100",0.4,2.2,NA,NA,"insects","biotic","7; 33; 17",NA,NA,NA,""
"Darin Penneys","Melastomataceae","Preussiella","kamerunensis","Melastomatoideae","Sonerileae","dry",100,100,"100",1.6,2.5,NA,NA,"insects","biotic","15; 18; 16",NA,NA,NA,""
"Darin Penneys","Melastomataceae","Sarcopyramis","napalensis","Melastomatoideae","Sonerileae","dry",100,100,"100",0.6,1,NA,NA,"insects","biotic","10; 27; 18",NA,NA,NA,""
"Darin Penneys","Melastomataceae","Sonerila","plagiocardia","Melastomatoideae","Sonerileae","dry",50,50,"50",0.4,0.8,NA,NA,"insects","biotic","7; 36; 17",NA,NA,NA,""
"Darin Penneys","Melastomataceae","Sporoxeia","sciadophila","Melastomatoideae","Sonerileae","dry",100,100,"100",0.4,0.6,NA,NA,"insects","biotic","15; 15; 15",NA,NA,NA,""
"Darin Penneys","Melastomataceae","Styrophyton","caudatum","Melastomatoideae","Sonerileae","dry",100,100,"100",0.6,0.7,NA,NA,"insects","biotic","3; 3; 3",NA,NA,NA,""
"Darin Penneys","Melastomataceae","Tigridiopalma","magnifica","Melastomatoideae","Sonerileae","dry",100,100,"100",NA,NA,NA,NA,"insects","biotic","22; 22; 22",NA,NA,NA,""
"Fabian Michelangeli","Alzateaceae","Alzatea","verticillata","","","dry",40,60,"50",NA,NA,NA,NA,"insects","biotic","na",NA,NA,NA,"1.5-2"
"Fabian Michelangeli","Crypteroniaceae","Axinandra","zeylanica","","","dry",6,12,"9",NA,NA,NA,NA,NA,NA,"",NA,NA,NA,""
"Fabian Michelangeli","Crypteroniaceae","Crypteronia","paniculata","","","dry",6,12,"9",NA,NA,NA,NA,NA,NA,"na",NA,NA,NA,""
"Fabian Michelangeli","Crypteroniaceae","Dactylocladus","stenostachys","","","dry",12,15,"13.5",NA,NA,NA,NA,NA,NA,"na",NA,NA,NA,""
"Fabian Michelangeli","Melastomataceae","Acanthella","sprucei","Melastomatoideae","Marcetieae","dry",50,100,"75",4,5,NA,NA,NA,NA,"12; 15",NA,NA,NA,"10; 12"
"Fabian Michelangeli","Melastomataceae","Aciotis","purpurascens","Melastomatoideae","Marcetieae","fleshy",NA,NA,NA,0.5,0.5,0.5,0.5,NA,NA,"3.5; 4.5",NA,NA,NA,"2; 3 "
"Fabian Michelangeli","Melastomataceae","Acisanthera","quadrata","Melastomatoideae","Marcetieae","dry",NA,NA,NA,0.55,0.75,NA,NA,NA,NA,"5; 6",NA,NA,NA,"2; 2.5"
"Fabian Michelangeli","Melastomataceae","Adelobotrys","adscendens","Melastomatoideae","Merianieae","dry",100,100,"100",0.55,0.65,NA,NA,"insects","biotic","12; 15.5",NA,NA,NA,"6; 6.5"
"Fabian Michelangeli","Melastomataceae","Allomaieta","hirsuta","Melastomatoideae","Cyphostyleae","dry",100,100,"100",0.6,0.65,NA,NA,NA,NA,"6",NA,NA,NA,"18; 24"
"Fabian Michelangeli","Melastomataceae","Alloneuron","ulei","Melastomatoideae","Cyphostyleae","dry",100,100,"100",0.6,0.75,NA,NA,NA,NA,"2.4",NA,NA,NA,"1; 1.4"
"Fabian Michelangeli","Melastomataceae","Anaectocalyx","bracteosa","Melastomatoideae","Miconieae","fleshy",100,100,"100",0.55,0.75,NA,NA,"insects","biotic","12; 14",NA,NA,NA,"4; 6"
"Fabian Michelangeli","Melastomataceae","Appendicularia","thymifolia","Melastomatoideae","Marcetieae","dry",100,100,"100",0.5,0.55,NA,NA,"insects","biotic","",NA,NA,NA,""
"Fabian Michelangeli","Melastomataceae","Arthrostemma","ciliatum","Melastomatoideae","Rhexieae","dry",100,100,"100",1,1,1,1,"insects","biotic","20; 30",NA,NA,NA,"7; 10"
"Fabian Michelangeli","Melastomataceae","Axinaea","floribunda","Melastomatoideae","Merianieae","dry",50,50,"50",1,1.25,NA,NA,"vertebrates","biotic","6; 8",NA,NA,NA,"2; 3"
"Fabian Michelangeli","Melastomataceae","Behuria","glutinosa","Melastomatoideae","Cambessedesieae","dry",100,100,"100",0.6,1,NA,NA,"insects","biotic","13; 16",NA,NA,NA,"4; 6"
"Fabian Michelangeli","Melastomataceae","Bellucia","pentamera","Melastomatoideae","Henrietteeae","fleshy",100,100,"100",0.6,0.8,NA,NA,"insects","biotic","15; 20",NA,NA,NA,"9; 11"
"Fabian Michelangeli","Melastomataceae","Bertolonia","wurdackiana","Melastomatoideae","Bertolonieae","dry",100,100,"100",0.4,0.55,NA,NA,"insects","biotic","7.8; 8.3",NA,NA,NA,"2.7; 2.9"
"Fabian Michelangeli","Melastomataceae","Boyania","ayangannae","Melastomatoideae","Sonerileae","dry",100,100,"100",NA,NA,NA,NA,"insects","biotic","8; 13",NA,NA,NA,"2.1; 2.5"
"Fabian Michelangeli","Melastomataceae","Brachyotum","angustifolium","Melastomatoideae","Melastomateae","dry",100,100,"100",0.5,0.9,NA,NA,"vertebrates","biotic","10; 12",NA,NA,NA,"4; 5"
"Fabian Michelangeli","Melastomataceae","Brachyotum","ledifolium","Melastomatoideae","Melastomateae","dry",100,100,"100",0.5,0.9,NA,NA,"vertebrates","biotic","9; 17",NA,NA,NA,"5; 8"
"Fabian Michelangeli","Melastomataceae","Bucquetia","glutinosa","Melastomatoideae","Melastomateae","dry",100,100,"100",NA,NA,NA,NA,"insects","biotic","12; 14",NA,NA,NA,"5"
"Fabian Michelangeli","Melastomataceae","Calycogonium","rosmarinifolium","Melastomatoideae","Miconieae","fleshy",15,20,"",1.7,2.3,NA,NA,"insects","biotic","4.5; 5.0",NA,NA,NA,"2.5"
"Fabian Michelangeli","Melastomataceae","Cambessedesia","eichlerii","Melastomatoideae","Cambessedesieae","dry",100,100,"100",0.5,0.5,0.5,0.5,"insects","biotic","4.5; 5.5",NA,NA,NA,"5; 6"
"Fabian Michelangeli","Melastomataceae","Castratella","piloselloides","Melastomatoideae","Melastomateae","dry",100,100,"100",0.7,0.8,NA,NA,"insects","biotic","8.5; 11",NA,NA,NA,"6"
"Fabian Michelangeli","Melastomataceae","Catocoryne","linnaeoides","Melastomatoideae","Miconieae","fleshy",50,50,"50",0.3,0.4,NA,NA,"insects","biotic","4; 5",NA,NA,NA,"2"
"Fabian Michelangeli","Melastomataceae","Centradenia","floribunda","Melastomatoideae","Melastomateae","dry",50,50,"50",0.5,0.8,NA,NA,"insects","biotic","4; 7",NA,NA,NA,"2.5; 2.7"
"Fabian Michelangeli","Melastomataceae","Centradeniastrum","album","Melastomatoideae","","dry",10,20,"15",2,2,2,2,"insects","biotic","9; 11",NA,NA,NA,"3.5; 4"
"Fabian Michelangeli","Melastomataceae","Centronia","laurifolia","Melastomatoideae","Merianieae","dry",100,100,"100",2,2,2,2,"insects","biotic","14; 15.5",NA,NA,NA,"8"
"Fabian Michelangeli","Melastomataceae","Chaetolepis","lindeniana","Melastomatoideae","Melastomateae","dry",100,100,"100",0.5,0.8,NA,NA,"insects","biotic","5; 6",NA,NA,NA,"2.5; 3"
"Fabian Michelangeli","Melastomataceae","Chaetostoma","pungens","Melastomatoideae","Microlicieae","dry",100,100,"100",0.5,0.65,NA,NA,"insects","biotic","9; 12.5",NA,NA,NA,"4; 7"
"Fabian Michelangeli","Melastomataceae","Charianthus","purpureus","Melastomatoideae","Miconieae","fleshy",100,100,"100",0.6,0.95,NA,NA,"vertebrates","biotic","9; 12",NA,NA,NA,"4.2; 5.5"
"Fabian Michelangeli","Melastomataceae","Clidemia","eggersii","Melastomatoideae","Miconieae","dry",100,100,"100",0.3,0.5,NA,NA,"insects","biotic","7; 18",NA,NA,NA,"5; 7.5"
"Fabian Michelangeli","Melastomataceae","Comolia","lythrarioides","Melastomatoideae","Marcetieae","dry",100,100,"100",0.6,0.9,NA,NA,"insects","biotic","9; 12",NA,NA,NA,"3; 5"
"Fabian Michelangeli","Melastomataceae","Conostegia","icosandra","Melastomatoideae","Miconieae","fleshy",100,100,"100",0.4,0.8,NA,NA,"insects","biotic","7; 8",NA,NA,NA,"3.5; 5.5"
"Fabian Michelangeli","Melastomataceae","Desmoscelis","villosa","Melastomatoideae","Melastomateae","dry",100,100,"100",0.6,0.9,NA,NA,"insects","biotic","6; 10",NA,NA,NA,"3.5; 5"
"Fabian Michelangeli","Melastomataceae","Dicrananthera","hedyotidea","Melastomatoideae","Marcetieae","dry",100,100,"100",0.6,0.8,NA,NA,"insects","biotic","3; 4",NA,NA,NA,"2; 2.5"
"Fabian Michelangeli","Melastomataceae","Diplarpea","paleacea","Melastomatoideae","Trioleneae","dry",NA,NA,NA,NA,NA,NA,NA,"insects","biotic","5; 7",NA,NA,NA,"4.5"
"Fabian Michelangeli","Melastomataceae","Dolichoura","spiritusanctensis","Melastomatoideae","Cambessedesieae","dry",100,100,"100",1.8,2,NA,NA,"insects","biotic","5; 8",NA,NA,NA,"1.5; 2"
"Fabian Michelangeli","Melastomataceae","Eriocnema","fulva","Melastomatoideae","Eriocnemeae","dry",NA,NA,NA,0.9,0.9,0.9,0.9,"insects","biotic","10; 13",NA,NA,NA,"2; 3"
"Fabian Michelangeli","Melastomataceae","Eriocnema","gomesii","Melastomatoideae","Eriocnemea","dry",NA,NA,NA,0.9,0.9,0.9,0.9,"insects","biotic","10; 13",NA,NA,NA,"2; 3"
"Fabian Michelangeli","Melastomataceae","Ernestia","maguirei","Melastomatoideae","Marcetieae","dry",NA,NA,NA,0.7,0.9,NA,NA,"insects","biotic","8;9",NA,NA,NA,"4.2;4.5"
"Fabian Michelangeli","Melastomataceae","Fritzschia","erecta","Melastomatoideae","Marcetieae","dry",100,100,"100",1,1.1,NA,NA,"insects","biotic","12; 14",NA,NA,NA,"2.7; 3"
"Fabian Michelangeli","Melastomataceae","Graffenrieda","cucullata","Melastomatoideae","Merianieae","dry",100,100,"100",2.5,3,NA,NA,"insects","biotic","5; 5.5",NA,NA,NA,"6; 7"
"Fabian Michelangeli","Melastomataceae","Henriettea","squamata","Melastomatoideae","Henrietteeae","fleshy",100,100,"100",0.5,0.7,NA,NA,"insects","biotic","8",NA,NA,NA,"5"
"Fabian Michelangeli","Melastomataceae","Henriettella","tovarensis","Melastomatoideae","Henrietteeae","fleshy",100,100,"100",0.6,0.75,NA,NA,"insects","biotic","3.2; 3.4",NA,NA,NA,"2.1; 2.5"
"Fabian Michelangeli","Melastomataceae","Heterocentron","elegans","Melastomatoideae","Melastomateae","dry",100,100,"100",0.6,0.7,NA,NA,"insects","biotic","14; 16",NA,NA,NA,"3.5; 5"
"fabian Michelangeli","Melastomataceae","Heterotis","rotundifolia","Melastomatoideae","Melastomateae","dry",100,100,"100",0.6,0.9,NA,NA,"insects","biotic","1.7; 2.2",NA,NA,NA,"0.6; 0.7"
"Fabian Michelangeli","Melastomataceae","Huberia","consimilis","Melastomatoideae","Cambessedesieae","dry",100,100,"100",2.4,6.3,NA,NA,"insects","biotic","12; 25",NA,NA,NA,"6; 8"
"Fabian Michelangeli","Melastomataceae","Killipia","peduculata","Melastomatoideae","Miconieae","fleshy",100,100,"100",0.6,0.75,NA,NA,"vertebrates","biotic","5; 6",NA,NA,NA,"2; 3.8"
"Fabian Michelangeli","Melastomataceae","Kirkbridea","tetramera","Melastomatoideae","UNPLACED","fleshy",NA,NA,NA,NA,NA,NA,NA,"insects","biotic","",NA,NA,NA,""
"Fabian Michelangeli","Melastomataceae","Lavoisiera","imbricata","Melastomatoideae","Microlicieae","dry",100,100,"100",1.4,1.7,NA,NA,"insects","biotic","8; 27",NA,NA,NA,"3; 5"
"Fabian Michelangeli","Melastomataceae","Leandra","subseriata","Melastomatoideae","Miconieae","fleshy",100,100,"100",0.4,0.5,NA,NA,"insects","biotic","1.5; 2",NA,NA,NA,"1.3; 2"
"Fabian Michelangeli","Melastomataceae","Leiostegia","vernicosa","Melastomatoideae","Marcetieae","dry",100,100,"100",0.7,0.8,NA,NA,"insects","biotic","3.8; 4.2",NA,NA,NA,"4.5-5.5"
"Fabian Michelangeli","Melastomataceae","Lijndenia","procteri","Olisbeoideae","Olisbeoideae-OW",NA,NA,NA,NA,NA,NA,NA,NA,"insects","biotic","",NA,NA,NA,""
"Fabian Michelangeli","Melastomataceae","Loreya","subandina","Melastomatoideae","Henrietteeae","fleshy",100,100,"100",0.85,1,NA,NA,"insects","biotic","13; 15",NA,NA,NA,"5; 6"
"Fabian Michelangeli","Melastomataceae","Loricalepis","duckei","Melastomatoideae","Melastomateae","dry",NA,NA,NA,NA,NA,NA,NA,"insects","biotic","1.5; 1.7",NA,NA,NA,"5; 6"
"Fabian Michelangeli","Melastomataceae","Macairea","pachyphylla","Melastomatoideae","Marcetieae","dry",100,100,"100",0.6,0.7,NA,NA,"insects","biotic","7; 8.5",NA,NA,NA,"1.5; 2"
"Fabian Michelangeli","Melastomataceae","Macrocentrum","repens","Melastomatoideae","Merianieae","dry",100,100,"100",0.45,0.55,NA,NA,"insects","biotic","4.5",NA,NA,NA,"2"
"Fabian Michelangeli","Melastomataceae","Maguireanthus","ayangannae","Melastomatoideae","Merianieae","dry",100,100,"100",0.5,0.5,0.5,0.5,"insects","biotic","5.4; 5.8",NA,NA,NA,"2"
"Fabian Michelangeli","Melastomataceae","Maieta","poeppiggii","Melastomatoideae","Miconieae","fleshy",100,100,"100",0.5,0.6,NA,NA,"insects","biotic","5; 8.5",NA,NA,NA,"5; 6"
"Fabian Michelangeli","Melastomataceae","Mallophyton","chimantense","Melastomatoideae","UNPLACED","dry",100,100,"100",0.5,0.7,NA,NA,"insects","biotic","16; 17",NA,NA,NA,"5"
"Fabian Michelangeli","Melastomataceae","Marcetia","taxifolia","Melastomatoideae","Marcetieae","dry",100,100,"100",0.7,0.8,NA,NA,"insects","biotic","5; 7",NA,NA,NA,"2.5; 3"
"Fabian Michelangeli","Melastomataceae","Mecranium","haemanthum","Melastomatoideae","Miconieae","fleshy",100,100,"100",0.35,0.4,NA,NA,NA,NA,"2.9; 3.3",NA,NA,NA,"3.3"
"Fabian Michelangeli","Melastomataceae","Memecylon","rheophyticum","Olisbeoideae","Olisbeoideae-OW","fleshy",1,1,"",NA,NA,NA,NA,"insects","biotic","2; 2.5",NA,NA,NA,"2.5; 3"
"Fabian Michelangeli","Melastomataceae","Meriania","albiflora","Melastomatoideae","Merianieae","dry",100,100,"100",1.2,1.4,NA,NA,NA,NA,"23.7; 24.7",NA,NA,NA,"4; 4.5"
"Fabian Michelangeli","Melastomataceae","Merianthera","bullata","Melastomatoideae","Cambessedesieae","dry",100,100,"100",1,1.5,NA,NA,"insects","biotic","14; 25",NA,NA,NA,"7; 10"
"Fabian Michelangeli","Melastomataceae","Miconia","albicans","Melastomatoideae","Miconieae","fleshy",100,100,"100",0.8,0.9,NA,NA,"insects","biotic","2.5; 3",NA,NA,NA,"2"
"Fabian Michelangeli","Melastomataceae","Microlepis","oleaefolia","Melastomatoideae","Microlicieae","dry",100,100,"100",0.4,0.6,NA,NA,"insects","biotic","6; 14",NA,NA,NA,"3; 6.5"
"Fabian Michelangeli","Melastomataceae","Microlicia","cordata","Melastomatoideae","Microlicieae","dry",100,100,"100",0.4,0.8,NA,NA,"insects","biotic","3.5; 4.5",NA,NA,NA,"2.5"
"Fabian Michelangeli","Melastomataceae","Monochaetum","lineatum","Melastomatoideae","Melastomateae","dry",100,100,"100",0.4,0.45,NA,NA,"insects","biotic","8.5; 11",NA,NA,NA,"4.5; 6"
"Fabian Michelangeli","Melastomataceae","Monolena","primuliflora","Melastomatoideae","Trioleneae","dry",100,100,"100",0.9,0.9,0.9,0.9,"insects","biotic","15; 24",NA,NA,NA,"2.5; 4"
"Fabian Michelangeli","Melastomataceae","Mouriri","gleasoniana","Olisbeoideae","Olisbeoideae-NW","fleshy",1,5,"3",8,9,NA,NA,"insects","biotic","3.5; 5.7",NA,NA,NA,"3.5; 5"
"Fabian Michelangeli","Melastomataceae","Myriaspora","egensis","Melastomatoideae","Henrietteeae","fleshy",100,100,"100",0.4,0.5,NA,NA,"insects","biotic","8; 12",NA,NA,NA,"7"
"Fabian Michelangeli","Melastomataceae","Neblinanthera","cumbrensis","Melastomatoideae","Henrietteeae","dry",NA,NA,NA,NA,NA,NA,NA,"insects","biotic","3; 3.1",NA,NA,NA,"1.9; 2"
"Fabian Michelangeli","Melastomataceae","Necranium","gigantophyllum","Melastomatoideae","Miconieae","fleshy",100,100,"100",0.5,0.62,NA,NA,"insects","biotic","2.3; 2.5",NA,NA,NA,"2"
"Fabian Michelangeli","Melastomataceae","Nepsera","aquatica","Melastomatoideae","Marcetieae","dry",100,100,"100",0.8,0.9,NA,NA,"insects","biotic","4.5; 7",NA,NA,NA,"1.8; 2"
"Fabian Michelangeli","Melastomataceae","Noterophila","bivalvis","Melastomatoideae","Marcetieae","dry",100,100,"100",0.5,0.75,NA,NA,"insects","biotic","6; 12",NA,NA,NA,"2.5; 4"
"Fabian Michelangeli","Melastomataceae","Ochthephilus","repentinus","Melastomatoideae","Eriocnemeae","dry",NA,NA,NA,NA,NA,NA,NA,"insects","biotic","18.5; 19.5",NA,NA,NA,"4.5"
"Fabian Michelangeli","Melastomataceae","Opisthocentra","clidemioides","Melastomatoideae","Sonerileae","dry",100,100,"100",0.5,0.7,NA,NA,"insects","biotic","7; 9",NA,NA,NA,"8; 9"
"Fabian Michelangeli","Melastomataceae","Ossaea","amygdaloides","Melastomatoideae","Miconieae","fleshy",100,100,"100",0.8,1.2,NA,NA,"insects","biotic","2.5; 5",NA,NA,NA,"4.5; 7"
"Fabian Michelangeli","Melastomataceae","Ossaea","boliviensis","Melastomatoideae","Miconieae","fleshy",100,100,"100",0.65,0.65,0.65,0.65,"insects","biotic","5.5; 6",NA,NA,NA,"4; 5"
"Fabian Michelangeli","Melastomataceae","Ossaea","micrantha","Melastomatoideae","Miconieae","fleshy",100,100,"100",0.3,0.43,NA,NA,"insects","biotic","3; 4",NA,NA,NA,"1.6; 1.7"
"Fabian Michelangeli","Melastomataceae","Pachyanthus","moensis","Melastomatoideae","Miconieae","fleshy",20,24,"22",1.8,2,NA,NA,"insects","biotic","3; 4.5",NA,NA,NA,"2.5"
"Fabian Michelangeli","Melastomataceae","Pachycentria","glauca","Melastomatoideae","Sonerileae",NA,NA,NA,NA,NA,NA,NA,NA,"insects","biotic","3; 4",NA,NA,NA,"2.5"
"Fabian Michelangeli","Melastomataceae","Pachyloma","huberioides","Melastomatoideae","Rhexieae","dry",100,100,"100",0.9,1,NA,NA,"insects","biotic","15; 20",NA,NA,NA,"6; 12"
"Fabian Michelangeli","Melastomataceae","Phainantha","laxiflora","Melastomatoideae","Sonerileae","dry",100,100,"100",2,2,2,2,"insects","biotic","6; 7",NA,NA,NA,"6"
"Fabian Michelangeli","Melastomataceae","Pilocosta","oerstedii","Melastomatoideae","Melastomateae","dry",100,100,"100",0.5,0.5,0.5,0.5,"insects","biotic","7; 12",NA,NA,NA,"4.5; 6"
"Fabian Michelangeli","Melastomataceae","Pleiochiton","blepharodes","Melastomatoideae","Miconieae","fleshy",150,150,"150",0.6,0.9,NA,NA,"insects","biotic","4; 8",NA,NA,NA,"2.7; 4.5"
"Fabian Michelangeli","Melastomataceae","Pleroma","angustifolium","Melastomatoideae","Melastomateae","dry",100,100,"100",0.6,0.9,NA,NA,"insects","biotic","1.5; 2",NA,NA,NA,"4.5"
"Fabian Michelangeli","Melastomataceae","Poteranthera","pussila","Melastomatoideae","Microlicieae","dry",50,50,"50",0.8,0.8,0.8,0.8,"insects","biotic","3",NA,NA,NA,"1"
"Fabian Michelangeli","Melastomataceae","Pseudoernestia","glandulosa","Melastomatoideae","Marcetieae","dry",50,50,"50",0.8,0.8,0.8,0.8,"insects","biotic","5; 8",NA,NA,NA,"2.7; 3.3"
"Fabian Michelangeli","Melastomataceae","Pterogastra","divaricata","Melastomatoideae","Melastomateae","dry",100,100,"100",0.8,0.9,NA,NA,"insects","biotic","12; 15",NA,NA,NA,"7; 8"
"Fabian Michelangeli","Melastomataceae","Pterolepis","glomerata","Melastomatoideae","Melastomateae","dry",100,100,"100",0.4,0.5,NA,NA,"insects","biotic","10; 12",NA,NA,NA,"3.5; 5"
"Fabian Michelangeli","Melastomataceae","Quipuanthus","epipetricus","Melastomatoideae","Cyphostyleae","dry",100,100,"100",0.6,1.2,NA,NA,"insects","biotic","14; 17",NA,NA,NA,"5.8; 8.1"
"Fabian Michelangeli","Melastomataceae","Rhexia","virginica","Melastomatoideae","Rhexieae","dry",100,100,"100",0.6,0.7,NA,NA,"insects","biotic","10; 18",NA,NA,NA,"6; 7"
"Fabian Michelangeli","Melastomataceae","Rhynchanthera","grandiflora","Melastomatoideae","Microlicieae","dry",100,100,"100",0.5,0.65,NA,NA,"insects","biotic","15; 25",NA,NA,NA,"5; 6"
"Fabian Michelangeli","Melastomataceae","Rupestrea","johnwurdackiana","Melastomatoideae","UNPLACED","dry",3,4,"7.5",3,3.5,NA,NA,"insects","biotic","5.7; 7.7",NA,NA,NA,"2.5; 3"
"Fabian Michelangeli","Melastomataceae","Salpinga","peruviana","Melastomatoideae","Merianieae","dry",50,50,"50",0.7,0.9,NA,NA,"insects","biotic","15; 17",NA,NA,NA,"7"
"Fabian Michelangeli","Melastomataceae","Sandemania","hoehnei","Melastomatoideae","Marcetieae","dry",100,100,"100",0.8,0.9,NA,NA,"insects","biotic","3; 5",NA,NA,NA,"2.2; 3"
"Fabian Michelangeli","Melastomataceae","Schwackaea","cupheoides","Melastomatoideae","Melastomateae","dry",50,50,"50",0.5,0.6,NA,NA,"insects","biotic","5; 7",NA,NA,NA,"7; 8"
"Fabian Michelangeli","Melastomataceae","Siphanthera","hostmanii","Melastomatoideae","Marcetieae","dry",100,100,"100",0.45,0.5,NA,NA,"insects","biotic","1.5; 2",NA,NA,NA,"2; 3"
"Fabian Michelangeli","Melastomataceae","Stenodon","suberosus","Melastomatoideae","Microlicieae","dry",100,100,"100",0.6,0.8,NA,NA,"insects","biotic","20; 30",NA,NA,NA,"6; 7"
"Fabian Michelangeli","Melastomataceae","Svitramia","wurdackiana","Melastomatoideae","Melastomateae","dry",100,100,"100",0.6,0.6,0.6,0.6,"insects","biotic","13; 16",NA,NA,NA,"4; 5"
"Fabian Michelangeli","Melastomataceae","Tateanthus","duidae","Melastomatoideae","UNPLACED","dry",100,100,"100",1,1,1,1,"insects","biotic","6; 9",NA,NA,NA,"4.5; 6"
"Fabian Michelangeli","Melastomataceae","Tessmannianthus","quadridomius","Melastomatoideae","Astronieae","dry",NA,NA,NA,NA,NA,NA,NA,NA,NA,"10.5",NA,NA,NA,"8.5"
"Fabian Michelangeli","Melastomataceae","Tetrazygia","urceolata","Melastomatoideae","Miconieae","fleshy",NA,NA,NA,NA,NA,NA,NA,"insects","biotic","5",NA,NA,NA,"4.5"
"Fabian Michelangeli","Melastomataceae","Tibouchina","aspera","Melastomatoideae","Melastomateae","dry",100,100,"100",0.6,0.9,NA,NA,"insects","biotic","9; 15",NA,NA,NA,"7; 8"
"Fabian Michelangeli","Melastomataceae","Tibouchina","heteromalla","Melastomatoideae","Melastomateae","dry",100,100,"100",0.6,0.9,NA,NA,"insects","biotic","12; 16",NA,NA,NA,"4; 5"
"Fabian Michelangeli","Melastomataceae","Tibouchina","lepidota","Melastomatoideae","Melastomateae","dry",100,100,"100",0.6,0.9,NA,NA,"insects","biotic","15; 30",NA,NA,NA,"6; 8"
"Fabian Michelangeli","Melastomataceae","Tibouchina","longifolia","Melastomatoideae","Melastomateae","dry",100,100,"100",0.6,0.9,NA,NA,"insects","biotic","5; 7",NA,NA,NA,"3; 4"
"Fabian Michelangeli","Melastomataceae","Tibouchina","ochypetala","Melastomatoideae","Melastomateae","dry",100,100,"100",0.6,0.9,NA,NA,"insects","biotic","20; 30",NA,NA,NA,"5; 7"
"Fabian Michelangeli","Melastomataceae","Tibouchinopsis","mirabilis","Melastomatoideae","Melastomateae","dry",100,100,"100",0.8,0.8,0.8,0.8,"insects","biotic","17",NA,NA,NA,"5"
"Fabian Michelangeli","Melastomataceae","Tococa","guianensis","Melastomatoideae","Miconieae","fleshy",100,100,"100",0.6,1.2,NA,NA,"insects","biotic","6.5; 15; 11",NA,NA,NA,"5; 7.5"
"Fabian Michelangeli","Melastomataceae","Trembleya","parviflora","Melastomatoideae","Microlicieae","dry",100,100,"100",0.7,0.8,NA,NA,"insects","biotic","5; 7",NA,NA,NA,"2.5"
"Fabian Michelangeli","Melastomataceae","Triolena","amazonica","Melastomatoideae","Trioleneae","dry",100,100,"100",0.45,0.6,NA,NA,"insects","biotic","6; 7",NA,NA,NA,"4; 5"
"Fabian Michelangeli","Melastomataceae","Tryssophyton","merumense","Melastomatoideae","Sonerileae","dry",50,50,"50",0.5,0.6,NA,NA,"insects","biotic","11; 13",NA,NA,NA,"2; 2.5"
"Fabian Michelangeli","Melastomataceae","Votomita","guianensis","Olisbeoideae","Olisbeoideae-NW","fleshy",1,1,"1",6.5,6.5,6.5,6.5,"insects","biotic","5; 6.5",NA,NA,NA,"3; 4"
"Fabian Michelangeli","Melastomataceae","Warneckea","","Olisbeoideae","Olisbeoideae-OW",NA,NA,NA,NA,NA,NA,NA,NA,"insects","biotic","",NA,NA,NA,""
"Fabian Michelangeli","Melastomataceae","Wurdastom","hexamera","Melastomatoideae","Cyphostyleae","dry",100,100,"100",0.5,0.6,NA,NA,"insects","biotic","4; 5",NA,NA,NA,"3"
"Fabian Michelangeli","Penaeaceae","Brachysiphon","fucatus","","","dry",NA,NA,NA,3,3.4,NA,NA,NA,NA,"n/a",NA,NA,NA,"5; 6"
"Fabian Michelangeli","Penaeaceae","Endonema","retzioides","","","dry",NA,NA,NA,NA,NA,NA,NA,"vertebrates","biotic","n/a",NA,NA,NA,""
"Fabian Michelangeli","Penaeaceae","Glischrocolla","formosa","","","dry",NA,NA,NA,NA,NA,NA,NA,"vertebrates","biotic","n/a",NA,NA,NA,""
"Fabian Michelangeli","Penaeaceae","Olinia","","","","fleshy",1,1,"1",NA,NA,NA,NA,NA,NA,"",NA,NA,NA,""
"Fabian Michelangeli","Penaeaceae","Penaea","mucronata","","","dry",NA,NA,NA,2,2.2,NA,NA,NA,NA,"n/a",NA,NA,NA,"5; 7"
"Fabian Michelangeli","Penaeaceae","Rhynchocalyx","lawsonioides","","","dry",NA,NA,NA,NA,NA,NA,NA,NA,NA,"n/a",NA,NA,NA,""
"Fabian Michelangeli","Penaeaceae","Saltera","sarcocolla","","","dry",NA,NA,NA,3.5,4.5,NA,NA,"vertebrates","biotic","n/a",NA,NA,NA,"19; 43"
"Fabian Michelangeli","Penaeaceae","Sonderothamnus","petraeus","","","dry",NA,NA,NA,NA,NA,NA,NA,NA,NA,"n/a",NA,NA,NA,"7; 8"
"Fabian Michelangeli","Penaeaceae","Stylapterus","micranthus","","",NA,NA,NA,NA,NA,NA,NA,NA,"","","",NA,NA,NA,""
"Gustavo Shimizu & Deise Gonçalves","Vochysiaceae","Callisthene","microphylla","","","Dry",3,6,"4.5",5,10,3,7,"insects","biotic","0.5-1.3 cm long",5,13,9,"not measured"
"Gustavo Shimizu & Deise Gonçalves","Vochysiaceae","Erisma","arietinum","","","Dry",1,1,"1",NA,NA,NA,NA,"insects","biotic","0.5-2 cm long",5,20,12.5,"not measured"
"Gustavo Shimizu & Deise Gonçalves","Vochysiaceae","Erismadelphus","exsul","","","Dry",1,1,"1",NA,NA,NA,NA,NA,NA,"ca. 0.5 cm long",5,5,5,"not measured"
"Gustavo Shimizu & Deise Gonçalves","Vochysiaceae","Korupodendron","songweanum","","","Dry",1,1,"1",NA,NA,NA,NA,NA,NA,"ca. 1 cm long",10,10,10,"not measured"
"Gustavo Shimizu & Deise Gonçalves","Vochysiaceae","Qualea","parviflora","","","Dry",3,30,"16.5",10,45,5,15,"insects","biotic","0.9-7 cm long",9,70,39.5,"not measured"
"Gustavo Shimizu & Deise Gonçalves","Vochysiaceae","Ruizterania","albiflora","","","Dry",6,6,"6",10,12,3,5,"insects","biotic","1.8-4.5 cm long",18,45,31.5,"not measured"
"Gustavo Shimizu & Deise Gonçalves","Vochysiaceae","Salvertia","convallariodora","","","Dry",3,3,"3",4,4,10,12,"insects","biotic","1.9-2.6 cm long",19,26,22.5,"not measured"
"Gustavo Shimizu & Deise Gonçalves","Vochysiaceae","Vochysia","guianensis","","","Dry",3,3,"3",15,35,5,12,"insects","biotic","0.4-3.5 cm long",4,35,19.5,"not measured"
"Karinne Valdemarin","Myrtaceae","Accara","elegans","Myrteae","Myrtinae","fleshy",40,40,"40",3,3,NA,NA,"insects","biotic","?",NA,NA,NA,"absent"
"Karinne Valdemarin","Myrtaceae","Chamguava","schipii","Myrteae","Myrtinae","fleshy",1,4,"2,5",6,10,NA,NA,NA,NA,"?",NA,NA,NA,"absent"
"Karinne Valdemarin","Myrtaceae","Myrtus","communis","Myrteae","Myrtinae","fleshy",10,12,"11",2,4,NA,NA,"insects","biotic","?",NA,NA,NA,"absent"
"Karinne Valdemarin","Myrtaceae","Curitiba","prismatica","Myrteae","Pimentinae","fleshy",4,7,"5,5",2,4,0.5,0.5,"insects","biotic","?",NA,NA,NA,"absent"
"Karinne Valdemarin","Myrtaceae","Legrandia","concinna","Myrteae","Pimentinae","fleshy",1,5,"3",1.5,2,NA,NA,"insects","biotic","?",NA,NA,NA,"absent"
"Karinne Valdemarin","Myrtaceae","Pimenta","pseudocaryophyllus","Myrteae","Pimentinae","fleshy",1,3,"2",4,8,NA,NA,"insects","biotic","?",NA,NA,NA,"absent"
"Karinne Valdemarin","Myrtaceae","Algrizea","minor","Myrteae","Pliniinae","fleshy",2,3,"2,5",4,4,NA,NA,"insects","biotic","?",NA,NA,NA,"absent"
"Marla Ibrahim","Myrtaceae","Campomanesia","eugenioides","Myrteae","Pimentinae","Fleshy",1,4,"2.5",2,10,NA,NA,"insects","biotic","3-35mm long",3,35,19,"4-10mm long (bracteoles to the base of calyx-lobes)"
"Olivier Maurin, Ian Turner","Combretaceae","Calopyxis","grandidieri","Combretoideae","Combreteae / Combretinae","dry",1,1,"1",5,40,NA,NA,"vertebrates","biotic","1,0; 1,5",NA,NA,NA,"10-12 mm"
"Olivier Maurin, Ian Turner","Combretaceae","Calycopteris","floribunda","Combretoideae","Combreteae / Combretinae","dry",1,1,"1",5,40,NA,NA,"insects","biotic","1,5; 2,0",NA,NA,NA,"4.5-6 mm"
"Olivier Maurin, Ian Turner","Combretaceae","Combretum","molle","Combretoideae","Combreteae / Combretinae","dry",1,1,"1",5,40,NA,NA,"insects","biotic","0.1;0,2",NA,NA,NA,"3-5 mm"
"Olivier Maurin, Ian Turner","Combretaceae","Combretum","sylvicola","Combretoideae","Combreteae / Combretinae","dry",1,1,"1",5,40,NA,NA,"insects","biotic","1,5; 2,0",NA,NA,NA,""
"Olivier Maurin, Ian Turner","Combretaceae","Guiera","senegalensis","Combretoideae","Combreteae / Combretinae","dry",1,1,"1",5,40,NA,NA,"insects","biotic","0,1; 0,2",NA,NA,NA,"3 mm"
"Olivier Maurin, Ian Turner","Combretaceae","Meistemon","humbertii","Combretoideae","Combreteae / Combretinae","dry",1,1,"1",5,40,NA,NA,"insects","biotic","0,1; 0,5",NA,NA,NA,"1 mm"
"Olivier Maurin, Ian Turner","Combretaceae","Thiloa","glaucocarpa","Combretoideae","Combreteae / Combretinae","dry",1,1,"1",5,40,NA,NA,"insects","biotic","0,2-0,5",NA,NA,NA,"2.5-5 mm"
"Olivier Maurin, Ian Turner","Combretaceae","Anogeissus","dhofarica","Combretoideae","Combreteae / Terminaliinae","dry",1,1,"1",2,4,NA,NA,"insects","biotic","0,4; 0,6",NA,NA,NA,""
"Olivier Maurin, Ian Turner","Combretaceae","Buchenavia","tetraphylla","Combretoideae","Combreteae / Terminaliinae","fleshy",1,1,"1",5,40,NA,NA,"insects","biotic","absent",NA,NA,NA,"2.5-5 mm"
"Olivier Maurin, Ian Turner","Combretaceae","Pteleopsis","myrtifolia","Combretoideae","Combreteae / Terminaliinae","dry",1,1,"1",5,40,NA,NA,"insects","biotic","absent",NA,NA,NA,"8 mm"
"Olivier Maurin, Ian Turner","Combretaceae","Terminalia","ankaranensis","Combretoideae","Combreteae / Terminaliinae","dry",1,1,"1",5,40,NA,NA,"insects","biotic","absent",NA,NA,NA,"2.5 mm"
"Olivier Maurin, Ian Turner","Combretaceae","Terminalia","buceras","Combretoideae","Combreteae / Terminaliinae","dry",1,1,"1",5,40,NA,NA,"insects","biotic","absent",NA,NA,NA,"2-4 mm"
"Olivier Maurin, Ian Turner","Combretaceae","Conocarpus","erectus","Combretoideae","Combreteae / Terminaliinae","dry",1,1,"1",2,4,NA,NA,"insects","biotic","absent",NA,NA,NA,"1.5-3 mm"
"Olivier Maurin, Ian Turner","Combretaceae","Dansiea","elliptica","Combretoideae","Laguncularieae","dry",1,1,"1",NA,NA,NA,NA,"vertebrates","biotic","1,0; 1,5",NA,NA,NA,"6-7 mm"
"Olivier Maurin, Ian Turner","Combretaceae","Laguncularia","racemosa","Combretoideae","Laguncularieae","dry",1,1,"1",10,15,NA,NA,"insects","biotic","0,3; 0,5",NA,NA,NA,"3.5-6.5 mm"
"Olivier Maurin, Ian Turner","Combretaceae","Lumnitzera","racemosa","Combretoideae","Laguncularieae","fleshy",1,1,"1",10,15,NA,NA,"insects","biotic","0,8; 1,0",NA,NA,NA,"6-7 mm"
"Olivier Maurin, Ian Turner","Combretaceae","Macropteranthes","montana","Combretoideae","Laguncularieae","dry",1,1,"1",6,10,NA,NA,"insects","biotic","0,5; 0,8",NA,NA,NA,"5-7 mm"
"Olivier Maurin, Ian Turner","Combretaceae","Strephonema","mannii","Strephonematoideae","","fleshy",1,1,"1",50,70,NA,NA,"insects","biotic","0,4; 0,8",NA,NA,NA,"3 mm"
"Paulo Gaem","Myrtaceae","Calycolpus","goetheanus","Myrteae","Myrtinae","Fleshy",3,200,"101.5",1.5,5,NA,NA,"insects","biotic","?",NA,NA,NA,"1; 8; 3-5"
"Peter Hoch","Onagraceae","Boisduvalia","subulata","Subfam. Onagroideae","Tribe Epilobieae","dry",8,32,"20",0.9,2.5,NA,NA,"insects","biotic","3; 40; c. 8",3,40,21.5,"0.3; 17; 3"
"Peter Hoch","Onagraceae","Camissonia","tanacetifolia","Subfam. Onagroideae","Tribe Onagreae","dry",80,160,"120",1.3,2.2,NA,NA,"insects","biotic","10; 45; 20",10,45,27.5,"1.5; 8; 3"
"Peter Hoch","Onagraceae","Chemerion","latifolium","Subfam. Onagroideae","Tribe Epilobieae","dry",200,500,"350",1,2.5,NA,NA,"insects","biotic","20; 70; c. 35",20,70,45,"0 (no hypan.)"
"Peter Hoch","Onagraceae","Chylismia","claviformis","Subfam. Onagroideae","Tribe Onagreae","dry",80,160,"120",0.5,1.8,NA,NA,"insects","biotic","2; 30; c. 15",2,30,16,"0.4; 40; ?"
"Peter Hoch","Onagraceae","Chylismiella","pterosperma","Subfam. Onagroideae","Tribe Onagreae","dry",48,60,"54",1,1.5,NA,NA,"insects","biotic","3; 6; c. 3.5",3,6,4.5,"1-2 (1 sp.)"
"Peter Hoch","Onagraceae","Circaea","cordata","Subfam. Onagroideae","Tribe Circaeeae","dry",1,2,"1.5",NA,NA,NA,NA,"insects","biotic","2; 7; c. 5",2,7,4.5,"0.2; 2.4; 1.5"
"Peter Hoch","Onagraceae","Clarkia","purpurea","Subfam. Onagroideae","Tribe Onagreae","dry",1,300,"150.5",0.5,3,NA,NA,"insects","biotic","4; 55; c. 25",4,55,29.5,"1; 35; 3.5"
"Peter Hoch","Onagraceae","Epilobium","canum","Subfam. Onagroideae","Tribe Epilobieae","dry",60,200,"130",1.5,2.6,NA,NA,"insects, vertebrates","biotic","12; 30; c 20 ",12,30,21,"16; 32; c. 25 "
"Peter Hoch","Onagraceae","Epilobium","parviflorum","Subfam. Onagroideae","Tribe Epilobieae","dry",4,500,"252",0.6,3,NA,NA,"insects","biotic","3; 45; c. 8",3,45,24,"1; 16; c. 5"
"Peter Hoch","Onagraceae","Eremothera","pygmaea","Subfam. Onagroideae","Tribe Onagreae","dry",80,160,"120",0.9,2.1,NA,NA,"insects","biotic","4; 20; c. 16",4,20,12,"0.5; 8; 1.5"
"Peter Hoch","Onagraceae","Eulobus","californicus","Subfam. Onagroideae","Tribe Onagreae","dry",48,100,"74",1,2,NA,NA,"insects","biotic","10; 25; 20",10,25,17.5,"0.6; 5; 3"
"Peter Hoch","Onagraceae","Fuchsia","excorticata","Subfam. Onagroideae","Tribe Circaeeae","fleshy",10,500,"255",1,2.5,NA,NA,"insects, vertebrates","biotic","1; 22; c. 12",1,22,11.5,"2; 130; ?"
"Peter Hoch","Onagraceae","Gayophytum","diffusum","Subfam. Onagroideae","Tribe Onagreae","dry",8,200,"104",0.7,2.3,NA,NA,"insects","biotic","1; 15; c. 6",1,15,8,"0.2; 1; 0.5"
"Peter Hoch","Onagraceae","Gongylocarpus","rubricaulis","Subfam. Onagroideae","Tribe Gongylocarpeae","dry",4,28,"16",NA,NA,NA,NA,"insects","biotic","5; 20; 5-6 and 15-18 (2 spp.)",5,20,12.5,"12; 30; 18"
"Peter Hoch","Onagraceae","Lopezia","hirsuta","Subfam. Onagroideae","Tribe Lopeziaeae","dry",4,120,"62",0.6,2,NA,NA,"insects","biotic","4; 20; c. 10",4,20,12,"0; 20; most 0 or partial fusion"
"Peter Hoch","Onagraceae","Ludwigia","octovalvis","Subfam. Ludwigioideae","","dry",50,400,"225",0.5,1.5,NA,NA,"insects","biotic","2; 55; c. 20",2,55,28.5,"0 (no hypan.)"
"Peter Hoch","Onagraceae","Neoholmgrenia","andina","Subfam. Onagroideae","Tribe Onagreae","dry",32,80,"56",0.7,1.3,NA,NA,"insects","biotic","2; 10; 7",2,10,6,"1.5-2/ 0.8-2 (only 2 sp.)"
"Peter Hoch","Onagraceae","Oenothera","glazioviana","Subfam. Onagroideae","Tribe Onagreae","dry",1,200,"100.5",0.5,8,NA,NA,"insects","biotic","3; 120; c. 40",3,120,61.5,"1; 265; ?c. 50"
"Peter Hoch","Onagraceae","Tetrapteron","palmeri","Subfam. Onagroideae","Tribe Onagreae","dry",8,36,"22",1.2,2,NA,NA,"insects","biotic","4; 30; c. 12",4,30,17,"0.8-1.3/ 1.6-3.2 (2 spp.)"
"Peter Hoch","Onagraceae","Xylonagra","arborea","Subfam. Onagroideae","Tribe Onagreae","dry",12,24,"18",2,3.5,NA,NA,"vertebrates","biotic","12; 36; c. 25",12,36,24,"20; 30; 25"
"Shirley Graham","Lythraceae","Adenaria","floribunda","","","dry",7,20,"13.5",0.9,1.3,0.8,1.2,"abiotic","abiotic","2.0-2.5",NA,NA,NA,"2.5-5.0"
"Shirley Graham","Lythraceae","Ammannia","coccinea","","","dry",100,500,"300",0.3,0.4,0.3,0.5,"insects","biotic","1.0-2.5, prev 2 mm",NA,NA,NA,"1.0-6.0, prev 2-3 mm"
"Shirley Graham","Lythraceae","Capuronia","benoistii","","","dry",5,8,"6.5",2.9,3.2,2.3,2.7,NA,NA,"1.3 mm",NA,NA,NA,"1-2 mm"
"Shirley Graham","Lythraceae","Crenea","maritima","","","dry",500,500,"500",5,5,0.3,0.5,NA,NA,"4.5-5.5",NA,NA,NA,"4-6 mm"
"Shirley Graham","Lythraceae","Cuphea","hyssopifolia","","","dry",2,100,"51",0.5,3.3,0.3,3,"abiotic, vertebrates","abiotic, biotic","2-6 mm",NA,NA,NA,"4-38 mm"
"Shirley Graham","Lythraceae","Decodon","verticillatus","","","dry",20,30,"25",1,1.9,1.2,2,"insects","biotic","4.5-6.5 mm",NA,NA,NA,"4-8 mm"
"Shirley Graham","Lythraceae","Didiplis","diandra","","","dry",25,45,"35",0.6,0.9,0.2,0.3,"abiotic","abiotic","1.5-2.5 mm",NA,NA,NA,"1.75-2.5 mm; 2mm"
"Shirley Graham","Lythraceae","Diplusodon","lanceolatus","","","dry",4,72,"38",1,4,1.8,3.5,"insects","biotic","6.5-7 mm",NA,NA,NA,"7.5-8.0 mm"
"Shirley Graham","Lythraceae","Duabanga","grandiflora","","","dry",100,100,"100",4,5.5,0.5,0.5,"vertebrates","biotic","2.5 cm",NA,NA,NA,"2-2.5 cm"
"Shirley Graham","Lythraceae","Galpinia","transvaalica","","","dry",3,10,"6.5",3,4.5,2.5,4,NA,NA,"4 mm",NA,NA,NA,"3 mm"
"Shirley Graham","Lythraceae","Ginoria","nudiflora","","","dry",50,50,"50",0.5,2.5,0.1,0.6,"insects","biotic","6-8.5, avg. 7.0",NA,NA,NA,"3-18 mm; avg, 8.6"
"Shirley Graham","Lythraceae","Heimia","salicifolia","","","dry",50,50,"50",0.5,1,0.3,0.8,"insects","biotic","5-6 mm",NA,NA,NA,"3.5-7.5"
"Shirley Graham","Lythraceae","Koehneria","madagascariensis","","","dry",10,30,"20",1.3,1.7,1,1.2,NA,NA,"7-7.5 mm",NA,NA,NA,"8.5 mm"
"Shirley Graham","Lythraceae","Lafoensia","vandelliana","","","dry",100,100,"100",6.5,35,8,15,"vertebrates","biotic","15 mm",NA,NA,NA,"15 mm"
"Shirley Graham","Lythraceae","Lagerstroemia","indica","","","dry",8,72,"40",3,6,4,16,"insects","biotic","10 mm",NA,NA,NA,"10-12 mm"
"Shirley Graham","Lythraceae","Lawsonia","inermis","","","dry",30,50,"40",1.2,2.2,1.3,2,"insects","biotic","3.0 mm",NA,NA,NA,"1.5 mm"
"Shirley Graham","Lythraceae","Lourtella","resinosa","","","dry",30,50,"40",0.8,1,0.5,0.7,NA,NA,"3.5 mm",NA,NA,NA,"3-3.5 mm"
"Shirley Graham","Lythraceae","Lythrum","alatum","","","dry",8,60,"34",0.4,0.8,0.3,0.7,"insects","biotic","0.5-2 mm",NA,NA,NA,"3-8 mm"
"Shirley Graham","Lythraceae","Pehria","compacta","","","dry",50,50,"50",0.7,0.9,0.3,0.5,NA,NA,"5.0-6.0 mm",NA,NA,NA,"6.5-7.5 mm"
"Shirley Graham","Lythraceae","Pemphis","acidula","","","dry",15,20,"17.5",2.5,3,1.7,2,"vertebrates","biotic","7.0-7.5 mm",NA,NA,NA,"5-6 mm"
"Shirley Graham","Lythraceae","Physocalymma","scaberrimum","","","dry",50,50,"50",3.2,4.2,2.7,4,NA,NA,"11-15 mm",NA,NA,NA,"10-13 mm"
"Shirley Graham","Lythraceae","Pleurophora","anomala","","","dry",3,100,"51.5",0.6,1,0.4,0.5,"insects","biotic","2-4 mm",NA,NA,NA,"4-16 mm"
"Shirley Graham","Lythraceae","Punica","protopunica","","","fleshy",100,1000,"550",4,4.6,1.8,2,"insects, vertebrates","biotic","ca. 2.0 cm",NA,NA,NA,"ca. 2.0 cm, in P. granatum 2-3 cm"
"Shirley Graham","Lythraceae","Rotala","ramosior","","","dry",30,300,"165",0.3,0.7,0.2,0.4,"insects","biotic","2.5 mm",NA,NA,NA,"3.3-4.5 mm"
"Shirley Graham","Lythraceae","Sonneratia","","","","fleshy",100,1000,"550",5,12,4,10,"vertebrates","biotic","1.5-3.0 cm",NA,NA,NA,"1.5-3.0 cm"
"Shirley Graham","Lythraceae","Tetrataxis","salicifolia","","","dry",50,50,"50",0.9,1.2,0.2,0.5,NA,NA,"12mm",NA,NA,NA,"13-15 mm; 15 mm"
"Shirley Graham","Lythraceae","Trapa","natans","","","fleshy",1,1,"1",10,20,10,20,"insects","biotic","3.5 cm",NA,NA,NA,"2.5-3.5 cm"
"Shirley Graham","Lythraceae","Woodfordia","fruticosa","","","dry",50,50,"50",0.7,1,0.2,0.3,"insects, vertebrates","biotic","3-4 mm",NA,NA,NA,"15-17 mm"
"Thiago Flores","Myrtaceae","Myrciaria","disticha","Myrteae","Pliniinae","Fleshy",1,2,"1.5",3,15,2,10,"insects","biotic","Tetramery",NA,NA,NA,"0,5-3,5 mm;  prevalent 1,5-2,5 mm"
"Yee Wen Low","Myrtaceae","Acmena","acuminatissima","Syzygieae","subgenus Acmena, sect. Acmena","Fleshy",1,1,"1",NA,10,NA,NA,"Insects","biotic","4; 5",NA,NA,NA,"10mm; 15mm"
"Yee Wen Low","Myrtaceae","Acmenosperma","claviflorum","Syzygieae","subgenus Perikion","Fleshy",1,1,"1",3,10,NA,NA,"Insects","biotic","4; 5",NA,NA,NA,"12mm; 20mm"
"Yee Wen Low","Myrtaceae","Syzygium","acuminatissimum","Syzygieae","subgenus Acmena, sect. Acmena","Fleshy",1,1,"1",NA,10,NA,NA,"Insects","biotic","4; 5",NA,NA,NA,"10mm; 15mm"
"Peter Wilson","Myrtaceae","Backhousia","hughesii","Backhousieae","","dry",1,2,"",NA,NA,NA,NA,"insects","biotic","8.5–9.5 mm",NA,NA,NA,"2–2.5 mm"
"Peter Wilson","Myrtaceae","Actinodium","cunninghamii","Chamelaucieae","Chamelauciinae","dry",1,1,"",NA,NA,NA,NA,"insects","biotic","c. 3 mm",NA,NA,NA,"c. 2 mm"
"Peter Wilson","Myrtaceae","Aluta","aspera","Chamelaucieae","Alutinae","dry",1,1,"",NA,NA,NA,NA,"insects","biotic","7–12 mm",NA,NA,NA,"c. 3 mm"
"Peter Wilson","Myrtaceae","Astartea","fascicularis","Chamelaucieae","Astarteinae","dry",3,NA,"",NA,1,NA,NA,"insects","biotic","6–9 mm",NA,NA,NA,"1.5–2 mm "
"Peter Wilson","Myrtaceae","Astus","tetragonus","Chamelaucieae","Rinziinae","dry",1,1,"",1.2,1.2,NA,NA,"insects","biotic","3–5 mm",NA,NA,NA,"1–2.5 mm (excl. sepals 1–1.2 mm long)"
"Peter Wilson","Myrtaceae","Babingtonia","camphorosmae","Chamelaucieae","Hysterobaeckeinae","dry",NA,NA,"",1,1.6,NA,NA,"insects","biotic","8–11 mm",NA,NA,NA,"1.5–2.2 mm long"
"Peter Wilson","Myrtaceae","Baeckea","crispiflora","Chamelaucieae","","",NA,NA,"",NA,NA,NA,NA,"","","",NA,NA,NA,""
"Peter Wilson","Myrtaceae","Balaustion","pulcherrimum","Chamelaucieae","Hysterobaeckeinae","dry",NA,NA,"",2.5,2.5,NA,NA,"vertebrates","biotic","15–25 mm",NA,NA,NA,"9–20 mm"
"Peter Wilson","Myrtaceae","Calytrix","leschenaultii","Chamelaucieae","Calytricinae","dry",1,1,"",2.5,3.5,NA,NA,"insects","biotic","10–16 mm",NA,NA,NA,"6–11 mm"
"Peter Wilson","Myrtaceae","Chamelaucium","uncinatum","Chamelaucieae","Chamelauciinae","dry",1,1,"",6,6,NA,NA,"insects","biotic","15–20 mm",NA,NA,NA,"4.5–7 mm"
"Peter Wilson","Myrtaceae","Cheyniana","microphylla","Chamelaucieae","Hysterobaeckeinae","dry",6,27,"",1.4,1.7,NA,NA,"vertebrates","biotic","10–14 mm",NA,NA,NA,"4–8 mm long"
"Peter Wilson","Myrtaceae","Corynanthera","flava","Chamelaucieae","Micromyrtinae","dry",1,1,"",2,2,NA,NA,"insects","biotic","c. 1.5 mm",NA,NA,NA,"c. 2.5 mm"
"Peter Wilson","Myrtaceae","Cyathostemon","ambiguus","Chamelaucieae","Astarteinae","dry",3,3,"",1.3,2,NA,NA,"insects","biotic","8–9 mm ",NA,NA,NA,"1–1.5 mm "
"Peter Wilson","Myrtaceae","Darwinia","speciosa","Chamelaucieae","Chamelauciinae","dry",1,1,"",2,3.5,NA,NA,"vertebrates","biotic","c. 5–7 mm (flowers 4 within a bell-like involucre)",NA,NA,NA,"4–5 mm"
"Peter Wilson","Myrtaceae","Enekbatus","cryptandroides","Chamelaucieae","Rinziinae","dry",1,2,"",1.1,1.8,NA,NA,"insects","biotic","c. 8 mm",NA,NA,NA,"1.5–2.5 mm"
"Peter Wilson","Myrtaceae","Ericomyrtus","serpyllifolia","Chamelaucieae","Hysterobaeckeinae","dry",8,12,"",0.5,1,NA,NA,"insects","biotic","4–5(–6) mm",NA,NA,NA,"1.5 mm"
"Peter Wilson","Myrtaceae","Euryomyrtus","maidenii","Chamelaucieae","Rinziinae","dry",2,3,"",1.5,2,NA,NA,"insects","biotic","4–7.5 mm",NA,NA,NA,"1.1–1.6 mm long"
"Peter Wilson","Myrtaceae","Harmogia","virgata","Chamelaucieae","Hysterobaeckeinae","dry",6,9,"",0.75,0.75,NA,NA,"insects","biotic","to 10 mm",NA,NA,NA,"1.7–2.2 mm"
"Peter Wilson","Myrtaceae","Homoranthus","thomasii","Chamelaucieae","Chamelauciinae","dry",1,1,"",1.5,1.5,NA,NA,"vertebrates","biotic","c. 4 mm",NA,NA,NA,"c. 2 mm"
"Peter Wilson","Myrtaceae","Hypocalymma","augustifolium","Chamelaucieae","Astarteinae","dry",1,3,"",1.5,1.5,NA,NA,"insects","biotic","8–11 mm",NA,NA,NA,"1.5–2 mm "
"Peter Wilson","Myrtaceae","Kardomia","jucunda","Chamelaucieae","Hysterobaeckeinae","dry",3,6,"",1,1,NA,NA,"insects","biotic","to 7 mm ",NA,NA,NA,"1.9–2 mm "
"Peter Wilson","Myrtaceae","Malleostemon","","Chamelaucieae","Hysterobaeckeinae","dry",1,1,"",1.5,1.5,NA,NA,"insects","biotic","4–5 mm",NA,NA,NA,"2–2.5 mm"
"Peter Wilson","Myrtaceae","Micromyrtus","obovata","Chamelaucieae","Micromyrtinae","dry",1,1,"",1.2,1.2,NA,NA,NA,NA,"4–5 mm",NA,NA,NA,"1.2–1.5 mm"
"Peter Wilson","Myrtaceae","Ochrosperma","lineare","Chamelaucieae","Ochrospermatinae","dry",3,3,"",1.3,1.3,NA,NA,"insects","biotic","c. 2.5 mm",NA,NA,NA,"1–1.5 mm"
"Peter Wilson","Myrtaceae","Oxymyrrhine","gracilis","Chamelaucieae","Hysterobaeckeinae","dry",NA,NA,"",0.6,0.8,NA,NA,"insects","biotic","6–10 mm",NA,NA,NA,"1.6–2.5 mm long"
"Peter Wilson","Myrtaceae","Pileanthus","limacis","Chamelaucieae","Chamelauciinae","dry",1,1,"",NA,2,NA,NA,"insects","biotic","10–12 mm",NA,NA,NA,"4.5–5 mm"
"Peter Wilson","Myrtaceae","Rinzia","carnosa","Chamelaucieae","Rinziinae","dry",1,3,"",1.4,1.5,NA,NA,"insects","biotic","5.5–7.5 mm",NA,NA,NA,"1–1.25 mm"
"Peter Wilson","Myrtaceae","Sannantha","crassa","Chamelaucieae","Hysterobaeckeinae","dry",NA,NA,"",0.6,0.6,NA,NA,"insects","biotic","to 7 mm",NA,NA,NA,"2–2.5 mm"
"Peter Wilson","Myrtaceae","Scholtzia","uberiflora","Chamelaucieae","Hysterobaeckeinae","dry",1,1,"",0.8,1.9,NA,NA,"insects","biotic","5–6.5 mm ",NA,NA,NA,"1–1.5 mm"
"Peter Wilson","Myrtaceae","Seorsus","clavifolius","Chamelaucieae","Astarteinae","dry",5,12,"",1.2,1.4,NA,NA,"insects","biotic","9–12 mm",NA,NA,NA,"1.8–2.5 mm"
"Peter Wilson","Myrtaceae","Stenostegia","congesta","Chamelaucieae","Stenostegiinae","dry",6,9,"",0.6,0.6,NA,NA,"insects","biotic","5 mm",NA,NA,NA,"1.8–2 mm"
"Peter Wilson","Myrtaceae","Tetrapora","preissiana","Chamelaucieae","Hysterobaeckeinae","dry",NA,NA,"",0.4,1.1,NA,NA,"insects","biotic","5.5–6.5 mm ",NA,NA,NA,"0.7–1 mm "
"Peter Wilson","Myrtaceae","Thryptomene","australis","Chamelaucieae","Thryptomeninae","dry",1,2,"",1.4,1.4,NA,NA,"insects","biotic","6–7 mm",NA,NA,NA,"1.5(–2) mm"
"Peter Wilson","Myrtaceae","Triplarina","paludosa","Chamelaucieae","Rinziinae","dry",6,9,"",0.5,0.8,NA,NA,"insects","biotic","4.5–5 mm",NA,NA,NA,"1.3–1.4 mm"
"Peter Wilson","Myrtaceae","Verticordia","huegelii","Chamelaucieae","Chamelauciinae","dry",1,1,"",1,1,NA,NA,NA,NA,"3–4 mm",NA,NA,NA,"2–4 mm"
"Peter Wilson","Myrtaceae","Heteropyxis","natalensis","Heteropyxideae","","dry",10,20,"",1,2,NA,NA,"insects","biotic","2.5–5 mm",NA,NA,NA,"1–1.5 mm"
"Peter Wilson","Myrtaceae","Barongia","lophandra","Kanieae","","dry",1,2,"",6,6,NA,NA,NA,NA,"20–30 mm ",NA,NA,NA,"c. 2 mm (excluding sepals 2 mm long)"
"Peter Wilson","Myrtaceae","Basisperma","lanceolata","Kanieae","","dry",1,1,"",3,3,NA,NA,NA,NA,"c. 6 mm",NA,NA,NA,"c. 2 mm (excluding sepals 1 mm long)"
"Peter Wilson","Myrtaceae","Kania","eugenioides","Kanieae","","dry",NA,NA,"",2.5,3,NA,NA,NA,NA,"c. 3.5–4 mm (petals held ± erect)",NA,NA,NA,"1–1.5 mm"
"Peter Wilson","Myrtaceae","Lysicarpus","angustifolius","Kanieae","","dry",3,9,"",5.5,6,NA,NA,"insects","biotic","c. 10 mm",NA,NA,NA,"2.5–3 mm"
"Peter Wilson","Myrtaceae","Mitrantia","bilocularis","Kanieae","","dry",1,2,"",6,8,NA,NA,NA,NA," to 2.5 mm",NA,NA,NA,"1.5–2.5 mm (excluding sepals 1.5 mm) [short hypanthium = male flower]"
"Peter Wilson","Myrtaceae","Ristantia","gouldii","Kanieae","","dry",1,3,"",5,7,NA,NA,NA,NA,"c. 6 mm",NA,NA,NA,"c. 2.5 mm (excluding sepals 1.5 mm long)"
"Peter Wilson","Myrtaceae","Sphaerantia","discolor","Kanieae","","dry",1,3,"",5,6,NA,NA,NA,NA,"10–12 mm",NA,NA,NA,"c. 4 mm (excluding sepals 1.5–2.5 mm long)"
"Peter Wilson","Myrtaceae","Tristaniopsis","whiteana","Kanieae","","dry",4,12,"",2,5,NA,NA,NA,NA,"1–3 mm",NA,NA,NA,"1–2 mm"
"Peter Wilson","Myrtaceae","Agonis","","Leptospermeae","","dry",3,6,"",1.2,1.5,NA,NA,"insects","biotic","8–12 mm",NA,NA,NA,"1.5–2 mm"
"Peter Wilson","Myrtaceae","Asteromyrtus","angustifolia","Leptospermeae","","dry",3,6,"",3,4.5,NA,NA,"insects","biotic","9–18 mm",NA,NA,NA,"4–11 mm long"
"Peter Wilson","Myrtaceae","Homalospermum","firmum","Leptospermeae","","dry",4,4,"",2.5,3.5,NA,NA,"insects","biotic","c. 15 mm",NA,NA,NA,"c. 1.5 mm"
"Peter Wilson","Myrtaceae","Kunzea","","Leptospermeae","","dry",NA,NA,"",0.5,0.65,NA,NA,"insects","biotic","3–4.5 mm",NA,NA,NA,"2.4–3.2 mm"
"Peter Wilson","Myrtaceae","Leptospermum","erubescens","Leptospermeae","","dry",NA,NA,"",1,1.5,NA,NA,"insects","biotic","8–10 mm ",NA,NA,NA,"c. 2–4 mm "
"Peter Wilson","Myrtaceae","Neofabricia","myrtifolia","Leptospermeae","","dry",8,12,"",2,2.5,NA,NA,"insects","biotic","22–28 mm",NA,NA,NA,"4–5 mm"
"Peter Wilson","Myrtaceae","Pericalymma","spongiocaule","Leptospermeae","","dry",3,3,"",1.2,2,NA,NA,"insects","biotic","8–13 mm ",NA,NA,NA,"3–4 mm (excle. Sepals 1–2.5 mm)"
"Peter Wilson","Myrtaceae","Taxandria","","Leptospermeae","","dry",3,3,"",1,1,NA,NA,"insects","biotic","3.5–6",NA,NA,NA,"0.7–2 mm "
"Peter Wilson","Myrtaceae","Lindsayomyrtus","racemoides","Lindsayomyrteae","",NA,1,3,"",10,23,NA,NA,NA,NA,"22–28 mm",NA,NA,NA,"1–1.5 mm"
"Peter Wilson","Myrtaceae","Kjellbergiodendron","","Lophostemoneae","","fleshy",1,1,"",18,40,NA,NA,NA,NA,"c. 20 mm",NA,NA,NA,"5–7 mm"
"Peter Wilson","Myrtaceae","Lophostemon","suaveolens","Lophostemoneae","","dry",NA,NA,"",1.5,2,NA,NA,"insects","biotic","7–9 mm",NA,NA,NA,"2.5 mm"
"Peter Wilson","Myrtaceae","Welchiodendron","longivalve","Lophostemoneae","","dry",NA,NA,"",6,8,NA,NA,NA,NA,"20–25 mm ",NA,NA,NA,"1–2 mm"
"Peter Wilson","Myrtaceae","Whiteodendron","moultonianum","Lophostemoneae","","dry",1,1,"",12,12,NA,NA,NA,NA,"c. 23–28 mm",NA,NA,NA,"3–4 mm"
"Peter Wilson","Myrtaceae","Beaufortia","squarrosa","Melaleuceae","","dry",1,3,"",0.5,0.5,NA,NA,"insects","biotic","c. 8 mm (but flowers clustered and stamens spreading widely)",NA,NA,NA,"2.5–4 mm "
"Peter Wilson","Myrtaceae","Callistemon","comboynensis","Melaleuceae","","dry",NA,NA,"",1,1.5,NA,NA,"vertebrates","biotic","8.5–10.5 mm",NA,NA,NA,"4–5 mm"
"Peter Wilson","Myrtaceae","Calothamnus","validus","Melaleuceae","","dry",NA,NA,"",2,2.5,NA,NA,"vertebrates","biotic","7–8 mm ",NA,NA,NA,"(3–)4–7 mm"
"Peter Wilson","Myrtaceae","Conothamnus","aureus","Melaleuceae","","dry",3,3,"",1,1,NA,NA,"insects","biotic","petals absent",NA,NA,NA,"0.5–1 mm"
"Peter Wilson","Myrtaceae","Lamarchea","hakeifolia","Melaleuceae","","dry",6,9,"",2,3,NA,NA,"vertebrates","biotic","c. 7 mm",NA,NA,NA,"c. 5 mm"
"Peter Wilson","Myrtaceae","Melaleuca","platycalyx","Melaleuceae","","dry",NA,NA,"",0.8,0.9,NA,NA,"insects","biotic","9–15 mm ",NA,NA,NA,"1.5–2 mm"
"Peter Wilson","Myrtaceae","Metrosideros","tomentosa","Metrosidereae","","dry",NA,NA,"",2,3,NA,NA,"insects, vertebrates","biotic","9–12 mm",NA,NA,NA,"5–6 mm (excluding sepals 2 mm)"
"Peter Wilson","Myrtaceae","Osbornia","octodonta","Osbornieae","","dry",1,1,"",5,5,NA,NA,"insects","biotic","5 mm",NA,NA,NA,"2–3 mm"
"Peter Wilson","Myrtaceae","Psiloxylon","mauritianum","Psiloxyleae","","fleshy",NA,NA,"",0.6,0.8,NA,NA,"insects","biotic","4.5–5 mm",NA,NA,NA,"2–3 mm "
"Peter Wilson","Myrtaceae","Syncarpia","glomulifera","Syncarpieae","","dry",NA,NA,"",1.5,3,NA,NA,"insects, vertebrates","biotic","9–12 mm",NA,NA,NA,"2–2.5 mm"
"Peter Wilson","Myrtaceae","Piliocalyx","robustus","Syzygieae","","fleshy",1,1,"",20,20,NA,NA,"insects","biotic","3–4 mm",NA,NA,NA,"2.5–3 mm"
"Peter Wilson","Myrtaceae","Cloezia","buxifolia","Tristanieae","","dry",6,9,"",4,4,NA,NA,"insects","biotic","6–8 mm ",NA,NA,NA,"2–3 mm"
"Peter Wilson","Myrtaceae","Thaleropia","hypargyrea","Tristanieae","","dry",NA,NA,"",1,1,NA,NA,"vertebrates","biotic","9–10 mm ",NA,NA,NA,"3–3.5 mm "
"Peter Wilson","Myrtaceae","Xanthomyrtus","","Tristanieae","","fleshy",NA,NA,"",1,1.5,NA,NA,"insects","biotic","c. 11–13",NA,NA,NA,"2–2.5 mm"
"Peter Wilson","Myrtaceae","Pleurocalyptus","pancheri","Xanthostemoneae","","dry",NA,NA,"",4,5,NA,NA,NA,NA,"30–45 mm",NA,NA,NA,"11–15 mm"
"Peter Wilson","Myrtaceae","Purpureostemon","ciliatum","Xanthostemoneae","","dry",NA,NA,"",4.5,6,NA,NA,"vertebrates","biotic","12–18 mm ",NA,NA,NA,"2.5–3 mm (excl. sepals 4–5 mm)"
"Peter Wilson","Myrtaceae","Xanthostemon","verdugonianus","Xanthostemoneae","","dry",NA,NA,"",3,3.5,NA,NA,"vertebrates","biotic","11–13 mm",NA,NA,NA,"3.5–6 mm"
