"Expert","Family","Genus","Species","match_to_tree","Major.Group","Minor.Group","fm_scoring_fruit","seed.min","seed.max","fm_scoring_seed_number","seed.length.min","seed.length.max","seed.width.min","seed.width.max","fm_scoring_pollination1","fm_scoring_pollination2","Corolla.diameter..min...max...prevalent.","Corolla.diameter.min","Corolla.diameter.max","fm_scoring_corolla_diam","Hypanthium.length..min...max...prevalent.","Family.y","Genus.y","Species.y","Genus.b"
"Fabian Michelangeli","Melastomataceae","Acanthella","sprucei","Melastomataceae_Acanthella","Melastomatoideae","Marcetieae","dry",50,100,"75",4,5,NA,NA,NA,NA,"12; 15",NA,NA,NA,"10; 12","Melastomataceae","Acanthella","sprucei","Acanthella"
"Karinne Valdemarin","Myrtaceae","Accara","elegans","Myrtaceae_Accara","Myrteae","Myrtinae","fleshy",40,40,"40",3,3,NA,NA,"insects","biotic","?",NA,NA,NA,"absent","Myrtaceae","Accara","elegans","Accara"
"Fabian Michelangeli","Melastomataceae","Aciotis","purpurascens","Melastomataceae_Aciotis","Melastomatoideae","Marcetieae","fleshy",NA,NA,NA,0.5,0.5,0.5,0.5,NA,NA,"3.5; 4.5",NA,NA,NA,"2; 3 ","Melastomataceae","Aciotis","purpurascens","Aciotis"
"Fabian Michelangeli","Melastomataceae","Acisanthera","quadrata","Melastomataceae_Acisanthera","Melastomatoideae","Marcetieae","dry",NA,NA,NA,0.55,0.75,NA,NA,NA,NA,"5; 6",NA,NA,NA,"2; 2.5","Melastomataceae","Acisanthera","quadrata","Acisanthera"
"Peter Wilson","Myrtaceae","Actinodium","cunninghamii","Myrtaceae_Actinodium","Chamelaucieae","Chamelauciinae","dry",1,1,"",NA,NA,NA,NA,"insects","biotic","c. 3 mm",NA,NA,NA,"c. 2 mm","Myrtaceae","Actinodium","cunninghamii","Actinodium"
"Fabian Michelangeli","Melastomataceae","Adelobotrys","adscendens","Melastomataceae_Adelobotrys","Melastomatoideae","Merianieae","dry",100,100,"100",0.55,0.65,NA,NA,"insects","biotic","12; 15.5",NA,NA,NA,"6; 6.5","Melastomataceae","Adelobotrys","adscendens","Adelobotrys"
"Shirley Graham","Lythraceae","Adenaria","floribunda","Lythraceae_Adenaria","","","dry",7,20,"13.5",0.9,1.3,0.8,1.2,"abiotic","abiotic","2.0-2.5",NA,NA,NA,"2.5-5.0","Lythraceae","Adenaria","floribunda","Adenaria"
"Peter Wilson","Myrtaceae","Agonis","","Myrtaceae_Agonis","Leptospermeae","","dry",3,6,"",1.2,1.5,NA,NA,"insects","biotic","8–12 mm",NA,NA,NA,"1.5–2 mm","Myrtaceae","Agonis","","Agonis"
"Karinne Valdemarin","Myrtaceae","Algrizea","minor","Myrtaceae_Algrizea","Myrteae","Pliniinae","fleshy",2,3,"2,5",4,4,NA,NA,"insects","biotic","?",NA,NA,NA,"absent","Myrtaceae","Algrizea","minor","Algrizea"
"Fabian Michelangeli","Melastomataceae","Allomaieta","hirsuta","Melastomataceae_Allomaieta","Melastomatoideae","Cyphostyleae","dry",100,100,"100",0.6,0.65,NA,NA,NA,NA,"6",NA,NA,NA,"18; 24","Melastomataceae","Allomaieta","hirsuta","Allomaieta"
"Darin Penneys","Melastomataceae","Allomorphia","urophylla","Melastomataceae_Allomorphia","Melastomatoideae","Sonerileae","dry",100,100,"100",NA,NA,NA,NA,"insects","biotic","7",NA,NA,NA,"","Melastomataceae","Allomorphia","urophylla","Allomorphia"
"Fabian Michelangeli","Melastomataceae","Alloneuron","ulei","Melastomataceae_Alloneuron","Melastomatoideae","Cyphostyleae","dry",100,100,"100",0.6,0.75,NA,NA,NA,NA,"2.4",NA,NA,NA,"1; 1.4","Melastomataceae","Alloneuron","ulei","Alloneuron"
"Andrew Thornhill","Myrtaceae","Allosyncarpia","ternata","Myrtaceae_Allosyncarpia","Eucalypteae","Mesicalypt (as per Thornhill et al. 2019)","Dry",1,2,"1,5",NA,NA,NA,NA,"insects","biotic","5",NA,NA,NA,"","Myrtaceae","Allosyncarpia","ternata","Allosyncarpia"
"Peter Wilson","Myrtaceae","Aluta","aspera","Myrtaceae_Aluta","Chamelaucieae","Alutinae","dry",1,1,"",NA,NA,NA,NA,"insects","biotic","7–12 mm",NA,NA,NA,"c. 3 mm","Myrtaceae","Aluta","aspera","Aluta"
"Fabian Michelangeli","Alzateaceae","Alzatea","verticillata","Alzateaceae_Alzatea","","","dry",40,60,"50",NA,NA,NA,NA,"insects","biotic","na",NA,NA,NA,"1.5-2","Alzateaceae","Alzatea","verticillata","Alzatea"
"Shirley Graham","Lythraceae","Ammannia","coccinea","Lythraceae_Ammannia","","","dry",100,500,"300",0.3,0.4,0.3,0.5,"insects","biotic","1.0-2.5, prev 2 mm",NA,NA,NA,"1.0-6.0, prev 2-3 mm","Lythraceae","Ammannia","coccinea","Ammannia"
NA,NA,NA,NA,"Myrtaceae_Amomyrtella",NA,NA,NA,NA,NA,NA,NA,NA,NA,NA,NA,NA,NA,NA,NA,NA,NA,"Myrtaceae","Amomyrtella","guili","Amomyrtella"
NA,NA,NA,NA,"Myrtaceae_Amomyrtus",NA,NA,NA,NA,NA,NA,NA,NA,NA,NA,NA,NA,NA,NA,NA,NA,NA,"Myrtaceae","Amomyrtus","meli","Amomyrtus"
"Darin Penneys","Melastomataceae","Amphiblemma","cymosum","Melastomataceae_Amphiblemma","Melastomatoideae","Sonerileae","dry",100,100,"100",0.5,1.5,NA,NA,"insects","biotic","4; 43; 22",NA,NA,NA,"","Melastomataceae","Amphiblemma","cymosum","Amphiblemma"
"Darin Penneys","Melastomataceae","Amphorocalyx","latifolius","Melastomataceae_Amphorocalyx","Melastomatoideae","Melastomeae-OW","dry",100,100,"100",0.5,1,NA,NA,"insects","biotic","14; 42; 30",NA,NA,NA,"","Melastomataceae","Amphorocalyx","latifolius","Amphorocalyx"
"Fabian Michelangeli","Melastomataceae","Anaectocalyx","bracteosa","Melastomataceae_Anaectocalyx","Melastomatoideae","Miconieae","fleshy",100,100,"100",0.55,0.75,NA,NA,"insects","biotic","12; 14",NA,NA,NA,"4; 6","Melastomataceae","Anaectocalyx","bracteosa","Anaectocalyx"
"Andrew Thornhill","Myrtaceae","Angophora","euryphylla","Myrtaceae_Angophora","Eucalypteae","Eucalypt (as per Thornhill et al. 2019)","Dry",NA,NA,NA,1,10,NA,NA,"insects/vertebrates","biotic","4;5;4 (Sepals)",NA,NA,NA,"","Myrtaceae","Angophora","euryphylla","Angophora"
"Darin Penneys","Melastomataceae","Antherotoma","naudinii","Melastomataceae_Antherotoma","Melastomatoideae","Melastomeae-OW","dry",100,100,"100",0.5,0.5,0.5,0.5,"insects","biotic","8; 9; 8.5",NA,NA,NA,"","Melastomataceae","Antherotoma","naudinii","Antherotoma"
"Fabian Michelangeli","Melastomataceae","Appendicularia","thymifolia","Melastomataceae_Appendicularia","Melastomatoideae","Marcetieae","dry",100,100,"100",0.5,0.55,NA,NA,"insects","biotic","",NA,NA,NA,"","Melastomataceae","Appendicularia","thymifolia","Appendicularia"
NA,NA,NA,NA,"Myrtaceae_Archirhodomyrtus",NA,NA,NA,NA,NA,NA,NA,NA,NA,NA,NA,NA,NA,NA,NA,NA,NA,"Myrtaceae","Archirhodomyrtus","paitensis","Archirhodomyrtus"
"Andrew Thornhill","Myrtaceae","Arillastrum","gummiferum","Myrtaceae_Arillastrum","Eucalypteae","Newcalypt (as per Thornhill et al. 2019)","Dry",NA,NA,NA,NA,NA,NA,NA,"insects","biotic","4",NA,NA,NA,"","Myrtaceae","Arillastrum","gummiferum","Arillastrum"
"Fabian Michelangeli","Melastomataceae","Arthrostemma","ciliatum","Melastomataceae_Arthrostemma","Melastomatoideae","Rhexieae","dry",100,100,"100",1,1,1,1,"insects","biotic","20; 30",NA,NA,NA,"7; 10","Melastomataceae","Arthrostemma","ciliatum","Arthrostemma"
"Peter Wilson","Myrtaceae","Astartea","fascicularis","Myrtaceae_Astartea","Chamelaucieae","Astarteinae","dry",3,NA,"",NA,1,NA,NA,"insects","biotic","6–9 mm",NA,NA,NA,"1.5–2 mm ","Myrtaceae","Astartea","fascicularis","Astartea"
"Peter Wilson","Myrtaceae","Asteromyrtus","angustifolia","Myrtaceae_Astereomyrtus","Leptospermeae","","dry",3,6,"",3,4.5,NA,NA,"insects","biotic","9–18 mm",NA,NA,NA,"4–11 mm long","Myrtaceae","Asteromyrtus","angustifolia","Astereomyrtus"
"Darin Penneys","Melastomataceae","Astrocalyx","calycina","Melastomataceae_Astrocalyx","Melastomatoideae","Astronieae","dry",100,100,"100",0.5,1.8,NA,NA,"insects","biotic","14; 15; 14.5",NA,NA,NA,"0.5; 1; 0.75","Melastomataceae","Astrocalyx","calycina","Astrocalyx"
"Darin Penneys","Melastomataceae","Astronidium","morobiense","Melastomataceae_Astronidium","Melastomatoideae","Astronieae","dry",100,100,"100",0.75,2.5,NA,NA,"insects","biotic","7; 20; 12",NA,NA,NA,"","Melastomataceae","Astronidium","morobiense","Astronidium"
"Peter Wilson","Myrtaceae","Astus","tetragonus","Myrtaceae_Astus","Chamelaucieae","Rinziinae","dry",1,1,"",1.2,1.2,NA,NA,"insects","biotic","3–5 mm",NA,NA,NA,"1–2.5 mm (excl. sepals 1–1.2 mm long)","Myrtaceae","Astus","tetragonus","Astus"
NA,NA,NA,NA,"Myrtaceae_Austromyrtus",NA,NA,NA,NA,NA,NA,NA,NA,NA,NA,NA,NA,NA,NA,NA,NA,NA,"Myrtaceae","Austromyrtus","dulcis","Austromyrtus"
"Fabian Michelangeli","Melastomataceae","Axinaea","floribunda","Melastomataceae_Axinaea","Melastomatoideae","Merianieae","dry",50,50,"50",1,1.25,NA,NA,"vertebrates","biotic","6; 8",NA,NA,NA,"2; 3","Melastomataceae","Axinaea","floribunda","Axinaea"
"Fabian Michelangeli","Crypteroniaceae","Axinandra","zeylanica","Crypteroniaceae_Axinandra","","","dry",6,12,"9",NA,NA,NA,NA,NA,NA,"",NA,NA,NA,"","Crypteroniaceae","Axinandra","zeylanica","Axinandra"
"Peter Wilson","Myrtaceae","Babingtonia","camphorosmae","Myrtaceae_Babingtonia","Chamelaucieae","Hysterobaeckeinae","dry",NA,NA,"",1,1.6,NA,NA,"insects","biotic","8–11 mm",NA,NA,NA,"1.5–2.2 mm long","Myrtaceae","Babingtonia","camphorosmae","Babingtonia"
"Peter Wilson","Myrtaceae","Backhousia","hughesii","Myrtaceae_Backhousia","Backhousieae","","dry",1,2,"",NA,NA,NA,NA,"insects","biotic","8.5–9.5 mm",NA,NA,NA,"2–2.5 mm","Myrtaceae","Backhousia","hughesii","Backhousia"
"Peter Wilson","Myrtaceae","Balaustion","pulcherrimum","Myrtaceae_Balaustion","Chamelaucieae","Hysterobaeckeinae","dry",NA,NA,"",2.5,2.5,NA,NA,"vertebrates","biotic","15–25 mm",NA,NA,NA,"9–20 mm","Myrtaceae","Balaustion","pulcherrimum","Balaustion"
"Peter Wilson","Myrtaceae","Barongia","lophandra","Myrtaceae_Barongia","Kanieae","","dry",1,2,"",6,6,NA,NA,NA,NA,"20–30 mm ",NA,NA,NA,"c. 2 mm (excluding sepals 2 mm long)","Myrtaceae","Barongia","lophandra","Barongia"
"Darin Penneys","Melastomataceae","Barthea","barthei","Melastomataceae_Barthea","Melastomatoideae","Sonerileae","dry",100,100,"100",2.2,3.2,NA,NA,"insects","biotic","22; 45; 33",NA,NA,NA,"","Melastomataceae","Barthea","barthei","Barthea"
"Peter Wilson","Myrtaceae","Basisperma","lanceolata","Myrtaceae_Basisperma","Kanieae","","dry",1,1,"",3,3,NA,NA,NA,NA,"c. 6 mm",NA,NA,NA,"c. 2 mm (excluding sepals 1 mm long)","Myrtaceae","Basisperma","lanceolata","Basisperma"
"Peter Wilson","Myrtaceae","Beaufortia","squarrosa","Myrtaceae_Beaufortia","Melaleuceae","","dry",1,3,"",0.5,0.5,NA,NA,"insects","biotic","c. 8 mm (but flowers clustered and stamens spreading widely)",NA,NA,NA,"2.5–4 mm ","Myrtaceae","Beaufortia","squarrosa","Beaufortia"
"Darin Penneys","Melastomataceae","Beccarianthus","pulcherrimus","Melastomataceae_Beccarianthus","Melastomatoideae","Astronieae","dry",100,100,"100",1,2.5,NA,NA,"vertebrates","biotic","12; 25; 20",NA,NA,NA,"","Melastomataceae","Beccarianthus","pulcherrimus","Beccarianthus"
"Fabian Michelangeli","Melastomataceae","Behuria","glutinosa","Melastomataceae_Behuria","Melastomatoideae","Cambessedesieae","dry",100,100,"100",0.6,1,NA,NA,"insects","biotic","13; 16",NA,NA,NA,"4; 6","Melastomataceae","Behuria","glutinosa","Behuria"
"Fabian Michelangeli","Melastomataceae","Bellucia","pentamera","Melastomataceae_Bellucia","Melastomatoideae","Henrietteeae","fleshy",100,100,"100",0.6,0.8,NA,NA,"insects","biotic","15; 20",NA,NA,NA,"9; 11","Melastomataceae","Bellucia","pentamera","Bellucia"
"Fabian Michelangeli","Melastomataceae","Bertolonia","wurdackiana","Melastomataceae_Bertolonia","Melastomatoideae","Bertolonieae","dry",100,100,"100",0.4,0.55,NA,NA,"insects","biotic","7.8; 8.3",NA,NA,NA,"2.7; 2.9","Melastomataceae","Bertolonia","wurdackiana","Bertolonia"
"Darin Penneys","Melastomataceae","Blakea","schlimii","Melastomataceae_Blakea","Melastomatoideae","Blakeeae","fleshy",100,100,"100",0.6,1.8,NA,NA,"insects","biotic","10; 160; 60",NA,NA,NA,"","Melastomataceae","Blakea","schlimii","Blakea"
"Darin Penneys","Melastomataceae","Blastus","borneensis","Melastomataceae_Blastus","Melastomatoideae","Sonerileae","dry",100,100,"100",0.3,1.8,NA,NA,"insects","biotic","2.5; 11; 5",NA,NA,NA,"","Melastomataceae","Blastus","borneensis","Blastus"
"Carolyn Proença","Myrtaceae","Blepharocalyx","salicifolia","Myrtaceae_Blepharocalyx","Myrteae","Blepharocalycinae","fleshy",1,11,"6",3,10,NA,NA,"insects","biotic","2.5mm; 4mm; 4mm",2.5,4,3.25,"0.5;1; 2mm","Myrtaceae","Blepharocalyx","salicifolia","Blepharocalyx"
"Fabian Michelangeli","Melastomataceae","Boyania","ayangannae","Melastomataceae_Boyania","Melastomatoideae","Sonerileae","dry",100,100,"100",NA,NA,NA,NA,"insects","biotic","8; 13",NA,NA,NA,"2.1; 2.5","Melastomataceae","Boyania","ayangannae","Boyania"
"Fabian Michelangeli","Melastomataceae","Brachyotum","angustifolium","Melastomataceae_Brachyotum","Melastomatoideae","Melastomateae","dry",100,100,"100",0.5,0.9,NA,NA,"vertebrates","biotic","10; 12",NA,NA,NA,"4; 5","Melastomataceae","Brachyotum","angustifolium","Brachyotum"
"Fabian Michelangeli","Penaeaceae","Brachysiphon","fucatus","Penaeaceae_Brachysiphon","","","dry",NA,NA,NA,3,3.4,NA,NA,NA,NA,"n/a",NA,NA,NA,"5; 6","Penaeaceae","Brachysiphon","fucatus","Brachysiphon"
"Darin Penneys","Melastomataceae","Bredia","okinawensis","Melastomataceae_Bredia","Melastomatoideae","Sonerileae","dry",100,100,"100",0.4,1,NA,NA,"insects","biotic","10; 24; 17",NA,NA,NA,"","Melastomataceae","Bredia","okinawensis","Bredia"
"Olivier Maurin, Ian Turner","Combretaceae","Buchenavia","tetraphylla","Combretaceae_Buchenavia","Combretoideae","Combreteae / Terminaliinae","fleshy",1,1,"1",5,40,NA,NA,"insects","biotic","absent",NA,NA,NA,"2.5-5 mm","Combretaceae","Buchenavia","tetraphylla","Buchenavia"
"Fabian Michelangeli","Melastomataceae","Bucquetia","glutinosa","Melastomataceae_Bucquetia","Melastomatoideae","Melastomateae","dry",100,100,"100",NA,NA,NA,NA,"insects","biotic","12; 14",NA,NA,NA,"5","Melastomataceae","Bucquetia","glutinosa","Bucquetia"
"Gustavo Shimizu & Deise Gonçalves","Vochysiaceae","Callisthene","microphylla","Vochysiaceae_Callisthene","","","Dry",3,6,"4.5",5,10,3,7,"insects","biotic","0.5-1.3 cm long",5,13,9,"not measured","Vochysiaceae","Callisthene","microphylla","Callisthene"
"Darin Penneys","Melastomataceae","Calvoa","crassinoda","Melastomataceae_Calvoa","Melastomatoideae","Sonerileae","dry",100,100,"100",0.5,2,NA,NA,"insects","biotic","14; 40; 28",NA,NA,NA,"","Melastomataceae","Calvoa","crassinoda","Calvoa"
"Fabian Michelangeli","Melastomataceae","Calycogonium","rosmarinifolium","Melastomataceae_Calycogonium","Melastomatoideae","Miconieae","fleshy",15,20,"",1.7,2.3,NA,NA,"insects","biotic","4.5; 5.0",NA,NA,NA,"2.5","Melastomataceae","Calycogonium","rosmarinifolium","Calycogonium"
"Paulo Gaem","Myrtaceae","Calycolpus","goetheanus","Myrtaceae_Calycolpus","Myrteae","Myrtinae","Fleshy",3,200,"101.5",1.5,5,NA,NA,"insects","biotic","?",NA,NA,NA,"1; 8; 3-5","Myrtaceae","Calycolpus","goetheanus","Calycolpus"
"Peter Wilson","Myrtaceae","Calytrix","leschenaultii","Myrtaceae_Calytrix","Chamelaucieae","Calytricinae","dry",1,1,"",2.5,3.5,NA,NA,"insects","biotic","10–16 mm",NA,NA,NA,"6–11 mm","Myrtaceae","Calytrix","leschenaultii","Calytrix"
"Fabian Michelangeli","Melastomataceae","Cambessedesia","eichlerii","Melastomataceae_Cambessedesia","Melastomatoideae","Cambessedesieae","dry",100,100,"100",0.5,0.5,0.5,0.5,"insects","biotic","4.5; 5.5",NA,NA,NA,"5; 6","Melastomataceae","Cambessedesia","eichlerii","Cambessedesia"
"Peter Hoch","Onagraceae","Camissonia","tanacetifolia","Onagraceae_Camissonia","Subfam. Onagroideae","Tribe Onagreae","dry",80,160,"120",1.3,2.2,NA,NA,"insects","biotic","10; 45; 20",10,45,27.5,"1.5; 8; 3","Onagraceae","Camissonia","tanacetifolia","Camissonia"
"Shirley Graham","Lythraceae","Capuronia","benoistii","Lythraceae_Capuronia","","","dry",5,8,"6.5",2.9,3.2,2.3,2.7,NA,NA,"1.3 mm",NA,NA,NA,"1-2 mm","Lythraceae","Capuronia","benoistii","Capuronia"
"Fabian Michelangeli","Melastomataceae","Castratella","piloselloides","Melastomataceae_Castratella","Melastomatoideae","Melastomateae","dry",100,100,"100",0.7,0.8,NA,NA,"insects","biotic","8.5; 11",NA,NA,NA,"6","Melastomataceae","Castratella","piloselloides","Castratella"
"Fabian Michelangeli","Melastomataceae","Catocoryne","linnaeoides","Melastomataceae_Catocoryne","Melastomatoideae","Miconieae","fleshy",50,50,"50",0.3,0.4,NA,NA,"insects","biotic","4; 5",NA,NA,NA,"2","Melastomataceae","Catocoryne","linnaeoides","Catocoryne"
"Fabian Michelangeli","Melastomataceae","Centradenia","floribunda","Melastomataceae_Centradenia","Melastomatoideae","Melastomateae","dry",50,50,"50",0.5,0.8,NA,NA,"insects","biotic","4; 7",NA,NA,NA,"2.5; 2.7","Melastomataceae","Centradenia","floribunda","Centradenia"
"Fabian Michelangeli","Melastomataceae","Centronia","laurifolia","Melastomataceae_Centronia","Melastomatoideae","Merianieae","dry",100,100,"100",2,2,2,2,"insects","biotic","14; 15.5",NA,NA,NA,"8","Melastomataceae","Centronia","laurifolia","Centronia"
"Fabian Michelangeli","Melastomataceae","Chaetolepis","lindeniana","Melastomataceae_Chaetolepis","Melastomatoideae","Melastomateae","dry",100,100,"100",0.5,0.8,NA,NA,"insects","biotic","5; 6",NA,NA,NA,"2.5; 3","Melastomataceae","Chaetolepis","lindeniana","Chaetolepis"
"Fabian Michelangeli","Melastomataceae","Chaetostoma","pungens","Melastomataceae_Chaetostoma","Melastomatoideae","Microlicieae","dry",100,100,"100",0.5,0.65,NA,NA,"insects","biotic","9; 12.5",NA,NA,NA,"4; 7","Melastomataceae","Chaetostoma","pungens","Chaetostoma"
"Darin Penneys","Melastomataceae","Chalybea","macrocarpa","Melastomataceae_Chalybea","Melastomatoideae","Blakeeae","fleshy",100,100,"100",0.8,1.6,NA,NA,"vertebrates","biotic","18; 40; 30",NA,NA,NA,"","Melastomataceae","Chalybea","macrocarpa","Chalybea"
"Peter Hoch","Onagraceae","Chemerion","latifolium","Onagraceae_Chamaenerion","Subfam. Onagroideae","Tribe Epilobieae","dry",200,500,"350",1,2.5,NA,NA,"insects","biotic","20; 70; c. 35",20,70,45,"0 (no hypan.)","Onagraceae","Chemerion","latifolium","Chamaenerion"
"Peter Wilson","Myrtaceae","Chamelaucium","uncinatum","Myrtaceae_Chamelaucium","Chamelaucieae","Chamelauciinae","dry",1,1,"",6,6,NA,NA,"insects","biotic","15–20 mm",NA,NA,NA,"4.5–7 mm","Myrtaceae","Chamelaucium","uncinatum","Chamelaucium"
"Karinne Valdemarin","Myrtaceae","Chamguava","schipii","Myrtaceae_Chamguava","Myrteae","Myrtinae","fleshy",1,4,"2,5",6,10,NA,NA,NA,NA,"?",NA,NA,NA,"absent","Myrtaceae","Chamguava","schipii","Chamguava"
"Fabian Michelangeli","Melastomataceae","Charianthus","purpureus","Melastomataceae_Charianthus","Melastomatoideae","Miconieae","fleshy",100,100,"100",0.6,0.95,NA,NA,"vertebrates","biotic","9; 12",NA,NA,NA,"4.2; 5.5","Melastomataceae","Charianthus","purpureus","Charianthus"
"Peter Wilson","Myrtaceae","Cheyniana","microphylla","Myrtaceae_Cheyniana","Chamelaucieae","Hysterobaeckeinae","dry",6,27,"",1.4,1.7,NA,NA,"vertebrates","biotic","10–14 mm",NA,NA,NA,"4–8 mm long","Myrtaceae","Cheyniana","microphylla","Cheyniana"
"Peter Hoch","Onagraceae","Chylismia","claviformis","Onagraceae_Chylismia","Subfam. Onagroideae","Tribe Onagreae","dry",80,160,"120",0.5,1.8,NA,NA,"insects","biotic","2; 30; c. 15",2,30,16,"0.4; 40; ?","Onagraceae","Chylismia","claviformis","Chylismia"
"Darin Penneys","Melastomataceae","Cincinnobotrys","felicis","Melastomataceae_Cincinnobotrys","Melastomatoideae","Sonerileae","dry",100,100,"100",0.3,2,NA,NA,"insects","biotic","7; 32; 15",NA,NA,NA,"","Melastomataceae","Cincinnobotrys","felicis","Cincinnobotrys"
"Peter Hoch","Onagraceae","Clarkia","purpurea","Onagraceae_Clarkia","Subfam. Onagroideae","Tribe Onagreae","dry",1,300,"150.5",0.5,3,NA,NA,"insects","biotic","4; 55; c. 25",4,55,29.5,"1; 35; 3.5","Onagraceae","Clarkia","purpurea","Clarkia"
"Fabian Michelangeli","Melastomataceae","Clidemia","eggersii","Melastomataceae_Clidemia","Melastomatoideae","Miconieae","dry",100,100,"100",0.3,0.5,NA,NA,"insects","biotic","7; 18",NA,NA,NA,"5; 7.5","Melastomataceae","Clidemia","eggersii","Clidemia"
"Peter Wilson","Myrtaceae","Cloezia","buxifolia","Myrtaceae_Cloezia","Tristanieae","","dry",6,9,"",4,4,NA,NA,"insects","biotic","6–8 mm ",NA,NA,NA,"2–3 mm","Myrtaceae","Cloezia","buxifolia","Cloezia"
"Olivier Maurin, Ian Turner","Combretaceae","Thiloa","glaucocarpa","Combretaceae_Combretum","Combretoideae","Combreteae / Combretinae","dry",1,1,"1",5,40,NA,NA,"insects","biotic","0,2-0,5",NA,NA,NA,"2.5-5 mm","Combretaceae","Thiloa","glaucocarpa","Combretum"
"Fabian Michelangeli","Melastomataceae","Comolia","lythrarioides","Melastomataceae_Comolia","Melastomatoideae","Marcetieae","dry",100,100,"100",0.6,0.9,NA,NA,"insects","biotic","9; 12",NA,NA,NA,"3; 5","Melastomataceae","Comolia","lythrarioides","Comolia"
"Olivier Maurin, Ian Turner","Combretaceae","Conocarpus","erectus","Combretaceae_Conocarpus","Combretoideae","Combreteae / Terminaliinae","dry",1,1,"1",2,4,NA,NA,"insects","biotic","absent",NA,NA,NA,"1.5-3 mm","Combretaceae","Conocarpus","erectus","Conocarpus"
"Fabian Michelangeli","Melastomataceae","Conostegia","icosandra","Melastomataceae_Conostegia","Melastomatoideae","Miconieae","fleshy",100,100,"100",0.4,0.8,NA,NA,"insects","biotic","7; 8",NA,NA,NA,"3.5; 5.5","Melastomataceae","Conostegia","icosandra","Conostegia"
"Peter Wilson","Myrtaceae","Conothamnus","aureus","Myrtaceae_Conothamnus","Melaleuceae","","dry",3,3,"",1,1,NA,NA,"insects","biotic","petals absent",NA,NA,NA,"0.5–1 mm","Myrtaceae","Conothamnus","aureus","Conothamnus"
"Andrew Thornhill","Myrtaceae","Corymbia","ficifolia","Myrtaceae_Corymbia","Eucalypteae","Eucalypt (as per Thornhill et al. 2019)","Dry",NA,NA,NA,1,18,NA,NA,"insects/vertebrates","biotic","",NA,NA,NA,"","Myrtaceae","Corymbia","ficifolia","Corymbia"
"Peter Wilson","Myrtaceae","Corynanthera","flava","Myrtaceae_Corynanthera","Chamelaucieae","Micromyrtinae","dry",1,1,"",2,2,NA,NA,"insects","biotic","c. 1.5 mm",NA,NA,NA,"c. 2.5 mm","Myrtaceae","Corynanthera","flava","Corynanthera"
"Shirley Graham","Lythraceae","Crenea","maritima","Lythraceae_Crenea","","","dry",500,500,"500",5,5,0.3,0.5,NA,NA,"4.5-5.5",NA,NA,NA,"4-6 mm","Lythraceae","Crenea","maritima","Crenea"
"Shirley Graham","Lythraceae","Cuphea","hyssopifolia","Lythraceae_Cuphea","","","dry",2,100,"51",0.5,3.3,0.3,3,"abiotic, vertebrates","abiotic, biotic","2-6 mm",NA,NA,NA,"4-38 mm","Lythraceae","Cuphea","hyssopifolia","Cuphea"
"Karinne Valdemarin","Myrtaceae","Curitiba","prismatica","Myrtaceae_Curitiba","Myrteae","Pimentinae","fleshy",4,7,"5,5",2,4,0.5,0.5,"insects","biotic","?",NA,NA,NA,"absent","Myrtaceae","Curitiba","prismatica","Curitiba"
"Peter Wilson","Myrtaceae","Cyathostemon","ambiguus","Myrtaceae_Cyathostemon","Chamelaucieae","Astarteinae","dry",3,3,"",1.3,2,NA,NA,"insects","biotic","8–9 mm ",NA,NA,NA,"1–1.5 mm ","Myrtaceae","Cyathostemon","ambiguus","Cyathostemon"
"Darin Penneys","Melastomataceae","Cyphotheca","montana","Melastomataceae_Cyphotheca","Melastomatoideae","Sonerileae","dry",100,100,"100",0.7,0.7,NA,NA,"insects","biotic","13; 13; 13",NA,NA,NA,"","Melastomataceae","Cyphotheca","montana","Cyphotheca"
"Olivier Maurin, Ian Turner","Combretaceae","Dansiea","elliptica","Combretaceae_Dansiea","Combretoideae","Laguncularieae","dry",1,1,"1",NA,NA,NA,NA,"vertebrates","biotic","1,0; 1,5",NA,NA,NA,"6-7 mm","Combretaceae","Dansiea","elliptica","Dansiea"
"Peter Wilson","Myrtaceae","Darwinia","speciosa","Myrtaceae_Darwinia","Chamelaucieae","Chamelauciinae","dry",1,1,"",2,3.5,NA,NA,"vertebrates","biotic","c. 5–7 mm (flowers 4 within a bell-like involucre)",NA,NA,NA,"4–5 mm","Myrtaceae","Darwinia","speciosa","Darwinia"
NA,NA,NA,NA,"Myrtaceae_Decaspermum",NA,NA,NA,NA,NA,NA,NA,NA,NA,NA,NA,NA,NA,NA,NA,NA,NA,"Myrtaceae","Decaspermum","fruticosum","Decaspermum"
"Shirley Graham","Lythraceae","Decodon","verticillatus","Lythraceae_Decodon","","","dry",20,30,"25",1,1.9,1.2,2,"insects","biotic","4.5-6.5 mm",NA,NA,NA,"4-8 mm","Lythraceae","Decodon","verticillatus","Decodon"
"Fabian Michelangeli","Melastomataceae","Desmoscelis","villosa","Melastomataceae_Desmoscelis","Melastomatoideae","Melastomateae","dry",100,100,"100",0.6,0.9,NA,NA,"insects","biotic","6; 10",NA,NA,NA,"3.5; 5","Melastomataceae","Desmoscelis","villosa","Desmoscelis"
"Darin Penneys","Melastomataceae","Dicellandra","barteri","Melastomataceae_Dicellandra","Melastomatoideae","Sonerileae","dry",100,100,"100",0.7,0.8,NA,NA,"insects","biotic","9; 16; 12",NA,NA,NA,"","Melastomataceae","Dicellandra","barteri","Dicellandra"
"Darin Penneys","Melastomataceae","Dichaetanthera","","Melastomataceae_Dichaetanthera","Melastomatoideae","Melastomeae-OW","dry",100,100,"100",0.5,1.7,NA,NA,"insects","biotic","11; 40; 20",NA,NA,NA,"","Melastomataceae","Dichaetanthera","","Dichaetanthera"
"Fabian Michelangeli","Melastomataceae","Dicrananthera","hedyotidea","Melastomataceae_Dicrananthera","Melastomatoideae","Marcetieae","dry",100,100,"100",0.6,0.8,NA,NA,"insects","biotic","3; 4",NA,NA,NA,"2; 2.5","Melastomataceae","Dicrananthera","hedyotidea","Dicrananthera"
"Shirley Graham","Lythraceae","Didiplis","diandra","Lythraceae_Didiplis","","","dry",25,45,"35",0.6,0.9,0.2,0.3,"abiotic","abiotic","1.5-2.5 mm",NA,NA,NA,"1.75-2.5 mm; 2mm","Lythraceae","Didiplis","diandra","Didiplis"
"Shirley Graham","Lythraceae","Diplusodon","lanceolatus","Lythraceae_Diplusodon","","","dry",4,72,"38",1,4,1.8,3.5,"insects","biotic","6.5-7 mm",NA,NA,NA,"7.5-8.0 mm","Lythraceae","Diplusodon","lanceolatus","Diplusodon"
"Darin Penneys","Melastomataceae","Dissochaeta","annulata","Melastomataceae_Dissochaeta","Melastomatoideae","Dissochaeteae","fleshy",100,100,"100",0.75,0.75,0.75,0.75,"insects","biotic","27; 43; 35",NA,NA,NA,"","Melastomataceae","Dissochaeta","annulata","Dissochaeta"
"Darin Penneys","Melastomataceae","Dissotis","multiflora","Melastomataceae_Dissotis","Melastomatoideae","Melastomeae-OW","dry",100,100,"100",0.4,0.8,NA,NA,"insects","biotic","14; 85; 38",NA,NA,NA,"","Melastomataceae","Dissotis","multiflora","Dissotis"
"Fabian Michelangeli","Melastomataceae","Dolichoura","spiritusanctensis","Melastomataceae_Dolichoura","Melastomatoideae","Cambessedesieae","dry",100,100,"100",1.8,2,NA,NA,"insects","biotic","5; 8",NA,NA,NA,"1.5; 2","Melastomataceae","Dolichoura","spiritusanctensis","Dolichoura"
"Shirley Graham","Lythraceae","Duabanga","grandiflora","Lythraceae_Duabanga","","","dry",100,100,"100",4,5.5,0.5,0.5,"vertebrates","biotic","2.5 cm",NA,NA,NA,"2-2.5 cm","Lythraceae","Duabanga","grandiflora","Duabanga"
"Darin Penneys","Melastomataceae","Dionycha","bojerii","Melastomataceae_Dyonicha","Melastomatoideae","Melastomeae-OW","dry",100,100,"100",0.7,0.9,NA,NA,"insects","biotic","17; 42; 30",NA,NA,NA,"","Melastomataceae","Dionycha","bojerii","Dyonicha"
"Fabian Michelangeli","Penaeaceae","Endonema","retzioides","Penaeaceae_Endonema","","","dry",NA,NA,NA,NA,NA,NA,NA,"vertebrates","biotic","n/a",NA,NA,NA,"","Penaeaceae","Endonema","retzioides","Endonema"
"Peter Wilson","Myrtaceae","Enekbatus","cryptandroides","Myrtaceae_Enekbatus","Chamelaucieae","Rinziinae","dry",1,2,"",1.1,1.8,NA,NA,"insects","biotic","c. 8 mm",NA,NA,NA,"1.5–2.5 mm","Myrtaceae","Enekbatus","cryptandroides","Enekbatus"
"Peter Hoch","Onagraceae","Epilobium","canum","Onagraceae_Epilobium","Subfam. Onagroideae","Tribe Epilobieae","dry",60,200,"130",1.5,2.6,NA,NA,"insects, vertebrates","biotic","12; 30; c 20 ",12,30,21,"16; 32; c. 25 ","Onagraceae","Epilobium","canum","Epilobium"
"Peter Hoch","Onagraceae","Eremothera","pygmaea","Onagraceae_Eremothera","Subfam. Onagroideae","Tribe Onagreae","dry",80,160,"120",0.9,2.1,NA,NA,"insects","biotic","4; 20; c. 16",4,20,12,"0.5; 8; 1.5","Onagraceae","Eremothera","pygmaea","Eremothera"
"Peter Wilson","Myrtaceae","Ericomyrtus","serpyllifolia","Myrtaceae_Ericomyrtus","Chamelaucieae","Hysterobaeckeinae","dry",8,12,"",0.5,1,NA,NA,"insects","biotic","4–5(–6) mm",NA,NA,NA,"1.5 mm","Myrtaceae","Ericomyrtus","serpyllifolia","Ericomyrtus"
"Fabian Michelangeli","Melastomataceae","Eriocnema","fulva","Melastomataceae_Eriocnema","Melastomatoideae","Eriocnemeae","dry",NA,NA,NA,0.9,0.9,0.9,0.9,"insects","biotic","10; 13",NA,NA,NA,"2; 3","Melastomataceae","Eriocnema","fulva","Eriocnema"
"Gustavo Shimizu & Deise Gonçalves","Vochysiaceae","Erisma","arietinum","Vochysiaceae_Erisma","","","Dry",1,1,"1",NA,NA,NA,NA,"insects","biotic","0.5-2 cm long",5,20,12.5,"not measured","Vochysiaceae","Erisma","arietinum","Erisma"
"Gustavo Shimizu & Deise Gonçalves","Vochysiaceae","Erismadelphus","exsul","Vochysiaceae_Erismadelphus","","","Dry",1,1,"1",NA,NA,NA,NA,NA,NA,"ca. 0.5 cm long",5,5,5,"not measured","Vochysiaceae","Erismadelphus","exsul","Erismadelphus"
"Fabian Michelangeli","Melastomataceae","Ernestia","maguirei","Melastomataceae_Ernestia","Melastomatoideae","Marcetieae","dry",NA,NA,NA,0.7,0.9,NA,NA,"insects","biotic","8;9",NA,NA,NA,"4.2;4.5","Melastomataceae","Ernestia","maguirei","Ernestia"
"Andrew Thornhill","Myrtaceae","Eucalyptopsis","papuana","Myrtaceae_Eucalyptopsis","Eucalypteae","Mesicalypt (as per Thornhill et al. 2019)","Dry",NA,NA,NA,NA,NA,NA,NA,"insects","biotic","4",NA,NA,NA,"","Myrtaceae","Eucalyptopsis","papuana","Eucalyptopsis"
"Andrew Thornhill","Myrtaceae","Eucalyptus","cloeziana","Myrtaceae_Eucalyptus","Eucalypteae","Eucalypt (as per Thornhill et al. 2019); sungenus Idiogenes (as per Nicolle 2018)","Dry",NA,NA,NA,0.7,8,NA,NA,"abiotic/insects/vertebrates","abiotic/biotic","Calyptra",NA,NA,NA,"","Myrtaceae","Eucalyptus","cloeziana","Eucalyptus"
NA,NA,NA,NA,"Myrtaceae_Eugenia",NA,NA,NA,NA,NA,NA,NA,NA,NA,NA,NA,NA,NA,NA,NA,NA,NA,"Myrtaceae","Eugenia","uniflora","Eugenia"
"Peter Hoch","Onagraceae","Eulobus","californicus","Onagraceae_Eulobus","Subfam. Onagroideae","Tribe Onagreae","dry",48,100,"74",1,2,NA,NA,"insects","biotic","10; 25; 20",10,25,17.5,"0.6; 5; 3","Onagraceae","Eulobus","californicus","Eulobus"
"Peter Wilson","Myrtaceae","Euryomyrtus","maidenii","Myrtaceae_Euryomyrtus","Chamelaucieae","Rinziinae","dry",2,3,"",1.5,2,NA,NA,"insects","biotic","4–7.5 mm",NA,NA,NA,"1.1–1.6 mm long","Myrtaceae","Euryomyrtus","maidenii","Euryomyrtus"
NA,NA,NA,NA,"Myrtaceae_Feijoa",NA,NA,NA,NA,NA,NA,NA,NA,NA,NA,NA,NA,NA,NA,NA,NA,NA,"Myrtaceae","Acca","sellowiana","Feijoa"
"Darin Penneys","Melastomataceae","Fordiophyton","strictum","Melastomataceae_Fordiophyton","Melastomatoideae","Sonerileae","dry",100,100,"100",0.4,0.9,NA,NA,"insects","biotic","13; 38; 18",NA,NA,NA,"","Melastomataceae","Fordiophyton","strictum","Fordiophyton"
"Fabian Michelangeli","Melastomataceae","Fritzschia","erecta","Melastomataceae_Fritzschia","Melastomatoideae","Marcetieae","dry",100,100,"100",1,1.1,NA,NA,"insects","biotic","12; 14",NA,NA,NA,"2.7; 3","Melastomataceae","Fritzschia","erecta","Fritzschia"
"Peter Hoch","Onagraceae","Fuchsia","excorticata","Onagraceae_Fuchsia","Subfam. Onagroideae","Tribe Circaeeae","fleshy",10,500,"255",1,2.5,NA,NA,"insects, vertebrates","biotic","1; 22; c. 12",1,22,11.5,"2; 130; ?","Onagraceae","Fuchsia","excorticata","Fuchsia"
"Shirley Graham","Lythraceae","Galpinia","transvaalica","Lythraceae_Galpinia","","","dry",3,10,"6.5",3,4.5,2.5,4,NA,NA,"4 mm",NA,NA,NA,"3 mm","Lythraceae","Galpinia","transvaalica","Galpinia"
"Peter Hoch","Onagraceae","Gayophytum","diffusum","Onagraceae_Gayophytum","Subfam. Onagroideae","Tribe Onagreae","dry",8,200,"104",0.7,2.3,NA,NA,"insects","biotic","1; 15; c. 6",1,15,8,"0.2; 1; 0.5","Onagraceae","Gayophytum","diffusum","Gayophytum"
"Olivier Maurin, Ian Turner","Combretaceae","Calycopteris","floribunda","Combretaceae_Getonia","Combretoideae","Combreteae / Combretinae","dry",1,1,"1",5,40,NA,NA,"insects","biotic","1,5; 2,0",NA,NA,NA,"4.5-6 mm","Combretaceae","Calycopteris","floribunda","Getonia"
"Shirley Graham","Lythraceae","Ginoria","nudiflora","Lythraceae_Ginoria","","","dry",50,50,"50",0.5,2.5,0.1,0.6,"insects","biotic","6-8.5, avg. 7.0",NA,NA,NA,"3-18 mm; avg, 8.6","Lythraceae","Ginoria","nudiflora","Ginoria"
"Fabian Michelangeli","Penaeaceae","Glischrocolla","formosa","Penaeaceae_Glischrocolla","","","dry",NA,NA,NA,NA,NA,NA,NA,"vertebrates","biotic","n/a",NA,NA,NA,"","Penaeaceae","Glischrocolla","formosa","Glischrocolla"
"Peter Hoch","Onagraceae","Gongylocarpus","rubricaulis","Onagraceae_Gongylocarpus","Subfam. Onagroideae","Tribe Gongylocarpeae","dry",4,28,"16",NA,NA,NA,NA,"insects","biotic","5; 20; 5-6 and 15-18 (2 spp.)",5,20,12.5,"12; 30; 18","Onagraceae","Gongylocarpus","rubricaulis","Gongylocarpus"
NA,NA,NA,NA,"Myrtaceae_Gossia",NA,NA,NA,NA,NA,NA,NA,NA,NA,NA,NA,NA,NA,NA,NA,NA,NA,"Myrtaceae","Gossia","","Gossia"
"Fabian Michelangeli","Melastomataceae","Graffenrieda","cucullata","Melastomataceae_Graffenrieda","Melastomatoideae","Merianieae","dry",100,100,"100",2.5,3,NA,NA,"insects","biotic","5; 5.5",NA,NA,NA,"6; 7","Melastomataceae","Graffenrieda","cucullata","Graffenrieda"
"Darin Penneys","Melastomataceae","Gravesia","vestita","Melastomataceae_Gravesia","Melastomatoideae","Sonerileae","dry",100,100,"100",0.3,1.7,NA,NA,"insects","biotic","4; 52; 26",NA,NA,NA,"","Melastomataceae","Gravesia","vestita","Gravesia"
"Olivier Maurin, Ian Turner","Combretaceae","Guiera","senegalensis","Combretaceae_Guiera","Combretoideae","Combreteae / Combretinae","dry",1,1,"1",5,40,NA,NA,"insects","biotic","0,1; 0,2",NA,NA,NA,"3 mm","Combretaceae","Guiera","senegalensis","Guiera"
"Darin Penneys","Melastomataceae","Guyonia","tenella","Melastomataceae_Guyonia","Melastomatoideae","Melastomeae-OW","dry",100,100,"100",0.8,1.2,NA,NA,"insects","biotic","7; 7; 7",NA,NA,NA,"","Melastomataceae","Guyonia","tenella","Guyonia"
"Shirley Graham","Lythraceae","Heimia","salicifolia","Lythraceae_Heimia","","","dry",50,50,"50",0.5,1,0.3,0.8,"insects","biotic","5-6 mm",NA,NA,NA,"3.5-7.5","Lythraceae","Heimia","salicifolia","Heimia"
"Fabian Michelangeli","Melastomataceae","Henriettea","squamata","Melastomataceae_Henriettea","Melastomatoideae","Henrietteeae","fleshy",100,100,"100",0.5,0.7,NA,NA,"insects","biotic","8",NA,NA,NA,"5","Melastomataceae","Henriettea","squamata","Henriettea"
"Fabian Michelangeli","Melastomataceae","Henriettella","tovarensis","Melastomataceae_Henriettella","Melastomatoideae","Henrietteeae","fleshy",100,100,"100",0.6,0.75,NA,NA,"insects","biotic","3.2; 3.4",NA,NA,NA,"2.1; 2.5","Melastomataceae","Henriettella","tovarensis","Henriettella"
"Fabian Michelangeli","Melastomataceae","Heterocentron","elegans","Melastomataceae_Heterocentron","Melastomatoideae","Melastomateae","dry",100,100,"100",0.6,0.7,NA,NA,"insects","biotic","14; 16",NA,NA,NA,"3.5; 5","Melastomataceae","Heterocentron","elegans","Heterocentron"
"Peter Wilson","Myrtaceae","Heteropyxis","natalensis","Myrtaceae_Heteropyxis","Heteropyxideae","","dry",10,20,"",1,2,NA,NA,"insects","biotic","2.5–5 mm",NA,NA,NA,"1–1.5 mm","Myrtaceae","Heteropyxis","natalensis","Heteropyxis"
"fabian Michelangeli","Melastomataceae","Heterotis","rotundifolia","Melastomataceae_Heterotis","Melastomatoideae","Melastomateae","dry",100,100,"100",0.6,0.9,NA,NA,"insects","biotic","1.7; 2.2",NA,NA,NA,"0.6; 0.7","Melastomataceae","Heterotis","rotundifolia","Heterotis"
"Peter Wilson","Myrtaceae","Homalospermum","firmum","Myrtaceae_Homalospermum","Leptospermeae","","dry",4,4,"",2.5,3.5,NA,NA,"insects","biotic","c. 15 mm",NA,NA,NA,"c. 1.5 mm","Myrtaceae","Homalospermum","firmum","Homalospermum"
"Peter Wilson","Myrtaceae","Homoranthus","thomasii","Myrtaceae_Homoranthus","Chamelaucieae","Chamelauciinae","dry",1,1,"",1.5,1.5,NA,NA,"vertebrates","biotic","c. 4 mm",NA,NA,NA,"c. 2 mm","Myrtaceae","Homoranthus","thomasii","Homoranthus"
"Fabian Michelangeli","Melastomataceae","Huberia","consimilis","Melastomataceae_Huberia","Melastomatoideae","Cambessedesieae","dry",100,100,"100",2.4,6.3,NA,NA,"insects","biotic","12; 25",NA,NA,NA,"6; 8","Melastomataceae","Huberia","consimilis","Huberia"
"Peter Wilson","Myrtaceae","Hypocalymma","augustifolium","Myrtaceae_Hypocalymma","Chamelaucieae","Astarteinae","dry",1,3,"",1.5,1.5,NA,NA,"insects","biotic","8–11 mm",NA,NA,NA,"1.5–2 mm ","Myrtaceae","Hypocalymma","augustifolium","Hypocalymma"
NA,NA,NA,NA,"Myrtaceae_Kanakomyrtus",NA,NA,NA,NA,NA,NA,NA,NA,NA,NA,NA,NA,NA,NA,NA,NA,NA,"Myrtaceae","Kanakomyrtus","","Kanakomyrtus"
"Peter Wilson","Myrtaceae","Kania","eugenioides","Myrtaceae_Kania","Kanieae","","dry",NA,NA,"",2.5,3,NA,NA,NA,NA,"c. 3.5–4 mm (petals held ± erect)",NA,NA,NA,"1–1.5 mm","Myrtaceae","Kania","eugenioides","Kania"
"Peter Wilson","Myrtaceae","Kardomia","jucunda","Myrtaceae_Kardomia","Chamelaucieae","Hysterobaeckeinae","dry",3,6,"",1,1,NA,NA,"insects","biotic","to 7 mm ",NA,NA,NA,"1.9–2 mm ","Myrtaceae","Kardomia","jucunda","Kardomia"
"Fabian Michelangeli","Melastomataceae","Killipia","peduculata","Melastomataceae_Killipia","Melastomatoideae","Miconieae","fleshy",100,100,"100",0.6,0.75,NA,NA,"vertebrates","biotic","5; 6",NA,NA,NA,"2; 3.8","Melastomataceae","Killipia","peduculata","Killipia"
"Peter Wilson","Myrtaceae","Kjellbergiodendron","","Myrtaceae_Kjellbergiodendron","Lophostemoneae","","fleshy",1,1,"",18,40,NA,NA,NA,NA,"c. 20 mm",NA,NA,NA,"5–7 mm","Myrtaceae","Kjellbergiodendron","","Kjellbergiodendron"
"Shirley Graham","Lythraceae","Koehneria","madagascariensis","Lythraceae_Koehneria","","","dry",10,30,"20",1.3,1.7,1,1.2,NA,NA,"7-7.5 mm",NA,NA,NA,"8.5 mm","Lythraceae","Koehneria","madagascariensis","Koehneria"
"Gustavo Shimizu & Deise Gonçalves","Vochysiaceae","Korupodendron","songweanum","Vochysiaceae_Korupodendron","","","Dry",1,1,"1",NA,NA,NA,NA,NA,NA,"ca. 1 cm long",10,10,10,"not measured","Vochysiaceae","Korupodendron","songweanum","Korupodendron"
"Peter Wilson","Myrtaceae","Kunzea","","Myrtaceae_Kunzea","Leptospermeae","","dry",NA,NA,"",0.5,0.65,NA,NA,"insects","biotic","3–4.5 mm",NA,NA,NA,"2.4–3.2 mm","Myrtaceae","Kunzea","","Kunzea"
"Shirley Graham","Lythraceae","Lagerstroemia","indica","Lythraceae_Lagerstroemia","","","dry",8,72,"40",3,6,4,16,"insects","biotic","10 mm",NA,NA,NA,"10-12 mm","Lythraceae","Lagerstroemia","indica","Lagerstroemia"
"Olivier Maurin, Ian Turner","Combretaceae","Laguncularia","racemosa","Combretaceae_Laguncularia","Combretoideae","Laguncularieae","dry",1,1,"1",10,15,NA,NA,"insects","biotic","0,3; 0,5",NA,NA,NA,"3.5-6.5 mm","Combretaceae","Laguncularia","racemosa","Laguncularia"
"Peter Wilson","Myrtaceae","Lamarchea","hakeifolia","Myrtaceae_Lamarchea","Melaleuceae","","dry",6,9,"",2,3,NA,NA,"vertebrates","biotic","c. 7 mm",NA,NA,NA,"c. 5 mm","Myrtaceae","Lamarchea","hakeifolia","Lamarchea"
"Fabian Michelangeli","Melastomataceae","Lavoisiera","imbricata","Melastomataceae_Lavoisiera","Melastomatoideae","Microlicieae","dry",100,100,"100",1.4,1.7,NA,NA,"insects","biotic","8; 27",NA,NA,NA,"3; 5","Melastomataceae","Lavoisiera","imbricata","Lavoisiera"
"Shirley Graham","Lythraceae","Lawsonia","inermis","Lythraceae_Lawsonia","","","dry",30,50,"40",1.2,2.2,1.3,2,"insects","biotic","3.0 mm",NA,NA,NA,"1.5 mm","Lythraceae","Lawsonia","inermis","Lawsonia"
"Fabian Michelangeli","Melastomataceae","Leandra","subseriata","Melastomataceae_Leandra","Melastomatoideae","Miconieae","fleshy",100,100,"100",0.4,0.5,NA,NA,"insects","biotic","1.5; 2",NA,NA,NA,"1.3; 2","Melastomataceae","Leandra","subseriata","Leandra"
"Fabian Michelangeli","Melastomataceae","Leiostegia","vernicosa","Melastomataceae_Leiostegia","Melastomatoideae","Marcetieae","dry",100,100,"100",0.7,0.8,NA,NA,"insects","biotic","3.8; 4.2",NA,NA,NA,"4.5-5.5","Melastomataceae","Leiostegia","vernicosa","Leiostegia"
NA,NA,NA,NA,"Myrtaceae_Lenwebbia",NA,NA,NA,NA,NA,NA,NA,NA,NA,NA,NA,NA,NA,NA,NA,NA,NA,"Myrtaceae","Lenwebbia","prominens","Lenwebbia"
"Peter Wilson","Myrtaceae","Leptospermum","erubescens","Myrtaceae_Leptospermum","Leptospermeae","","dry",NA,NA,"",1,1.5,NA,NA,"insects","biotic","8–10 mm ",NA,NA,NA,"c. 2–4 mm ","Myrtaceae","Leptospermum","erubescens","Leptospermum"
"Fabian Michelangeli","Melastomataceae","Lijndenia","procteri","Melastomataceae_Lijndenia","Olisbeoideae","Olisbeoideae-OW",NA,NA,NA,NA,NA,NA,NA,NA,"insects","biotic","",NA,NA,NA,"","Melastomataceae","Lijndenia","procteri","Lijndenia"
"Peter Wilson","Myrtaceae","Lindsayomyrtus","racemoides","Myrtaceae_Lindsayomyrtus","Lindsayomyrteae","",NA,1,3,"",10,23,NA,NA,NA,NA,"22–28 mm",NA,NA,NA,"1–1.5 mm","Myrtaceae","Lindsayomyrtus","racemoides","Lindsayomyrtus"
"Darin Penneys","Melastomataceae","Lithobium","cordatum","Melastomataceae_Lithobium","Melastomatoideae","Lithobieae","dry",50,50,"50",0.2,0.3,NA,NA,"insects","biotic","7; 9; 8",NA,NA,NA,"","Melastomataceae","Lithobium","cordatum","Lithobium"
NA,NA,NA,NA,"Myrtaceae_Lithomyrtus",NA,NA,NA,NA,NA,NA,NA,NA,NA,NA,NA,NA,NA,NA,NA,NA,NA,"Myrtaceae","Lithomyrtus","grandifolia","Lithomyrtus"
"Peter Hoch","Onagraceae","Lopezia","hirsuta","Onagraceae_Lopezia","Subfam. Onagroideae","Tribe Lopeziaeae","dry",4,120,"62",0.6,2,NA,NA,"insects","biotic","4; 20; c. 10",4,20,12,"0; 20; most 0 or partial fusion","Onagraceae","Lopezia","hirsuta","Lopezia"
NA,NA,NA,NA,"Myrtaceae_Lophomyrtus",NA,NA,NA,NA,NA,NA,NA,NA,NA,NA,NA,NA,NA,NA,NA,NA,NA,"Myrtaceae","Lophomyrtus","bullata","Lophomyrtus"
"Peter Wilson","Myrtaceae","Lophostemon","suaveolens","Myrtaceae_Lophostemon","Lophostemoneae","","dry",NA,NA,"",1.5,2,NA,NA,"insects","biotic","7–9 mm",NA,NA,NA,"2.5 mm","Myrtaceae","Lophostemon","suaveolens","Lophostemon"
"Fabian Michelangeli","Melastomataceae","Loreya","subandina","Melastomataceae_Loreya","Melastomatoideae","Henrietteeae","fleshy",100,100,"100",0.85,1,NA,NA,"insects","biotic","13; 15",NA,NA,NA,"5; 6","Melastomataceae","Loreya","subandina","Loreya"
"Fabian Michelangeli","Melastomataceae","Loricalepis","duckei","Melastomataceae_Loricalepis","Melastomatoideae","Melastomateae","dry",NA,NA,NA,NA,NA,NA,NA,"insects","biotic","1.5; 1.7",NA,NA,NA,"5; 6","Melastomataceae","Loricalepis","duckei","Loricalepis"
"Shirley Graham","Lythraceae","Lourtella","resinosa","Lythraceae_Lourtella","","","dry",30,50,"40",0.8,1,0.5,0.7,NA,NA,"3.5 mm",NA,NA,NA,"3-3.5 mm","Lythraceae","Lourtella","resinosa","Lourtella"
"Peter Hoch","Onagraceae","Ludwigia","octovalvis","Onagraceae_Ludwigia","Subfam. Ludwigioideae","","dry",50,400,"225",0.5,1.5,NA,NA,"insects","biotic","2; 55; c. 20",2,55,28.5,"0 (no hypan.)","Onagraceae","Ludwigia","octovalvis","Ludwigia"
NA,NA,NA,NA,"Myrtaceae_Luma",NA,NA,NA,NA,NA,NA,NA,NA,NA,NA,NA,NA,NA,NA,NA,NA,NA,"Myrtaceae","Luma","apiculata","Luma"
"Olivier Maurin, Ian Turner","Combretaceae","Lumnitzera","racemosa","Combretaceae_Lumnitzera","Combretoideae","Laguncularieae","fleshy",1,1,"1",10,15,NA,NA,"insects","biotic","0,8; 1,0",NA,NA,NA,"6-7 mm","Combretaceae","Lumnitzera","racemosa","Lumnitzera"
"Peter Wilson","Myrtaceae","Lysicarpus","angustifolius","Myrtaceae_Lysicarpus","Kanieae","","dry",3,9,"",5.5,6,NA,NA,"insects","biotic","c. 10 mm",NA,NA,NA,"2.5–3 mm","Myrtaceae","Lysicarpus","angustifolius","Lysicarpus"
"Shirley Graham","Lythraceae","Lythrum","alatum","Lythraceae_Lythrum","","","dry",8,60,"34",0.4,0.8,0.3,0.7,"insects","biotic","0.5-2 mm",NA,NA,NA,"3-8 mm","Lythraceae","Lythrum","alatum","Lythrum"
"Fabian Michelangeli","Melastomataceae","Macairea","pachyphylla","Melastomataceae_Macairea","Melastomatoideae","Marcetieae","dry",100,100,"100",0.6,0.7,NA,NA,"insects","biotic","7; 8.5",NA,NA,NA,"1.5; 2","Melastomataceae","Macairea","pachyphylla","Macairea"
"Fabian Michelangeli","Melastomataceae","Macrocentrum","repens","Melastomataceae_Macrocentrum","Melastomatoideae","Merianieae","dry",100,100,"100",0.45,0.55,NA,NA,"insects","biotic","4.5",NA,NA,NA,"2","Melastomataceae","Macrocentrum","repens","Macrocentrum"
"Olivier Maurin, Ian Turner","Combretaceae","Macropteranthes","montana","Combretaceae_Macropteranthes","Combretoideae","Laguncularieae","dry",1,1,"1",6,10,NA,NA,"insects","biotic","0,5; 0,8",NA,NA,NA,"5-7 mm","Combretaceae","Macropteranthes","montana","Macropteranthes"
"Fabian Michelangeli","Melastomataceae","Maieta","poeppiggii","Melastomataceae_Maieta","Melastomatoideae","Miconieae","fleshy",100,100,"100",0.5,0.6,NA,NA,"insects","biotic","5; 8.5",NA,NA,NA,"5; 6","Melastomataceae","Maieta","poeppiggii","Maieta"
"Peter Wilson","Myrtaceae","Malleostemon","","Myrtaceae_Malleostemon","Chamelaucieae","Hysterobaeckeinae","dry",1,1,"",1.5,1.5,NA,NA,"insects","biotic","4–5 mm",NA,NA,NA,"2–2.5 mm","Myrtaceae","Malleostemon","","Malleostemon"
"Fabian Michelangeli","Melastomataceae","Marcetia","taxifolia","Melastomataceae_Marcetia","Melastomatoideae","Marcetieae","dry",100,100,"100",0.7,0.8,NA,NA,"insects","biotic","5; 7",NA,NA,NA,"2.5; 3","Melastomataceae","Marcetia","taxifolia","Marcetia"
"Fabian Michelangeli","Melastomataceae","Mecranium","haemanthum","Melastomataceae_Mecranium","Melastomatoideae","Miconieae","fleshy",100,100,"100",0.35,0.4,NA,NA,NA,NA,"2.9; 3.3",NA,NA,NA,"3.3","Melastomataceae","Mecranium","haemanthum","Mecranium"
"Darin Penneys","Melastomataceae","Medinilla","crassifolia","Melastomataceae_Medinilla","Melastomatoideae","Sonerileae","fleshy",100,100,"100",0.4,2,NA,NA,"insects","biotic","7; 53; 25",NA,NA,NA,"","Melastomataceae","Medinilla","crassifolia","Medinilla"
"Peter Wilson","Myrtaceae","Callistemon","comboynensis","Myrtaceae_Melaleuca","Melaleuceae","","dry",NA,NA,"",1,1.5,NA,NA,"vertebrates","biotic","8.5–10.5 mm",NA,NA,NA,"4–5 mm","Myrtaceae","Callistemon","comboynensis","Melaleuca"
"Darin Penneys","Melastomataceae","Melastoma","malabathricum","Melastomataceae_Melastoma","Melastomatoideae","Melastomeae-OW","dry",100,100,"100",0.9,0.9,0.9,0.9,"insects","biotic","13; 92; 50",NA,NA,NA,"","Melastomataceae","Melastoma","malabathricum","Melastoma"
"Darin Penneys","Melastomataceae","Melastomastrum","theifolium","Melastomataceae_Melastomastrum","Melastomatoideae","Melastomeae-OW","dry",100,100,"100",0.5,0.6,NA,NA,"insects","biotic","22; 55",NA,NA,NA,"","Melastomataceae","Melastomastrum","theifolium","Melastomastrum"
"Fabian Michelangeli","Melastomataceae","Memecylon","rheophyticum","Melastomataceae_Memecylon","Olisbeoideae","Olisbeoideae-OW","fleshy",1,1,"",NA,NA,NA,NA,"insects","biotic","2; 2.5",NA,NA,NA,"2.5; 3","Melastomataceae","Memecylon","rheophyticum","Memecylon"
"Fabian Michelangeli","Melastomataceae","Meriania","albiflora","Melastomataceae_Meriania","Melastomatoideae","Merianieae","dry",100,100,"100",1.2,1.4,NA,NA,NA,NA,"23.7; 24.7",NA,NA,NA,"4; 4.5","Melastomataceae","Meriania","albiflora","Meriania"
"Fabian Michelangeli","Melastomataceae","Merianthera","bullata","Melastomataceae_Merianthera","Melastomatoideae","Cambessedesieae","dry",100,100,"100",1,1.5,NA,NA,"insects","biotic","14; 25",NA,NA,NA,"7; 10","Melastomataceae","Merianthera","bullata","Merianthera"
"Peter Wilson","Myrtaceae","Metrosideros","tomentosa","Myrtaceae_Metrosideros","Metrosidereae","","dry",NA,NA,"",2,3,NA,NA,"insects, vertebrates","biotic","9–12 mm",NA,NA,NA,"5–6 mm (excluding sepals 2 mm)","Myrtaceae","Metrosideros","tomentosa","Metrosideros"
"Fabian Michelangeli","Melastomataceae","Miconia","albicans","Melastomataceae_Miconia","Melastomatoideae","Miconieae","fleshy",100,100,"100",0.8,0.9,NA,NA,"insects","biotic","2.5; 3",NA,NA,NA,"2","Melastomataceae","Miconia","albicans","Miconia"
"Fabian Michelangeli","Melastomataceae","Microlepis","oleaefolia","Melastomataceae_Microlepis","Melastomatoideae","Microlicieae","dry",100,100,"100",0.4,0.6,NA,NA,"insects","biotic","6; 14",NA,NA,NA,"3; 6.5","Melastomataceae","Microlepis","oleaefolia","Microlepis"
"Fabian Michelangeli","Melastomataceae","Microlicia","cordata","Melastomataceae_Microlicia","Melastomatoideae","Microlicieae","dry",100,100,"100",0.4,0.8,NA,NA,"insects","biotic","3.5; 4.5",NA,NA,NA,"2.5","Melastomataceae","Microlicia","cordata","Microlicia"
"Peter Wilson","Myrtaceae","Micromyrtus","obovata","Myrtaceae_Micromyrtus","Chamelaucieae","Micromyrtinae","dry",1,1,"",1.2,1.2,NA,NA,NA,NA,"4–5 mm",NA,NA,NA,"1.2–1.5 mm","Myrtaceae","Micromyrtus","obovata","Micromyrtus"
"Peter Wilson","Myrtaceae","Mitrantia","bilocularis","Myrtaceae_Mitrantia","Kanieae","","dry",1,2,"",6,8,NA,NA,NA,NA," to 2.5 mm",NA,NA,NA,"1.5–2.5 mm (excluding sepals 1.5 mm) [short hypanthium = male flower]","Myrtaceae","Mitrantia","bilocularis","Mitrantia"
"Fabian Michelangeli","Melastomataceae","Monochaetum","lineatum","Melastomataceae_Monochaetum","Melastomatoideae","Melastomateae","dry",100,100,"100",0.4,0.45,NA,NA,"insects","biotic","8.5; 11",NA,NA,NA,"4.5; 6","Melastomataceae","Monochaetum","lineatum","Monochaetum"
"Fabian Michelangeli","Melastomataceae","Monolena","primuliflora","Melastomataceae_Monolena","Melastomatoideae","Trioleneae","dry",100,100,"100",0.9,0.9,0.9,0.9,"insects","biotic","15; 24",NA,NA,NA,"2.5; 4","Melastomataceae","Monolena","primuliflora","Monolena"
"Fabian Michelangeli","Melastomataceae","Mouriri","gleasoniana","Melastomataceae_Mouriri","Olisbeoideae","Olisbeoideae-NW","fleshy",1,5,"3",8,9,NA,NA,"insects","biotic","3.5; 5.7",NA,NA,NA,"3.5; 5","Melastomataceae","Mouriri","gleasoniana","Mouriri"
NA,NA,NA,NA,"Myrtaceae_Myrceugenia",NA,NA,NA,NA,NA,NA,NA,NA,NA,NA,NA,NA,NA,NA,NA,NA,NA,"Myrtaceae","Myrceugenia","alpigena","Myrceugenia"
NA,NA,NA,NA,"Myrtaceae_Myrcia",NA,NA,NA,NA,NA,NA,NA,NA,NA,NA,NA,NA,NA,NA,NA,NA,NA,"Myrtaceae","Myrcia","tomentosa","Myrcia"
NA,NA,NA,NA,"Myrtaceae_Myrcianthes",NA,NA,NA,NA,NA,NA,NA,NA,NA,NA,NA,NA,NA,NA,NA,NA,NA,"Myrtaceae","Myrcianthes","fragrans","Myrcianthes"
"Thiago Flores","Myrtaceae","Myrciaria","disticha","Myrtaceae_Myrciaria","Myrteae","Pliniinae","Fleshy",1,2,"1.5",3,15,2,10,"insects","biotic","Tetramery",NA,NA,NA,"0,5-3,5 mm;  prevalent 1,5-2,5 mm","Myrtaceae","Myrciaria","disticha","Myrciaria"
"Fabian Michelangeli","Melastomataceae","Myriaspora","egensis","Melastomataceae_Myriaspora","Melastomatoideae","Henrietteeae","fleshy",100,100,"100",0.4,0.5,NA,NA,"insects","biotic","8; 12",NA,NA,NA,"7","Melastomataceae","Myriaspora","egensis","Myriaspora"
NA,NA,NA,NA,"Myrtaceae_Myrrhinium",NA,NA,NA,NA,NA,NA,NA,NA,NA,NA,NA,NA,NA,NA,NA,NA,NA,"Myrtaceae","Myrrhinium","atropurpureum","Myrrhinium"
NA,NA,NA,NA,"Myrtaceae_Myrtastrum",NA,NA,NA,NA,NA,NA,NA,NA,NA,NA,NA,NA,NA,NA,NA,NA,NA,"Myrtaceae","Myrtastrum","rufopunctatum","Myrtastrum"
NA,NA,NA,NA,"Myrtaceae_Myrtella",NA,NA,NA,NA,NA,NA,NA,NA,NA,NA,NA,NA,NA,NA,NA,NA,NA,"Myrtaceae","Myrtella","beccarii","Myrtella"
NA,NA,NA,NA,"Myrtaceae_Myrteola",NA,NA,NA,NA,NA,NA,NA,NA,NA,NA,NA,NA,NA,NA,NA,NA,NA,"Myrtaceae","Myrteola","nummularia","Myrteola"
"Karinne Valdemarin","Myrtaceae","Myrtus","communis","Myrtaceae_Myrtus","Myrteae","Myrtinae","fleshy",10,12,"11",2,4,NA,NA,"insects","biotic","?",NA,NA,NA,"absent","Myrtaceae","Myrtus","communis","Myrtus"
"Fabian Michelangeli","Melastomataceae","Necranium","gigantophyllum","Melastomataceae_Necramium","Melastomatoideae","Miconieae","fleshy",100,100,"100",0.5,0.62,NA,NA,"insects","biotic","2.3; 2.5",NA,NA,NA,"2","Melastomataceae","Necranium","gigantophyllum","Necramium"
"Peter Wilson","Myrtaceae","Neofabricia","myrtifolia","Myrtaceae_Neofabricia","Leptospermeae","","dry",8,12,"",2,2.5,NA,NA,"insects","biotic","22–28 mm",NA,NA,NA,"4–5 mm","Myrtaceae","Neofabricia","myrtifolia","Neofabricia"
"Peter Hoch","Onagraceae","Neoholmgrenia","andina","Onagraceae_Neoholmgrenia","Subfam. Onagroideae","Tribe Onagreae","dry",32,80,"56",0.7,1.3,NA,NA,"insects","biotic","2; 10; 7",2,10,6,"1.5-2/ 0.8-2 (only 2 sp.)","Onagraceae","Neoholmgrenia","andina","Neoholmgrenia"
"Aline Stadnik","Myrtaceae","Neomitranthes","cordifolia","Myrtaceae_Neomitranthes","Myrteae","Siphoneugena","fleshy",1,4,"2.5",NA,NA,NA,NA,"insects","biotic","0.5 - 2,5 mm",0.5,2.5,1.5,"1 - 4,5 mm","Myrtaceae","Neomitranthes","cordifolia","Neomitranthes"
"Fabian Michelangeli","Melastomataceae","Nepsera","aquatica","Melastomataceae_Nepsera","Melastomatoideae","Marcetieae","dry",100,100,"100",0.8,0.9,NA,NA,"insects","biotic","4.5; 7",NA,NA,NA,"1.8; 2","Melastomataceae","Nepsera","aquatica","Nepsera"
"Fabian Michelangeli","Melastomataceae","Noterophila","bivalvis","Melastomataceae_Noterophila","Melastomatoideae","Marcetieae","dry",100,100,"100",0.5,0.75,NA,NA,"insects","biotic","6; 12",NA,NA,NA,"2.5; 4","Melastomataceae","Noterophila","bivalvis","Noterophila"
"Peter Wilson","Myrtaceae","Ochrosperma","lineare","Myrtaceae_Ochrosperma","Chamelaucieae","Ochrospermatinae","dry",3,3,"",1.3,1.3,NA,NA,"insects","biotic","c. 2.5 mm",NA,NA,NA,"1–1.5 mm","Myrtaceae","Ochrosperma","lineare","Ochrosperma"
"Fabian Michelangeli","Melastomataceae","Ochthephilus","repentinus","Melastomataceae_Ochthephilus","Melastomatoideae","Eriocnemeae","dry",NA,NA,NA,NA,NA,NA,NA,"insects","biotic","18.5; 19.5",NA,NA,NA,"4.5","Melastomataceae","Ochthephilus","repentinus","Ochthephilus"
NA,NA,NA,NA,"Myrtaceae_Octamyrtus",NA,NA,NA,NA,NA,NA,NA,NA,NA,NA,NA,NA,NA,NA,NA,NA,NA,"Myrtaceae","Octamyrtus","pleiopetala","Octamyrtus"
"Peter Hoch","Onagraceae","Oenothera","glazioviana","Onagraceae_Oenothera","Subfam. Onagroideae","Tribe Onagreae","dry",1,200,"100.5",0.5,8,NA,NA,"insects","biotic","3; 120; c. 40",3,120,61.5,"1; 265; ?c. 50","Onagraceae","Oenothera","glazioviana","Oenothera"
"Fabian Michelangeli","Penaeaceae","Olinia","","Penaeaceae_Olinia","","","fleshy",1,1,"1",NA,NA,NA,NA,NA,NA,"",NA,NA,NA,"","Penaeaceae","Olinia","","Olinia"
"Fabian Michelangeli","Melastomataceae","Opisthocentra","clidemioides","Melastomataceae_Opisthocentra","Melastomatoideae","Sonerileae","dry",100,100,"100",0.5,0.7,NA,NA,"insects","biotic","7; 9",NA,NA,NA,"8; 9","Melastomataceae","Opisthocentra","clidemioides","Opisthocentra"
"Darin Penneys","Melastomataceae","Osbeckia","stellata","Melastomataceae_Osbeckia","Melastomatoideae","Melastomeae-OW","dry",100,100,"100",0.35,0.9,NA,NA,"insects","biotic","11; 65; 40",NA,NA,NA,"","Melastomataceae","Osbeckia","stellata","Osbeckia"
"Fabian Michelangeli","Melastomataceae","Ossaea","amygdaloides","Melastomataceae_Ossaea","Melastomatoideae","Miconieae","fleshy",100,100,"100",0.8,1.2,NA,NA,"insects","biotic","2.5; 5",NA,NA,NA,"4.5; 7","Melastomataceae","Ossaea","amygdaloides","Ossaea"
"Peter Wilson","Myrtaceae","Oxymyrrhine","gracilis","Myrtaceae_Oxymyrrhine","Chamelaucieae","Hysterobaeckeinae","dry",NA,NA,"",0.6,0.8,NA,NA,"insects","biotic","6–10 mm",NA,NA,NA,"1.6–2.5 mm long","Myrtaceae","Oxymyrrhine","gracilis","Oxymyrrhine"
"Darin Penneys","Melastomataceae","Oxyspora","cordata","Melastomataceae_Oxyspora","Melastomatoideae","Sonerileae","dry",100,100,"100",0.7,1,NA,NA,"insects","biotic","3; 25; 9",NA,NA,NA,"","Melastomataceae","Oxyspora","cordata","Oxyspora"
"Fabian Michelangeli","Melastomataceae","Pachyanthus","moensis","Melastomataceae_Pachyanthus","Melastomatoideae","Miconieae","fleshy",20,24,"22",1.8,2,NA,NA,"insects","biotic","3; 4.5",NA,NA,NA,"2.5","Melastomataceae","Pachyanthus","moensis","Pachyanthus"
"Fabian Michelangeli","Melastomataceae","Pachyloma","huberioides","Melastomataceae_Pachyloma","Melastomatoideae","Rhexieae","dry",100,100,"100",0.9,1,NA,NA,"insects","biotic","15; 20",NA,NA,NA,"6; 12","Melastomataceae","Pachyloma","huberioides","Pachyloma"
"Shirley Graham","Lythraceae","Pehria","compacta","Lythraceae_Pehria","","","dry",50,50,"50",0.7,0.9,0.3,0.5,NA,NA,"5.0-6.0 mm",NA,NA,NA,"6.5-7.5 mm","Lythraceae","Pehria","compacta","Pehria"
"Shirley Graham","Lythraceae","Pemphis","acidula","Lythraceae_Pemphis","","","dry",15,20,"17.5",2.5,3,1.7,2,"vertebrates","biotic","7.0-7.5 mm",NA,NA,NA,"5-6 mm","Lythraceae","Pemphis","acidula","Pemphis"
"Fabian Michelangeli","Penaeaceae","Penaea","mucronata","Penaeaceae_Penaea","","","dry",NA,NA,NA,2,2.2,NA,NA,NA,NA,"n/a",NA,NA,NA,"5; 7","Penaeaceae","Penaea","mucronata","Penaea"
"Peter Wilson","Myrtaceae","Pericalymma","spongiocaule","Myrtaceae_Pericalymma","Leptospermeae","","dry",3,3,"",1.2,2,NA,NA,"insects","biotic","8–13 mm ",NA,NA,NA,"3–4 mm (excle. Sepals 1–2.5 mm)","Myrtaceae","Pericalymma","spongiocaule","Pericalymma"
"Fabian Michelangeli","Melastomataceae","Phainantha","laxiflora","Melastomataceae_Phainantha","Melastomatoideae","Sonerileae","dry",100,100,"100",2,2,2,2,"insects","biotic","6; 7",NA,NA,NA,"6","Melastomataceae","Phainantha","laxiflora","Phainantha"
"Darin Penneys","Melastomataceae","Phyllagathis","elliptica","Melastomataceae_Phyllagathis","Melastomatoideae","Sonerileae","dry",100,100,"100",0.3,2,NA,NA,"insects","biotic","3; 39; 20",NA,NA,NA,"","Melastomataceae","Phyllagathis","elliptica","Phyllagathis"
"Shirley Graham","Lythraceae","Physocalymma","scaberrimum","Lythraceae_Physocalymma","","","dry",50,50,"50",3.2,4.2,2.7,4,NA,NA,"11-15 mm",NA,NA,NA,"10-13 mm","Lythraceae","Physocalymma","scaberrimum","Physocalymma"
"Peter Wilson","Myrtaceae","Pileanthus","limacis","Myrtaceae_Pileanthus","Chamelaucieae","Chamelauciinae","dry",1,1,"",NA,2,NA,NA,"insects","biotic","10–12 mm",NA,NA,NA,"4.5–5 mm","Myrtaceae","Pileanthus","limacis","Pileanthus"
NA,NA,NA,NA,"Myrtaceae_Pilidiostigma",NA,NA,NA,NA,NA,NA,NA,NA,NA,NA,NA,NA,NA,NA,NA,NA,NA,"Myrtaceae","Pilidiostigma","tropicum","Pilidiostigma"
"Fabian Michelangeli","Melastomataceae","Pilocosta","oerstedii","Melastomataceae_Pilocosta","Melastomatoideae","Melastomateae","dry",100,100,"100",0.5,0.5,0.5,0.5,"insects","biotic","7; 12",NA,NA,NA,"4.5; 6","Melastomataceae","Pilocosta","oerstedii","Pilocosta"
"Karinne Valdemarin","Myrtaceae","Pimenta","pseudocaryophyllus","Myrtaceae_Pseudocaryophyllus","Myrteae","Pimentinae","fleshy",1,3,"2",4,8,NA,NA,"insects","biotic","?",NA,NA,NA,"absent","Myrtaceae","Pimenta","pseudocaryophyllus","Pseudocaryophyllus"
"Fabian Michelangeli","Melastomataceae","Pleiochiton","blepharodes","Melastomataceae_Pleiochiton","Melastomatoideae","Miconieae","fleshy",150,150,"150",0.6,0.9,NA,NA,"insects","biotic","4; 8",NA,NA,NA,"2.7; 4.5","Melastomataceae","Pleiochiton","blepharodes","Pleiochiton"
"Fabian Michelangeli","Melastomataceae","Pleroma","angustifolium","Melastomataceae_Pleroma","Melastomatoideae","Melastomateae","dry",100,100,"100",0.6,0.9,NA,NA,"insects","biotic","1.5; 2",NA,NA,NA,"4.5","Melastomataceae","Pleroma","angustifolium","Pleroma"
"Darin Penneys","Melastomataceae","Plethiandra","hookeri","Melastomataceae_Plethiandra","Melastomatoideae","Sonerileae","dry",100,100,"100",0.5,1,NA,NA,"insects","biotic","9; 23; 13",NA,NA,NA,"","Melastomataceae","Plethiandra","hookeri","Plethiandra"
"Peter Wilson","Myrtaceae","Pleurocalyptus","pancheri","Myrtaceae_Pleurocalyptus","Xanthostemoneae","","dry",NA,NA,"",4,5,NA,NA,NA,NA,"30–45 mm",NA,NA,NA,"11–15 mm","Myrtaceae","Pleurocalyptus","pancheri","Pleurocalyptus"
"Shirley Graham","Lythraceae","Pleurophora","anomala","Lythraceae_Pleurophora","","","dry",3,100,"51.5",0.6,1,0.4,0.5,"insects","biotic","2-4 mm",NA,NA,NA,"4-16 mm","Lythraceae","Pleurophora","anomala","Pleurophora"
"Aline Stadnik","Myrtaceae","Plinia","silvestris","Myrtaceae_Plinia","Myrteae","Myrciariopsis","fleshy",1,2,"1.5",NA,NA,NA,NA,"insects","biotic","0.8 - 4 mm ",0.8,4,2.4,"1.0 - 2.5 mm","Myrtaceae","Plinia","silvestris","Plinia"
"Fabian Michelangeli","Melastomataceae","Poteranthera","pussila","Melastomataceae_Potheranthera","Melastomatoideae","Microlicieae","dry",50,50,"50",0.8,0.8,0.8,0.8,"insects","biotic","3",NA,NA,NA,"1","Melastomataceae","Poteranthera","pussila","Potheranthera"
NA,NA,NA,NA,"Myrtaceae_Pseudanamomis",NA,NA,NA,NA,NA,NA,NA,NA,NA,NA,NA,NA,NA,NA,NA,NA,NA,"Myrtaceae","Pseudanamomis","umbellulifera","Pseudanamomis"
"Fabian Michelangeli","Melastomataceae","Pseudoernestia","glandulosa","Melastomataceae_Pseudoernestia","Melastomatoideae","Marcetieae","dry",50,50,"50",0.8,0.8,0.8,0.8,"insects","biotic","5; 8",NA,NA,NA,"2.7; 3.3","Melastomataceae","Pseudoernestia","glandulosa","Pseudoernestia"
"Carolyn Proença","Myrtaceae","Psidium","","Myrtaceae_Psidium","Myrteae","Pimentinae","fleshy",3,250,"126.5",2,9.5,NA,NA,"insects","biotic","10mm; 40mm",10,40,25,"0; 1mm","Myrtaceae","Psidium","","Psidium"
"Peter Wilson","Myrtaceae","Psiloxylon","mauritianum","Myrtaceae_Psiloxylon","Psiloxyleae","","fleshy",NA,NA,"",0.6,0.8,NA,NA,"insects","biotic","4.5–5 mm",NA,NA,NA,"2–3 mm ","Myrtaceae","Psiloxylon","mauritianum","Psiloxylon"
"Darin Penneys","Melastomataceae","Pternandra","azurea","Melastomataceae_Pternandra","Melastomatoideae (unless data prove Olisbeoideae)","Pternandreae","fleshy",100,100,"100",0.5,1.25,NA,NA,"insects","biotic","4; 28; 15",NA,NA,NA,"","Melastomataceae","Pternandra","azurea","Pternandra"
"Fabian Michelangeli","Melastomataceae","Pterogastra","divaricata","Melastomataceae_Pterogastra","Melastomatoideae","Melastomateae","dry",100,100,"100",0.8,0.9,NA,NA,"insects","biotic","12; 15",NA,NA,NA,"7; 8","Melastomataceae","Pterogastra","divaricata","Pterogastra"
"Fabian Michelangeli","Melastomataceae","Pterolepis","glomerata","Melastomataceae_Pterolepis","Melastomatoideae","Melastomateae","dry",100,100,"100",0.4,0.5,NA,NA,"insects","biotic","10; 12",NA,NA,NA,"3.5; 5","Melastomataceae","Pterolepis","glomerata","Pterolepis"
"Shirley Graham","Lythraceae","Punica","protopunica","Lythraceae_Punica","","","fleshy",100,1000,"550",4,4.6,1.8,2,"insects, vertebrates","biotic","ca. 2.0 cm",NA,NA,NA,"ca. 2.0 cm, in P. granatum 2-3 cm","Lythraceae","Punica","protopunica","Punica"
"Peter Wilson","Myrtaceae","Purpureostemon","ciliatum","Myrtaceae_Purpureostemon","Xanthostemoneae","","dry",NA,NA,"",4.5,6,NA,NA,"vertebrates","biotic","12–18 mm ",NA,NA,NA,"2.5–3 mm (excl. sepals 4–5 mm)","Myrtaceae","Purpureostemon","ciliatum","Purpureostemon"
"Gustavo Shimizu & Deise Gonçalves","Vochysiaceae","Qualea","parviflora","Vochysiaceae_Qualea","","","Dry",3,30,"16.5",10,45,5,15,"insects","biotic","0.9-7 cm long",9,70,39.5,"not measured","Vochysiaceae","Qualea","parviflora","Qualea"
"Fabian Michelangeli","Melastomataceae","Quipuanthus","epipetricus","Melastomataceae_Quipuanthus","Melastomatoideae","Cyphostyleae","dry",100,100,"100",0.6,1.2,NA,NA,"insects","biotic","14; 17",NA,NA,NA,"5.8; 8.1","Melastomataceae","Quipuanthus","epipetricus","Quipuanthus"
"Fabian Michelangeli","Melastomataceae","Rhexia","virginica","Melastomataceae_Rhexia","Melastomatoideae","Rhexieae","dry",100,100,"100",0.6,0.7,NA,NA,"insects","biotic","10; 18",NA,NA,NA,"6; 7","Melastomataceae","Rhexia","virginica","Rhexia"
NA,NA,NA,NA,"Myrtaceae_Rhodamnia",NA,NA,NA,NA,NA,NA,NA,NA,NA,NA,NA,NA,NA,NA,NA,NA,NA,"Myrtaceae","Rhodamnia","cinerea","Rhodamnia"
NA,NA,NA,NA,"Myrtaceae_Rhodomyrtus",NA,NA,NA,NA,NA,NA,NA,NA,NA,NA,NA,NA,NA,NA,NA,NA,NA,"Myrtaceae","Rhodomyrtus","tomentosus","Rhodomyrtus"
"Fabian Michelangeli","Melastomataceae","Rhynchanthera","grandiflora","Melastomataceae_Rhynchanthera","Melastomatoideae","Microlicieae","dry",100,100,"100",0.5,0.65,NA,NA,"insects","biotic","15; 25",NA,NA,NA,"5; 6","Melastomataceae","Rhynchanthera","grandiflora","Rhynchanthera"
"Fabian Michelangeli","Penaeaceae","Rhynchocalyx","lawsonioides","Penaeaceae_Rhynchocalyx","","","dry",NA,NA,NA,NA,NA,NA,NA,NA,NA,"n/a",NA,NA,NA,"","Penaeaceae","Rhynchocalyx","lawsonioides","Rhynchocalyx"
"Peter Wilson","Myrtaceae","Rinzia","carnosa","Myrtaceae_Rinzia","Chamelaucieae","Rinziinae","dry",1,3,"",1.4,1.5,NA,NA,"insects","biotic","5.5–7.5 mm",NA,NA,NA,"1–1.25 mm","Myrtaceae","Rinzia","carnosa","Rinzia"
"Peter Wilson","Myrtaceae","Ristantia","gouldii","Myrtaceae_Ristantia","Kanieae","","dry",1,3,"",5,7,NA,NA,NA,NA,"c. 6 mm",NA,NA,NA,"c. 2.5 mm (excluding sepals 1.5 mm long)","Myrtaceae","Ristantia","gouldii","Ristantia"
"Shirley Graham","Lythraceae","Rotala","ramosior","Lythraceae_Rotala","","","dry",30,300,"165",0.3,0.7,0.2,0.4,"insects","biotic","2.5 mm",NA,NA,NA,"3.3-4.5 mm","Lythraceae","Rotala","ramosior","Rotala"
"Darin Penneys","Melastomataceae","Rousseauxia","madagascariensis","Melastomataceae_Rousseauxia","Melastomatoideae","Melastomeae-OW","dry",100,100,"100",0.4,1,NA,NA,"insects","biotic","32; 40; 35",NA,NA,NA,"","Melastomataceae","Rousseauxia","madagascariensis","Rousseauxia"
"Fabian Michelangeli","Melastomataceae","Rupestrea","johnwurdackiana","Melastomataceae_Rupestrea","Melastomatoideae","UNPLACED","dry",3,4,"7.5",3,3.5,NA,NA,"insects","biotic","5.7; 7.7",NA,NA,NA,"2.5; 3","Melastomataceae","Rupestrea","johnwurdackiana","Rupestrea"
"Fabian Michelangeli","Melastomataceae","Salpinga","peruviana","Melastomataceae_Salpinga","Melastomatoideae","Merianieae","dry",50,50,"50",0.7,0.9,NA,NA,"insects","biotic","15; 17",NA,NA,NA,"7","Melastomataceae","Salpinga","peruviana","Salpinga"
"Gustavo Shimizu & Deise Gonçalves","Vochysiaceae","Salvertia","convallariodora","Vochysiaceae_Salvertia","","","Dry",3,3,"3",4,4,10,12,"insects","biotic","1.9-2.6 cm long",19,26,22.5,"not measured","Vochysiaceae","Salvertia","convallariodora","Salvertia"
"Fabian Michelangeli","Melastomataceae","Sandemania","hoehnei","Melastomataceae_Sandemania","Melastomatoideae","Marcetieae","dry",100,100,"100",0.8,0.9,NA,NA,"insects","biotic","3; 5",NA,NA,NA,"2.2; 3","Melastomataceae","Sandemania","hoehnei","Sandemania"
"Peter Wilson","Myrtaceae","Sannantha","crassa","Myrtaceae_Sannantha","Chamelaucieae","Hysterobaeckeinae","dry",NA,NA,"",0.6,0.6,NA,NA,"insects","biotic","to 7 mm",NA,NA,NA,"2–2.5 mm","Myrtaceae","Sannantha","crassa","Sannantha"
"Darin Penneys","Melastomataceae","Sarcopyramis","napalensis","Melastomataceae_Sarcopyramis","Melastomatoideae","Sonerileae","dry",100,100,"100",0.6,1,NA,NA,"insects","biotic","10; 27; 18",NA,NA,NA,"","Melastomataceae","Sarcopyramis","napalensis","Sarcopyramis"
"Peter Wilson","Myrtaceae","Scholtzia","uberiflora","Myrtaceae_Scholtzia","Chamelaucieae","Hysterobaeckeinae","dry",1,1,"",0.8,1.9,NA,NA,"insects","biotic","5–6.5 mm ",NA,NA,NA,"1–1.5 mm","Myrtaceae","Scholtzia","uberiflora","Scholtzia"
"Fabian Michelangeli","Melastomataceae","Schwackaea","cupheoides","Melastomataceae_Schwackaea","Melastomatoideae","Melastomateae","dry",50,50,"50",0.5,0.6,NA,NA,"insects","biotic","5; 7",NA,NA,NA,"7; 8","Melastomataceae","Schwackaea","cupheoides","Schwackaea"
"Peter Wilson","Myrtaceae","Seorsus","clavifolius","Myrtaceae_Seorsus","Chamelaucieae","Astarteinae","dry",5,12,"",1.2,1.4,NA,NA,"insects","biotic","9–12 mm",NA,NA,NA,"1.8–2.5 mm","Myrtaceae","Seorsus","clavifolius","Seorsus"
"Fabian Michelangeli","Melastomataceae","Siphanthera","hostmanii","Melastomataceae_Siphanthera","Melastomatoideae","Marcetieae","dry",100,100,"100",0.45,0.5,NA,NA,"insects","biotic","1.5; 2",NA,NA,NA,"2; 3","Melastomataceae","Siphanthera","hostmanii","Siphanthera"
"Carolyn Proença","Myrtaceae","Siphoneugena","guifoyleana","Myrtaceae_Siphoneugena","Myrteae","Pliniinae","fleshy",1,4,"2.5",7,7,NA,NA,"insects","biotic","3mm; 7mm; 5mm",3,7,5,"1.5; 4mm; 2-3mm","Myrtaceae","Siphoneugena","guifoyleana","Siphoneugena"
"Fabian Michelangeli","Penaeaceae","Sonderothamnus","petraeus","Penaeaceae_Sonderothamnus","","","dry",NA,NA,NA,NA,NA,NA,NA,NA,NA,"n/a",NA,NA,NA,"7; 8","Penaeaceae","Sonderothamnus","petraeus","Sonderothamnus"
"Darin Penneys","Melastomataceae","Sonerila","plagiocardia","Melastomataceae_Sonerila","Melastomatoideae","Sonerileae","dry",50,50,"50",0.4,0.8,NA,NA,"insects","biotic","7; 36; 17",NA,NA,NA,"","Melastomataceae","Sonerila","plagiocardia","Sonerila"
"Shirley Graham","Lythraceae","Sonneratia","","Lythraceae_Sonneratia","","","fleshy",100,1000,"550",5,12,4,10,"vertebrates","biotic","1.5-3.0 cm",NA,NA,NA,"1.5-3.0 cm","Lythraceae","Sonneratia","","Sonneratia"
"Darin Penneys","Melastomataceae","Spathandra","blakeoides","Melastomataceae_Spathandra","Olisbeoideae ","Olisbeoideae","fleshy",1,2,"1.5",2,3,NA,NA,"insects","biotic","5",NA,NA,NA,"","Melastomataceae","Spathandra","blakeoides","Spathandra"
"Peter Wilson","Myrtaceae","Sphaerantia","discolor","Myrtaceae_Sphaerantia","Kanieae","","dry",1,3,"",5,6,NA,NA,NA,NA,"10–12 mm",NA,NA,NA,"c. 4 mm (excluding sepals 1.5–2.5 mm long)","Myrtaceae","Sphaerantia","discolor","Sphaerantia"
"Fabian Michelangeli","Melastomataceae","Stenodon","suberosus","Melastomataceae_Stenodon","Melastomatoideae","Microlicieae","dry",100,100,"100",0.6,0.8,NA,NA,"insects","biotic","20; 30",NA,NA,NA,"6; 7","Melastomataceae","Stenodon","suberosus","Stenodon"
"Peter Wilson","Myrtaceae","Stenostegia","congesta","Myrtaceae_Stenostegia","Chamelaucieae","Stenostegiinae","dry",6,9,"",0.6,0.6,NA,NA,"insects","biotic","5 mm",NA,NA,NA,"1.8–2 mm","Myrtaceae","Stenostegia","congesta","Stenostegia"
"Andrew Thornhill","Myrtaceae","Stockwellia","quadrifida","Myrtaceae_Stockwellia","Eucalypteae","Mesicalypt (as per Thornhill et al. 2019)","Dry",NA,NA,NA,8,11,5,6,"insects","biotic","4",NA,NA,NA,"","Myrtaceae","Stockwellia","quadrifida","Stockwellia"
"Olivier Maurin, Ian Turner","Combretaceae","Strephonema","mannii","Combretaceae_Strephonema","Strephonematoideae","","fleshy",1,1,"1",50,70,NA,NA,"insects","biotic","0,4; 0,8",NA,NA,NA,"3 mm","Combretaceae","Strephonema","mannii","Strephonema"
"Fabian Michelangeli","Penaeaceae","Stylapterus","micranthus","Penaeaceae_Stylapterus","","",NA,NA,NA,NA,NA,NA,NA,NA,"","","",NA,NA,NA,"","Penaeaceae","Stylapterus","micranthus","Stylapterus"
"Darin Penneys","Melastomataceae","Styrophyton","caudatum","Melastomataceae_Styrophyton","Melastomatoideae","Sonerileae","dry",100,100,"100",0.6,0.7,NA,NA,"insects","biotic","3; 3; 3",NA,NA,NA,"","Melastomataceae","Styrophyton","caudatum","Styrophyton"
"Fabian Michelangeli","Melastomataceae","Svitramia","wurdackiana","Melastomataceae_Svitramia","Melastomatoideae","Melastomateae","dry",100,100,"100",0.6,0.6,0.6,0.6,"insects","biotic","13; 16",NA,NA,NA,"4; 5","Melastomataceae","Svitramia","wurdackiana","Svitramia"
"Peter Wilson","Myrtaceae","Syncarpia","glomulifera","Myrtaceae_Syncarpia","Syncarpieae","","dry",NA,NA,"",1.5,3,NA,NA,"insects, vertebrates","biotic","9–12 mm",NA,NA,NA,"2–2.5 mm","Myrtaceae","Syncarpia","glomulifera","Syncarpia"
"Yee Wen Low","Myrtaceae","Syzygium","acuminatissimum","Myrtaceae_Syzygium","Syzygieae","subgenus Acmena, sect. Acmena","Fleshy",1,1,"1",NA,10,NA,NA,"Insects","biotic","4; 5",NA,NA,NA,"10mm; 15mm","Myrtaceae","Syzygium","acuminatissimum","Syzygium"
"Peter Wilson","Myrtaceae","Taxandria","","Myrtaceae_Taxandria","Leptospermeae","","dry",3,3,"",1,1,NA,NA,"insects","biotic","3.5–6",NA,NA,NA,"0.7–2 mm ","Myrtaceae","Taxandria","","Taxandria"
"Olivier Maurin, Ian Turner","Combretaceae","Terminalia","ankaranensis","Combretaceae_Terminalia","Combretoideae","Combreteae / Terminaliinae","dry",1,1,"1",5,40,NA,NA,"insects","biotic","absent",NA,NA,NA,"2.5 mm","Combretaceae","Terminalia","ankaranensis","Terminalia"
"Fabian Michelangeli","Melastomataceae","Tessmannianthus","quadridomius","Melastomataceae_Tessmannianthus","Melastomatoideae","Astronieae","dry",NA,NA,NA,NA,NA,NA,NA,NA,NA,"10.5",NA,NA,NA,"8.5","Melastomataceae","Tessmannianthus","quadridomius","Tessmannianthus"
"Peter Wilson","Myrtaceae","Tetrapora","preissiana","Myrtaceae_Tetrapora","Chamelaucieae","Hysterobaeckeinae","dry",NA,NA,"",0.4,1.1,NA,NA,"insects","biotic","5.5–6.5 mm ",NA,NA,NA,"0.7–1 mm ","Myrtaceae","Tetrapora","preissiana","Tetrapora"
"Peter Hoch","Onagraceae","Tetrapteron","palmeri","Onagraceae_Tetrapteron","Subfam. Onagroideae","Tribe Onagreae","dry",8,36,"22",1.2,2,NA,NA,"insects","biotic","4; 30; c. 12",4,30,17,"0.8-1.3/ 1.6-3.2 (2 spp.)","Onagraceae","Tetrapteron","palmeri","Tetrapteron"
"Shirley Graham","Lythraceae","Tetrataxis","salicifolia","Lythraceae_Tetrataxis","","","dry",50,50,"50",0.9,1.2,0.2,0.5,NA,NA,"12mm",NA,NA,NA,"13-15 mm; 15 mm","Lythraceae","Tetrataxis","salicifolia","Tetrataxis"
"Fabian Michelangeli","Melastomataceae","Tetrazygia","urceolata","Melastomataceae_Tetrazygia","Melastomatoideae","Miconieae","fleshy",NA,NA,NA,NA,NA,NA,NA,"insects","biotic","5",NA,NA,NA,"4.5","Melastomataceae","Tetrazygia","urceolata","Tetrazygia"
"Peter Wilson","Myrtaceae","Thaleropia","hypargyrea","Myrtaceae_Thaleropia","Tristanieae","","dry",NA,NA,"",1,1,NA,NA,"vertebrates","biotic","9–10 mm ",NA,NA,NA,"3–3.5 mm ","Myrtaceae","Thaleropia","hypargyrea","Thaleropia"
"Peter Wilson","Myrtaceae","Thryptomene","australis","Myrtaceae_Thryptomene","Chamelaucieae","Thryptomeninae","dry",1,2,"",1.4,1.4,NA,NA,"insects","biotic","6–7 mm",NA,NA,NA,"1.5(–2) mm","Myrtaceae","Thryptomene","australis","Thryptomene"
"Fabian Michelangeli","Melastomataceae","Tibouchina","aspera","Melastomataceae_Tibouchina","Melastomatoideae","Melastomateae","dry",100,100,"100",0.6,0.9,NA,NA,"insects","biotic","9; 15",NA,NA,NA,"7; 8","Melastomataceae","Tibouchina","aspera","Tibouchina"
"Fabian Michelangeli","Melastomataceae","Tibouchinopsis","mirabilis","Melastomataceae_Tibouchinopsis","Melastomatoideae","Melastomateae","dry",100,100,"100",0.8,0.8,0.8,0.8,"insects","biotic","17",NA,NA,NA,"5","Melastomataceae","Tibouchinopsis","mirabilis","Tibouchinopsis"
"Darin Penneys","Melastomataceae","Tigridiopalma","magnifica","Melastomataceae_Tigridiopalma","Melastomatoideae","Sonerileae","dry",100,100,"100",NA,NA,NA,NA,"insects","biotic","22; 22; 22",NA,NA,NA,"","Melastomataceae","Tigridiopalma","magnifica","Tigridiopalma"
"Fabian Michelangeli","Melastomataceae","Tococa","guianensis","Melastomataceae_Tococa","Melastomatoideae","Miconieae","fleshy",100,100,"100",0.6,1.2,NA,NA,"insects","biotic","6.5; 15; 11",NA,NA,NA,"5; 7.5","Melastomataceae","Tococa","guianensis","Tococa"
"Shirley Graham","Lythraceae","Trapa","natans","Lythraceae_Trapa","","","fleshy",1,1,"1",10,20,10,20,"insects","biotic","3.5 cm",NA,NA,NA,"2.5-3.5 cm","Lythraceae","Trapa","natans","Trapa"
"Fabian Michelangeli","Melastomataceae","Trembleya","parviflora","Melastomataceae_Trembleya","Melastomatoideae","Microlicieae","dry",100,100,"100",0.7,0.8,NA,NA,"insects","biotic","5; 7",NA,NA,NA,"2.5","Melastomataceae","Trembleya","parviflora","Trembleya"
"Fabian Michelangeli","Melastomataceae","Triolena","amazonica","Melastomataceae_Triolena","Melastomatoideae","Trioleneae","dry",100,100,"100",0.45,0.6,NA,NA,"insects","biotic","6; 7",NA,NA,NA,"4; 5","Melastomataceae","Triolena","amazonica","Triolena"
"Peter Wilson","Myrtaceae","Triplarina","paludosa","Myrtaceae_Triplarina","Chamelaucieae","Rinziinae","dry",6,9,"",0.5,0.8,NA,NA,"insects","biotic","4.5–5 mm",NA,NA,NA,"1.3–1.4 mm","Myrtaceae","Triplarina","paludosa","Triplarina"
"Peter Wilson","Myrtaceae","Tristaniopsis","whiteana","Myrtaceae_Tristaniopsis","Kanieae","","dry",4,12,"",2,5,NA,NA,NA,NA,"1–3 mm",NA,NA,NA,"1–2 mm","Myrtaceae","Tristaniopsis","whiteana","Tristaniopsis"
"Darin Penneys","Melastomataceae","Tristemma","mauritianum","Melastomataceae_Tristemma","Melastomatoideae","Melastomeae-OW","fleshy",100,100,"100",0.2,0.6,NA,NA,"insects","biotic","5; 33; 20",NA,NA,NA,"","Melastomataceae","Tristemma","mauritianum","Tristemma"
"Fabian Michelangeli","Melastomataceae","Tryssophyton","merumense","Melastomataceae_Tryssophyton","Melastomatoideae","Sonerileae","dry",50,50,"50",0.5,0.6,NA,NA,"insects","biotic","11; 13",NA,NA,NA,"2; 2.5","Melastomataceae","Tryssophyton","merumense","Tryssophyton"
NA,NA,NA,NA,"Myrtaceae_Ugni",NA,NA,NA,NA,NA,NA,NA,NA,NA,NA,NA,NA,NA,NA,NA,NA,NA,"Myrtaceae","Ugni","myricoides","Ugni"
NA,NA,NA,NA,"Myrtaceae_Uromyrtus",NA,NA,NA,NA,NA,NA,NA,NA,NA,NA,NA,NA,NA,NA,NA,NA,NA,"Myrtaceae","Uromyrtus","","Uromyrtus"
"Peter Wilson","Myrtaceae","Verticordia","huegelii","Myrtaceae_Verticordia","Chamelaucieae","Chamelauciinae","dry",1,1,"",1,1,NA,NA,NA,NA,"3–4 mm",NA,NA,NA,"2–4 mm","Myrtaceae","Verticordia","huegelii","Verticordia"
"Gustavo Shimizu & Deise Gonçalves","Vochysiaceae","Vochysia","guianensis","Vochysiaceae_Vochysia","","","Dry",3,3,"3",15,35,5,12,"insects","biotic","0.4-3.5 cm long",4,35,19.5,"not measured","Vochysiaceae","Vochysia","guianensis","Vochysia"
"Fabian Michelangeli","Melastomataceae","Votomita","guianensis","Melastomataceae_Votomita","Olisbeoideae","Olisbeoideae-NW","fleshy",1,1,"1",6.5,6.5,6.5,6.5,"insects","biotic","5; 6.5",NA,NA,NA,"3; 4","Melastomataceae","Votomita","guianensis","Votomita"
"Fabian Michelangeli","Melastomataceae","Warneckea","","Melastomataceae_Warneckea","Olisbeoideae","Olisbeoideae-OW",NA,NA,NA,NA,NA,NA,NA,NA,"insects","biotic","",NA,NA,NA,"","Melastomataceae","Warneckea","","Warneckea"
"Peter Wilson","Myrtaceae","Welchiodendron","longivalve","Myrtaceae_Welchiodendron","Lophostemoneae","","dry",NA,NA,"",6,8,NA,NA,NA,NA,"20–25 mm ",NA,NA,NA,"1–2 mm","Myrtaceae","Welchiodendron","longivalve","Welchiodendron"
"Peter Wilson","Myrtaceae","Whiteodendron","moultonianum","Myrtaceae_Whiteodendron","Lophostemoneae","","dry",1,1,"",12,12,NA,NA,NA,NA,"c. 23–28 mm",NA,NA,NA,"3–4 mm","Myrtaceae","Whiteodendron","moultonianum","Whiteodendron"
"Shirley Graham","Lythraceae","Woodfordia","fruticosa","Lythraceae_Woodfordia","","","dry",50,50,"50",0.7,1,0.2,0.3,"insects, vertebrates","biotic","3-4 mm",NA,NA,NA,"15-17 mm","Lythraceae","Woodfordia","fruticosa","Woodfordia"
"Fabian Michelangeli","Melastomataceae","Wurdastom","hexamera","Melastomataceae_Wurdastom","Melastomatoideae","Cyphostyleae","dry",100,100,"100",0.5,0.6,NA,NA,"insects","biotic","4; 5",NA,NA,NA,"3","Melastomataceae","Wurdastom","hexamera","Wurdastom"
"Peter Wilson","Myrtaceae","Xanthomyrtus","","Myrtaceae_Xanthomyrtus","Tristanieae","","fleshy",NA,NA,"",1,1.5,NA,NA,"insects","biotic","c. 11–13",NA,NA,NA,"2–2.5 mm","Myrtaceae","Xanthomyrtus","","Xanthomyrtus"
NA,NA,NA,NA,"Melastomataceae_Brasilianthus",NA,NA,NA,NA,NA,NA,NA,NA,NA,NA,NA,NA,NA,NA,NA,NA,NA,NA,NA,NA,"Brasilianthus"
NA,NA,NA,NA,"Melastomataceae_Physeterostemon",NA,NA,NA,NA,NA,NA,NA,NA,NA,NA,NA,NA,NA,NA,NA,NA,NA,NA,NA,NA,"Physeterostemon"
NA,NA,NA,NA,"Myrtaceae_Pimenta",NA,NA,NA,NA,NA,NA,NA,NA,NA,NA,NA,NA,NA,NA,NA,NA,NA,NA,NA,NA,"Pimenta"
NA,NA,NA,NA,"Myrtaceae_Xanthostemon",NA,NA,NA,NA,NA,NA,NA,NA,NA,NA,NA,NA,NA,NA,NA,NA,NA,NA,NA,NA,"Xanthostemon"
NA,NA,NA,NA,"Onagraceae_Camissoniopsis",NA,NA,NA,NA,NA,NA,NA,NA,NA,NA,NA,NA,NA,NA,NA,NA,NA,NA,NA,NA,"Camissoniopsis"
NA,NA,NA,NA,"Onagraceae_Taraxia",NA,NA,NA,NA,NA,NA,NA,NA,NA,NA,NA,NA,NA,NA,NA,NA,NA,NA,NA,NA,"Taraxia"
